[2025-01-28 13:44:23] local.ERROR: SQLSTATE[28000]: [Microsoft][ODBC Driver 17 for SQL Server][SQL Server]Login failed for user 'sa'. (Connection: sqlsrv, SQL: select top 1 * from [sessions] where [id] = vi82oXBBZl9e8BulKHHlV5NzWfhUwm0GWo2AVDkJ) {"exception":"[object] (Illuminate\\Database\\QueryException(code: 28000): SQLSTATE[28000]: [Microsoft][ODBC Driver 17 for SQL Server][SQL Server]Login failed for user 'sa'. (Connection: sqlsrv, SQL: select top 1 * from [sessions] where [id] = vi82oXBBZl9e8BulKHHlV5NzWfhUwm0GWo2AVDkJ) at C:\\Users\\Carl\\OneDrive - Polytechnic University of the Philippines\\Documents\\WEB DEV AUTH\\Potatochips\\booking_management\\vendor\\laravel\\framework\\src\\Illuminate\\Database\\Connection.php:795)
[stacktrace]
#0 C:\\Users\\Carl\\OneDrive - Polytechnic University of the Philippines\\Documents\\WEB DEV AUTH\\Potatochips\\booking_management\\vendor\\laravel\\framework\\src\\Illuminate\\Database\\Connection.php(755): Illuminate\\Database\\Connection->runQueryCallback('select top 1 * ...', Array, Object(Closure))
#1 C:\\Users\\Carl\\OneDrive - Polytechnic University of the Philippines\\Documents\\WEB DEV AUTH\\Potatochips\\booking_management\\vendor\\laravel\\framework\\src\\Illuminate\\Database\\Connection.php(407): Illuminate\\Database\\Connection->run('select top 1 * ...', Array, Object(Closure))
#2 C:\\Users\\Carl\\OneDrive - Polytechnic University of the Philippines\\Documents\\WEB DEV AUTH\\Potatochips\\booking_management\\vendor\\laravel\\framework\\src\\Illuminate\\Database\\Query\\Builder.php(2735): Illuminate\\Database\\Connection->select('select top 1 * ...', Array, true)
#3 C:\\Users\\Carl\\OneDrive - Polytechnic University of the Philippines\\Documents\\WEB DEV AUTH\\Potatochips\\booking_management\\vendor\\laravel\\framework\\src\\Illuminate\\Database\\Query\\Builder.php(2724): Illuminate\\Database\\Query\\Builder->runSelect()
#4 C:\\Users\\Carl\\OneDrive - Polytechnic University of the Philippines\\Documents\\WEB DEV AUTH\\Potatochips\\booking_management\\vendor\\laravel\\framework\\src\\Illuminate\\Database\\Query\\Builder.php(3278): Illuminate\\Database\\Query\\Builder->Illuminate\\Database\\Query\\{closure}()
#5 C:\\Users\\Carl\\OneDrive - Polytechnic University of the Philippines\\Documents\\WEB DEV AUTH\\Potatochips\\booking_management\\vendor\\laravel\\framework\\src\\Illuminate\\Database\\Query\\Builder.php(2723): Illuminate\\Database\\Query\\Builder->onceWithColumns(Array, Object(Closure))
#6 C:\\Users\\Carl\\OneDrive - Polytechnic University of the Philippines\\Documents\\WEB DEV AUTH\\Potatochips\\booking_management\\vendor\\laravel\\framework\\src\\Illuminate\\Database\\Concerns\\BuildsQueries.php(296): Illuminate\\Database\\Query\\Builder->get(Array)
#7 C:\\Users\\Carl\\OneDrive - Polytechnic University of the Philippines\\Documents\\WEB DEV AUTH\\Potatochips\\booking_management\\vendor\\laravel\\framework\\src\\Illuminate\\Database\\Query\\Builder.php(2646): Illuminate\\Database\\Query\\Builder->first(Array)
#8 C:\\Users\\Carl\\OneDrive - Polytechnic University of the Philippines\\Documents\\WEB DEV AUTH\\Potatochips\\booking_management\\vendor\\laravel\\framework\\src\\Illuminate\\Session\\DatabaseSessionHandler.php(97): Illuminate\\Database\\Query\\Builder->find('vi82oXBBZl9e8Bu...')
#9 C:\\Users\\Carl\\OneDrive - Polytechnic University of the Philippines\\Documents\\WEB DEV AUTH\\Potatochips\\booking_management\\vendor\\laravel\\framework\\src\\Illuminate\\Session\\Store.php(113): Illuminate\\Session\\DatabaseSessionHandler->read('vi82oXBBZl9e8Bu...')
#10 C:\\Users\\Carl\\OneDrive - Polytechnic University of the Philippines\\Documents\\WEB DEV AUTH\\Potatochips\\booking_management\\vendor\\laravel\\framework\\src\\Illuminate\\Session\\Store.php(101): Illuminate\\Session\\Store->readFromHandler()
#11 C:\\Users\\Carl\\OneDrive - Polytechnic University of the Philippines\\Documents\\WEB DEV AUTH\\Potatochips\\booking_management\\vendor\\laravel\\framework\\src\\Illuminate\\Session\\Store.php(85): Illuminate\\Session\\Store->loadSession()
#12 C:\\Users\\Carl\\OneDrive - Polytechnic University of the Philippines\\Documents\\WEB DEV AUTH\\Potatochips\\booking_management\\vendor\\laravel\\framework\\src\\Illuminate\\Session\\Middleware\\StartSession.php(147): Illuminate\\Session\\Store->start()
#13 C:\\Users\\Carl\\OneDrive - Polytechnic University of the Philippines\\Documents\\WEB DEV AUTH\\Potatochips\\booking_management\\vendor\\laravel\\framework\\src\\Illuminate\\Support\\helpers.php(307): Illuminate\\Session\\Middleware\\StartSession->Illuminate\\Session\\Middleware\\{closure}(Object(Illuminate\\Session\\Store))
#14 C:\\Users\\Carl\\OneDrive - Polytechnic University of the Philippines\\Documents\\WEB DEV AUTH\\Potatochips\\booking_management\\vendor\\laravel\\framework\\src\\Illuminate\\Session\\Middleware\\StartSession.php(144): tap(Object(Illuminate\\Session\\Store), Object(Closure))
#15 C:\\Users\\Carl\\OneDrive - Polytechnic University of the Philippines\\Documents\\WEB DEV AUTH\\Potatochips\\booking_management\\vendor\\laravel\\framework\\src\\Illuminate\\Session\\Middleware\\StartSession.php(116): Illuminate\\Session\\Middleware\\StartSession->startSession(Object(Illuminate\\Http\\Request), Object(Illuminate\\Session\\Store))
#16 C:\\Users\\Carl\\OneDrive - Polytechnic University of the Philippines\\Documents\\WEB DEV AUTH\\Potatochips\\booking_management\\vendor\\laravel\\framework\\src\\Illuminate\\Session\\Middleware\\StartSession.php(64): Illuminate\\Session\\Middleware\\StartSession->handleStatefulRequest(Object(Illuminate\\Http\\Request), Object(Illuminate\\Session\\Store), Object(Closure))
#17 C:\\Users\\Carl\\OneDrive - Polytechnic University of the Philippines\\Documents\\WEB DEV AUTH\\Potatochips\\booking_management\\vendor\\laravel\\framework\\src\\Illuminate\\Pipeline\\Pipeline.php(180): Illuminate\\Session\\Middleware\\StartSession->handle(Object(Illuminate\\Http\\Request), Object(Closure))
#18 C:\\Users\\Carl\\OneDrive - Polytechnic University of the Philippines\\Documents\\WEB DEV AUTH\\Potatochips\\booking_management\\vendor\\laravel\\framework\\src\\Illuminate\\Cookie\\Middleware\\AddQueuedCookiesToResponse.php(37): Illuminate\\Pipeline\\Pipeline->Illuminate\\Pipeline\\{closure}(Object(Illuminate\\Http\\Request))
#19 C:\\Users\\Carl\\OneDrive - Polytechnic University of the Philippines\\Documents\\WEB DEV AUTH\\Potatochips\\booking_management\\vendor\\laravel\\framework\\src\\Illuminate\\Pipeline\\Pipeline.php(180): Illuminate\\Cookie\\Middleware\\AddQueuedCookiesToResponse->handle(Object(Illuminate\\Http\\Request), Object(Closure))
#20 C:\\Users\\Carl\\OneDrive - Polytechnic University of the Philippines\\Documents\\WEB DEV AUTH\\Potatochips\\booking_management\\vendor\\laravel\\framework\\src\\Illuminate\\Cookie\\Middleware\\EncryptCookies.php(67): Illuminate\\Pipeline\\Pipeline->Illuminate\\Pipeline\\{closure}(Object(Illuminate\\Http\\Request))
#21 C:\\Users\\Carl\\OneDrive - Polytechnic University of the Philippines\\Documents\\WEB DEV AUTH\\Potatochips\\booking_management\\vendor\\laravel\\framework\\src\\Illuminate\\Pipeline\\Pipeline.php(180): Illuminate\\Cookie\\Middleware\\EncryptCookies->handle(Object(Illuminate\\Http\\Request), Object(Closure))
#22 C:\\Users\\Carl\\OneDrive - Polytechnic University of the Philippines\\Documents\\WEB DEV AUTH\\Potatochips\\booking_management\\vendor\\laravel\\framework\\src\\Illuminate\\Pipeline\\Pipeline.php(116): Illuminate\\Pipeline\\Pipeline->Illuminate\\Pipeline\\{closure}(Object(Illuminate\\Http\\Request))
#23 C:\\Users\\Carl\\OneDrive - Polytechnic University of the Philippines\\Documents\\WEB DEV AUTH\\Potatochips\\booking_management\\vendor\\laravel\\framework\\src\\Illuminate\\Routing\\Router.php(798): Illuminate\\Pipeline\\Pipeline->then(Object(Closure))
#24 C:\\Users\\Carl\\OneDrive - Polytechnic University of the Philippines\\Documents\\WEB DEV AUTH\\Potatochips\\booking_management\\vendor\\laravel\\framework\\src\\Illuminate\\Routing\\Router.php(777): Illuminate\\Routing\\Router->runRouteWithinStack(Object(Illuminate\\Routing\\Route), Object(Illuminate\\Http\\Request))
#25 C:\\Users\\Carl\\OneDrive - Polytechnic University of the Philippines\\Documents\\WEB DEV AUTH\\Potatochips\\booking_management\\vendor\\laravel\\framework\\src\\Illuminate\\Routing\\Router.php(741): Illuminate\\Routing\\Router->runRoute(Object(Illuminate\\Http\\Request), Object(Illuminate\\Routing\\Route))
#26 C:\\Users\\Carl\\OneDrive - Polytechnic University of the Philippines\\Documents\\WEB DEV AUTH\\Potatochips\\booking_management\\vendor\\laravel\\framework\\src\\Illuminate\\Routing\\Router.php(730): Illuminate\\Routing\\Router->dispatchToRoute(Object(Illuminate\\Http\\Request))
#27 C:\\Users\\Carl\\OneDrive - Polytechnic University of the Philippines\\Documents\\WEB DEV AUTH\\Potatochips\\booking_management\\vendor\\laravel\\framework\\src\\Illuminate\\Foundation\\Http\\Kernel.php(200): Illuminate\\Routing\\Router->dispatch(Object(Illuminate\\Http\\Request))
#28 C:\\Users\\Carl\\OneDrive - Polytechnic University of the Philippines\\Documents\\WEB DEV AUTH\\Potatochips\\booking_management\\vendor\\laravel\\framework\\src\\Illuminate\\Pipeline\\Pipeline.php(141): Illuminate\\Foundation\\Http\\Kernel->Illuminate\\Foundation\\Http\\{closure}(Object(Illuminate\\Http\\Request))
#29 C:\\Users\\Carl\\OneDrive - Polytechnic University of the Philippines\\Documents\\WEB DEV AUTH\\Potatochips\\booking_management\\vendor\\laravel\\framework\\src\\Illuminate\\Foundation\\Http\\Middleware\\TransformsRequest.php(21): Illuminate\\Pipeline\\Pipeline->Illuminate\\Pipeline\\{closure}(Object(Illuminate\\Http\\Request))
#30 C:\\Users\\Carl\\OneDrive - Polytechnic University of the Philippines\\Documents\\WEB DEV AUTH\\Potatochips\\booking_management\\vendor\\laravel\\framework\\src\\Illuminate\\Foundation\\Http\\Middleware\\ConvertEmptyStringsToNull.php(31): Illuminate\\Foundation\\Http\\Middleware\\TransformsRequest->handle(Object(Illuminate\\Http\\Request), Object(Closure))
#31 C:\\Users\\Carl\\OneDrive - Polytechnic University of the Philippines\\Documents\\WEB DEV AUTH\\Potatochips\\booking_management\\vendor\\laravel\\framework\\src\\Illuminate\\Pipeline\\Pipeline.php(180): Illuminate\\Foundation\\Http\\Middleware\\ConvertEmptyStringsToNull->handle(Object(Illuminate\\Http\\Request), Object(Closure))
#32 C:\\Users\\Carl\\OneDrive - Polytechnic University of the Philippines\\Documents\\WEB DEV AUTH\\Potatochips\\booking_management\\vendor\\laravel\\framework\\src\\Illuminate\\Foundation\\Http\\Middleware\\TransformsRequest.php(21): Illuminate\\Pipeline\\Pipeline->Illuminate\\Pipeline\\{closure}(Object(Illuminate\\Http\\Request))
#33 C:\\Users\\Carl\\OneDrive - Polytechnic University of the Philippines\\Documents\\WEB DEV AUTH\\Potatochips\\booking_management\\vendor\\laravel\\framework\\src\\Illuminate\\Foundation\\Http\\Middleware\\TrimStrings.php(40): Illuminate\\Foundation\\Http\\Middleware\\TransformsRequest->handle(Object(Illuminate\\Http\\Request), Object(Closure))
#34 C:\\Users\\Carl\\OneDrive - Polytechnic University of the Philippines\\Documents\\WEB DEV AUTH\\Potatochips\\booking_management\\vendor\\laravel\\framework\\src\\Illuminate\\Pipeline\\Pipeline.php(180): Illuminate\\Foundation\\Http\\Middleware\\TrimStrings->handle(Object(Illuminate\\Http\\Request), Object(Closure))
#35 C:\\Users\\Carl\\OneDrive - Polytechnic University of the Philippines\\Documents\\WEB DEV AUTH\\Potatochips\\booking_management\\vendor\\laravel\\framework\\src\\Illuminate\\Foundation\\Http\\Middleware\\ValidatePostSize.php(27): Illuminate\\Pipeline\\Pipeline->Illuminate\\Pipeline\\{closure}(Object(Illuminate\\Http\\Request))
#36 C:\\Users\\Carl\\OneDrive - Polytechnic University of the Philippines\\Documents\\WEB DEV AUTH\\Potatochips\\booking_management\\vendor\\laravel\\framework\\src\\Illuminate\\Pipeline\\Pipeline.php(180): Illuminate\\Foundation\\Http\\Middleware\\ValidatePostSize->handle(Object(Illuminate\\Http\\Request), Object(Closure))
#37 C:\\Users\\Carl\\OneDrive - Polytechnic University of the Philippines\\Documents\\WEB DEV AUTH\\Potatochips\\booking_management\\vendor\\laravel\\framework\\src\\Illuminate\\Foundation\\Http\\Middleware\\PreventRequestsDuringMaintenance.php(86): Illuminate\\Pipeline\\Pipeline->Illuminate\\Pipeline\\{closure}(Object(Illuminate\\Http\\Request))
#38 C:\\Users\\Carl\\OneDrive - Polytechnic University of the Philippines\\Documents\\WEB DEV AUTH\\Potatochips\\booking_management\\vendor\\laravel\\framework\\src\\Illuminate\\Pipeline\\Pipeline.php(180): Illuminate\\Foundation\\Http\\Middleware\\PreventRequestsDuringMaintenance->handle(Object(Illuminate\\Http\\Request), Object(Closure))
#39 C:\\Users\\Carl\\OneDrive - Polytechnic University of the Philippines\\Documents\\WEB DEV AUTH\\Potatochips\\booking_management\\vendor\\laravel\\framework\\src\\Illuminate\\Http\\Middleware\\HandleCors.php(49): Illuminate\\Pipeline\\Pipeline->Illuminate\\Pipeline\\{closure}(Object(Illuminate\\Http\\Request))
#40 C:\\Users\\Carl\\OneDrive - Polytechnic University of the Philippines\\Documents\\WEB DEV AUTH\\Potatochips\\booking_management\\vendor\\laravel\\framework\\src\\Illuminate\\Pipeline\\Pipeline.php(180): Illuminate\\Http\\Middleware\\HandleCors->handle(Object(Illuminate\\Http\\Request), Object(Closure))
#41 C:\\Users\\Carl\\OneDrive - Polytechnic University of the Philippines\\Documents\\WEB DEV AUTH\\Potatochips\\booking_management\\vendor\\laravel\\framework\\src\\Illuminate\\Http\\Middleware\\TrustProxies.php(39): Illuminate\\Pipeline\\Pipeline->Illuminate\\Pipeline\\{closure}(Object(Illuminate\\Http\\Request))
#42 C:\\Users\\Carl\\OneDrive - Polytechnic University of the Philippines\\Documents\\WEB DEV AUTH\\Potatochips\\booking_management\\vendor\\laravel\\framework\\src\\Illuminate\\Pipeline\\Pipeline.php(180): Illuminate\\Http\\Middleware\\TrustProxies->handle(Object(Illuminate\\Http\\Request), Object(Closure))
#43 C:\\Users\\Carl\\OneDrive - Polytechnic University of the Philippines\\Documents\\WEB DEV AUTH\\Potatochips\\booking_management\\vendor\\laravel\\framework\\src\\Illuminate\\Pipeline\\Pipeline.php(116): Illuminate\\Pipeline\\Pipeline->Illuminate\\Pipeline\\{closure}(Object(Illuminate\\Http\\Request))
#44 C:\\Users\\Carl\\OneDrive - Polytechnic University of the Philippines\\Documents\\WEB DEV AUTH\\Potatochips\\booking_management\\vendor\\laravel\\framework\\src\\Illuminate\\Foundation\\Http\\Kernel.php(175): Illuminate\\Pipeline\\Pipeline->then(Object(Closure))
#45 C:\\Users\\Carl\\OneDrive - Polytechnic University of the Philippines\\Documents\\WEB DEV AUTH\\Potatochips\\booking_management\\vendor\\laravel\\framework\\src\\Illuminate\\Foundation\\Http\\Kernel.php(144): Illuminate\\Foundation\\Http\\Kernel->sendRequestThroughRouter(Object(Illuminate\\Http\\Request))
#46 C:\\Users\\Carl\\OneDrive - Polytechnic University of the Philippines\\Documents\\WEB DEV AUTH\\Potatochips\\booking_management\\public\\index.php(51): Illuminate\\Foundation\\Http\\Kernel->handle(Object(Illuminate\\Http\\Request))
#47 C:\\Users\\Carl\\OneDrive - Polytechnic University of the Philippines\\Documents\\WEB DEV AUTH\\Potatochips\\booking_management\\vendor\\laravel\\framework\\src\\Illuminate\\Foundation\\resources\\server.php(16): require_once('C:\\\\Users\\\\Carl\\\\O...')
#48 {main}

[previous exception] [object] (PDOException(code: 28000): SQLSTATE[28000]: [Microsoft][ODBC Driver 17 for SQL Server][SQL Server]Login failed for user 'sa'. at C:\\Users\\Carl\\OneDrive - Polytechnic University of the Philippines\\Documents\\WEB DEV AUTH\\Potatochips\\booking_management\\vendor\\laravel\\framework\\src\\Illuminate\\Database\\Connectors\\Connector.php:65)
[stacktrace]
#0 C:\\Users\\Carl\\OneDrive - Polytechnic University of the Philippines\\Documents\\WEB DEV AUTH\\Potatochips\\booking_management\\vendor\\laravel\\framework\\src\\Illuminate\\Database\\Connectors\\Connector.php(65): PDO->__construct('sqlsrv:Server=1...', 'sa', Object(SensitiveParameterValue), Array)
#1 C:\\Users\\Carl\\OneDrive - Polytechnic University of the Philippines\\Documents\\WEB DEV AUTH\\Potatochips\\booking_management\\vendor\\laravel\\framework\\src\\Illuminate\\Database\\Connectors\\Connector.php(44): Illuminate\\Database\\Connectors\\Connector->createPdoConnection('sqlsrv:Server=1...', 'sa', 'talitasydx23!', Array)
#2 C:\\Users\\Carl\\OneDrive - Polytechnic University of the Philippines\\Documents\\WEB DEV AUTH\\Potatochips\\booking_management\\vendor\\laravel\\framework\\src\\Illuminate\\Database\\Connectors\\SqlServerConnector.php(32): Illuminate\\Database\\Connectors\\Connector->createConnection('sqlsrv:Server=1...', Array, Array)
#3 C:\\Users\\Carl\\OneDrive - Polytechnic University of the Philippines\\Documents\\WEB DEV AUTH\\Potatochips\\booking_management\\vendor\\laravel\\framework\\src\\Illuminate\\Database\\Connectors\\ConnectionFactory.php(184): Illuminate\\Database\\Connectors\\SqlServerConnector->connect(Array)
#4 [internal function]: Illuminate\\Database\\Connectors\\ConnectionFactory->Illuminate\\Database\\Connectors\\{closure}()
#5 C:\\Users\\Carl\\OneDrive - Polytechnic University of the Philippines\\Documents\\WEB DEV AUTH\\Potatochips\\booking_management\\vendor\\laravel\\framework\\src\\Illuminate\\Database\\Connection.php(1275): call_user_func(Object(Closure))
#6 C:\\Users\\Carl\\OneDrive - Polytechnic University of the Philippines\\Documents\\WEB DEV AUTH\\Potatochips\\booking_management\\vendor\\laravel\\framework\\src\\Illuminate\\Database\\Connection.php(1311): Illuminate\\Database\\Connection->getPdo()
#7 C:\\Users\\Carl\\OneDrive - Polytechnic University of the Philippines\\Documents\\WEB DEV AUTH\\Potatochips\\booking_management\\vendor\\laravel\\framework\\src\\Illuminate\\Database\\Connection.php(521): Illuminate\\Database\\Connection->getReadPdo()
#8 C:\\Users\\Carl\\OneDrive - Polytechnic University of the Philippines\\Documents\\WEB DEV AUTH\\Potatochips\\booking_management\\vendor\\laravel\\framework\\src\\Illuminate\\Database\\Connection.php(416): Illuminate\\Database\\Connection->getPdoForSelect(true)
#9 C:\\Users\\Carl\\OneDrive - Polytechnic University of the Philippines\\Documents\\WEB DEV AUTH\\Potatochips\\booking_management\\vendor\\laravel\\framework\\src\\Illuminate\\Database\\Connection.php(788): Illuminate\\Database\\Connection->Illuminate\\Database\\{closure}('select top 1 * ...', Array)
#10 C:\\Users\\Carl\\OneDrive - Polytechnic University of the Philippines\\Documents\\WEB DEV AUTH\\Potatochips\\booking_management\\vendor\\laravel\\framework\\src\\Illuminate\\Database\\Connection.php(755): Illuminate\\Database\\Connection->runQueryCallback('select top 1 * ...', Array, Object(Closure))
#11 C:\\Users\\Carl\\OneDrive - Polytechnic University of the Philippines\\Documents\\WEB DEV AUTH\\Potatochips\\booking_management\\vendor\\laravel\\framework\\src\\Illuminate\\Database\\Connection.php(407): Illuminate\\Database\\Connection->run('select top 1 * ...', Array, Object(Closure))
#12 C:\\Users\\Carl\\OneDrive - Polytechnic University of the Philippines\\Documents\\WEB DEV AUTH\\Potatochips\\booking_management\\vendor\\laravel\\framework\\src\\Illuminate\\Database\\Query\\Builder.php(2735): Illuminate\\Database\\Connection->select('select top 1 * ...', Array, true)
#13 C:\\Users\\Carl\\OneDrive - Polytechnic University of the Philippines\\Documents\\WEB DEV AUTH\\Potatochips\\booking_management\\vendor\\laravel\\framework\\src\\Illuminate\\Database\\Query\\Builder.php(2724): Illuminate\\Database\\Query\\Builder->runSelect()
#14 C:\\Users\\Carl\\OneDrive - Polytechnic University of the Philippines\\Documents\\WEB DEV AUTH\\Potatochips\\booking_management\\vendor\\laravel\\framework\\src\\Illuminate\\Database\\Query\\Builder.php(3278): Illuminate\\Database\\Query\\Builder->Illuminate\\Database\\Query\\{closure}()
#15 C:\\Users\\Carl\\OneDrive - Polytechnic University of the Philippines\\Documents\\WEB DEV AUTH\\Potatochips\\booking_management\\vendor\\laravel\\framework\\src\\Illuminate\\Database\\Query\\Builder.php(2723): Illuminate\\Database\\Query\\Builder->onceWithColumns(Array, Object(Closure))
#16 C:\\Users\\Carl\\OneDrive - Polytechnic University of the Philippines\\Documents\\WEB DEV AUTH\\Potatochips\\booking_management\\vendor\\laravel\\framework\\src\\Illuminate\\Database\\Concerns\\BuildsQueries.php(296): Illuminate\\Database\\Query\\Builder->get(Array)
#17 C:\\Users\\Carl\\OneDrive - Polytechnic University of the Philippines\\Documents\\WEB DEV AUTH\\Potatochips\\booking_management\\vendor\\laravel\\framework\\src\\Illuminate\\Database\\Query\\Builder.php(2646): Illuminate\\Database\\Query\\Builder->first(Array)
#18 C:\\Users\\Carl\\OneDrive - Polytechnic University of the Philippines\\Documents\\WEB DEV AUTH\\Potatochips\\booking_management\\vendor\\laravel\\framework\\src\\Illuminate\\Session\\DatabaseSessionHandler.php(97): Illuminate\\Database\\Query\\Builder->find('vi82oXBBZl9e8Bu...')
#19 C:\\Users\\Carl\\OneDrive - Polytechnic University of the Philippines\\Documents\\WEB DEV AUTH\\Potatochips\\booking_management\\vendor\\laravel\\framework\\src\\Illuminate\\Session\\Store.php(113): Illuminate\\Session\\DatabaseSessionHandler->read('vi82oXBBZl9e8Bu...')
#20 C:\\Users\\Carl\\OneDrive - Polytechnic University of the Philippines\\Documents\\WEB DEV AUTH\\Potatochips\\booking_management\\vendor\\laravel\\framework\\src\\Illuminate\\Session\\Store.php(101): Illuminate\\Session\\Store->readFromHandler()
#21 C:\\Users\\Carl\\OneDrive - Polytechnic University of the Philippines\\Documents\\WEB DEV AUTH\\Potatochips\\booking_management\\vendor\\laravel\\framework\\src\\Illuminate\\Session\\Store.php(85): Illuminate\\Session\\Store->loadSession()
#22 C:\\Users\\Carl\\OneDrive - Polytechnic University of the Philippines\\Documents\\WEB DEV AUTH\\Potatochips\\booking_management\\vendor\\laravel\\framework\\src\\Illuminate\\Session\\Middleware\\StartSession.php(147): Illuminate\\Session\\Store->start()
#23 C:\\Users\\Carl\\OneDrive - Polytechnic University of the Philippines\\Documents\\WEB DEV AUTH\\Potatochips\\booking_management\\vendor\\laravel\\framework\\src\\Illuminate\\Support\\helpers.php(307): Illuminate\\Session\\Middleware\\StartSession->Illuminate\\Session\\Middleware\\{closure}(Object(Illuminate\\Session\\Store))
#24 C:\\Users\\Carl\\OneDrive - Polytechnic University of the Philippines\\Documents\\WEB DEV AUTH\\Potatochips\\booking_management\\vendor\\laravel\\framework\\src\\Illuminate\\Session\\Middleware\\StartSession.php(144): tap(Object(Illuminate\\Session\\Store), Object(Closure))
#25 C:\\Users\\Carl\\OneDrive - Polytechnic University of the Philippines\\Documents\\WEB DEV AUTH\\Potatochips\\booking_management\\vendor\\laravel\\framework\\src\\Illuminate\\Session\\Middleware\\StartSession.php(116): Illuminate\\Session\\Middleware\\StartSession->startSession(Object(Illuminate\\Http\\Request), Object(Illuminate\\Session\\Store))
#26 C:\\Users\\Carl\\OneDrive - Polytechnic University of the Philippines\\Documents\\WEB DEV AUTH\\Potatochips\\booking_management\\vendor\\laravel\\framework\\src\\Illuminate\\Session\\Middleware\\StartSession.php(64): Illuminate\\Session\\Middleware\\StartSession->handleStatefulRequest(Object(Illuminate\\Http\\Request), Object(Illuminate\\Session\\Store), Object(Closure))
#27 C:\\Users\\Carl\\OneDrive - Polytechnic University of the Philippines\\Documents\\WEB DEV AUTH\\Potatochips\\booking_management\\vendor\\laravel\\framework\\src\\Illuminate\\Pipeline\\Pipeline.php(180): Illuminate\\Session\\Middleware\\StartSession->handle(Object(Illuminate\\Http\\Request), Object(Closure))
#28 C:\\Users\\Carl\\OneDrive - Polytechnic University of the Philippines\\Documents\\WEB DEV AUTH\\Potatochips\\booking_management\\vendor\\laravel\\framework\\src\\Illuminate\\Cookie\\Middleware\\AddQueuedCookiesToResponse.php(37): Illuminate\\Pipeline\\Pipeline->Illuminate\\Pipeline\\{closure}(Object(Illuminate\\Http\\Request))
#29 C:\\Users\\Carl\\OneDrive - Polytechnic University of the Philippines\\Documents\\WEB DEV AUTH\\Potatochips\\booking_management\\vendor\\laravel\\framework\\src\\Illuminate\\Pipeline\\Pipeline.php(180): Illuminate\\Cookie\\Middleware\\AddQueuedCookiesToResponse->handle(Object(Illuminate\\Http\\Request), Object(Closure))
#30 C:\\Users\\Carl\\OneDrive - Polytechnic University of the Philippines\\Documents\\WEB DEV AUTH\\Potatochips\\booking_management\\vendor\\laravel\\framework\\src\\Illuminate\\Cookie\\Middleware\\EncryptCookies.php(67): Illuminate\\Pipeline\\Pipeline->Illuminate\\Pipeline\\{closure}(Object(Illuminate\\Http\\Request))
#31 C:\\Users\\Carl\\OneDrive - Polytechnic University of the Philippines\\Documents\\WEB DEV AUTH\\Potatochips\\booking_management\\vendor\\laravel\\framework\\src\\Illuminate\\Pipeline\\Pipeline.php(180): Illuminate\\Cookie\\Middleware\\EncryptCookies->handle(Object(Illuminate\\Http\\Request), Object(Closure))
#32 C:\\Users\\Carl\\OneDrive - Polytechnic University of the Philippines\\Documents\\WEB DEV AUTH\\Potatochips\\booking_management\\vendor\\laravel\\framework\\src\\Illuminate\\Pipeline\\Pipeline.php(116): Illuminate\\Pipeline\\Pipeline->Illuminate\\Pipeline\\{closure}(Object(Illuminate\\Http\\Request))
#33 C:\\Users\\Carl\\OneDrive - Polytechnic University of the Philippines\\Documents\\WEB DEV AUTH\\Potatochips\\booking_management\\vendor\\laravel\\framework\\src\\Illuminate\\Routing\\Router.php(798): Illuminate\\Pipeline\\Pipeline->then(Object(Closure))
#34 C:\\Users\\Carl\\OneDrive - Polytechnic University of the Philippines\\Documents\\WEB DEV AUTH\\Potatochips\\booking_management\\vendor\\laravel\\framework\\src\\Illuminate\\Routing\\Router.php(777): Illuminate\\Routing\\Router->runRouteWithinStack(Object(Illuminate\\Routing\\Route), Object(Illuminate\\Http\\Request))
#35 C:\\Users\\Carl\\OneDrive - Polytechnic University of the Philippines\\Documents\\WEB DEV AUTH\\Potatochips\\booking_management\\vendor\\laravel\\framework\\src\\Illuminate\\Routing\\Router.php(741): Illuminate\\Routing\\Router->runRoute(Object(Illuminate\\Http\\Request), Object(Illuminate\\Routing\\Route))
#36 C:\\Users\\Carl\\OneDrive - Polytechnic University of the Philippines\\Documents\\WEB DEV AUTH\\Potatochips\\booking_management\\vendor\\laravel\\framework\\src\\Illuminate\\Routing\\Router.php(730): Illuminate\\Routing\\Router->dispatchToRoute(Object(Illuminate\\Http\\Request))
#37 C:\\Users\\Carl\\OneDrive - Polytechnic University of the Philippines\\Documents\\WEB DEV AUTH\\Potatochips\\booking_management\\vendor\\laravel\\framework\\src\\Illuminate\\Foundation\\Http\\Kernel.php(200): Illuminate\\Routing\\Router->dispatch(Object(Illuminate\\Http\\Request))
#38 C:\\Users\\Carl\\OneDrive - Polytechnic University of the Philippines\\Documents\\WEB DEV AUTH\\Potatochips\\booking_management\\vendor\\laravel\\framework\\src\\Illuminate\\Pipeline\\Pipeline.php(141): Illuminate\\Foundation\\Http\\Kernel->Illuminate\\Foundation\\Http\\{closure}(Object(Illuminate\\Http\\Request))
#39 C:\\Users\\Carl\\OneDrive - Polytechnic University of the Philippines\\Documents\\WEB DEV AUTH\\Potatochips\\booking_management\\vendor\\laravel\\framework\\src\\Illuminate\\Foundation\\Http\\Middleware\\TransformsRequest.php(21): Illuminate\\Pipeline\\Pipeline->Illuminate\\Pipeline\\{closure}(Object(Illuminate\\Http\\Request))
#40 C:\\Users\\Carl\\OneDrive - Polytechnic University of the Philippines\\Documents\\WEB DEV AUTH\\Potatochips\\booking_management\\vendor\\laravel\\framework\\src\\Illuminate\\Foundation\\Http\\Middleware\\ConvertEmptyStringsToNull.php(31): Illuminate\\Foundation\\Http\\Middleware\\TransformsRequest->handle(Object(Illuminate\\Http\\Request), Object(Closure))
#41 C:\\Users\\Carl\\OneDrive - Polytechnic University of the Philippines\\Documents\\WEB DEV AUTH\\Potatochips\\booking_management\\vendor\\laravel\\framework\\src\\Illuminate\\Pipeline\\Pipeline.php(180): Illuminate\\Foundation\\Http\\Middleware\\ConvertEmptyStringsToNull->handle(Object(Illuminate\\Http\\Request), Object(Closure))
#42 C:\\Users\\Carl\\OneDrive - Polytechnic University of the Philippines\\Documents\\WEB DEV AUTH\\Potatochips\\booking_management\\vendor\\laravel\\framework\\src\\Illuminate\\Foundation\\Http\\Middleware\\TransformsRequest.php(21): Illuminate\\Pipeline\\Pipeline->Illuminate\\Pipeline\\{closure}(Object(Illuminate\\Http\\Request))
#43 C:\\Users\\Carl\\OneDrive - Polytechnic University of the Philippines\\Documents\\WEB DEV AUTH\\Potatochips\\booking_management\\vendor\\laravel\\framework\\src\\Illuminate\\Foundation\\Http\\Middleware\\TrimStrings.php(40): Illuminate\\Foundation\\Http\\Middleware\\TransformsRequest->handle(Object(Illuminate\\Http\\Request), Object(Closure))
#44 C:\\Users\\Carl\\OneDrive - Polytechnic University of the Philippines\\Documents\\WEB DEV AUTH\\Potatochips\\booking_management\\vendor\\laravel\\framework\\src\\Illuminate\\Pipeline\\Pipeline.php(180): Illuminate\\Foundation\\Http\\Middleware\\TrimStrings->handle(Object(Illuminate\\Http\\Request), Object(Closure))
#45 C:\\Users\\Carl\\OneDrive - Polytechnic University of the Philippines\\Documents\\WEB DEV AUTH\\Potatochips\\booking_management\\vendor\\laravel\\framework\\src\\Illuminate\\Foundation\\Http\\Middleware\\ValidatePostSize.php(27): Illuminate\\Pipeline\\Pipeline->Illuminate\\Pipeline\\{closure}(Object(Illuminate\\Http\\Request))
#46 C:\\Users\\Carl\\OneDrive - Polytechnic University of the Philippines\\Documents\\WEB DEV AUTH\\Potatochips\\booking_management\\vendor\\laravel\\framework\\src\\Illuminate\\Pipeline\\Pipeline.php(180): Illuminate\\Foundation\\Http\\Middleware\\ValidatePostSize->handle(Object(Illuminate\\Http\\Request), Object(Closure))
#47 C:\\Users\\Carl\\OneDrive - Polytechnic University of the Philippines\\Documents\\WEB DEV AUTH\\Potatochips\\booking_management\\vendor\\laravel\\framework\\src\\Illuminate\\Foundation\\Http\\Middleware\\PreventRequestsDuringMaintenance.php(86): Illuminate\\Pipeline\\Pipeline->Illuminate\\Pipeline\\{closure}(Object(Illuminate\\Http\\Request))
#48 C:\\Users\\Carl\\OneDrive - Polytechnic University of the Philippines\\Documents\\WEB DEV AUTH\\Potatochips\\booking_management\\vendor\\laravel\\framework\\src\\Illuminate\\Pipeline\\Pipeline.php(180): Illuminate\\Foundation\\Http\\Middleware\\PreventRequestsDuringMaintenance->handle(Object(Illuminate\\Http\\Request), Object(Closure))
#49 C:\\Users\\Carl\\OneDrive - Polytechnic University of the Philippines\\Documents\\WEB DEV AUTH\\Potatochips\\booking_management\\vendor\\laravel\\framework\\src\\Illuminate\\Http\\Middleware\\HandleCors.php(49): Illuminate\\Pipeline\\Pipeline->Illuminate\\Pipeline\\{closure}(Object(Illuminate\\Http\\Request))
#50 C:\\Users\\Carl\\OneDrive - Polytechnic University of the Philippines\\Documents\\WEB DEV AUTH\\Potatochips\\booking_management\\vendor\\laravel\\framework\\src\\Illuminate\\Pipeline\\Pipeline.php(180): Illuminate\\Http\\Middleware\\HandleCors->handle(Object(Illuminate\\Http\\Request), Object(Closure))
#51 C:\\Users\\Carl\\OneDrive - Polytechnic University of the Philippines\\Documents\\WEB DEV AUTH\\Potatochips\\booking_management\\vendor\\laravel\\framework\\src\\Illuminate\\Http\\Middleware\\TrustProxies.php(39): Illuminate\\Pipeline\\Pipeline->Illuminate\\Pipeline\\{closure}(Object(Illuminate\\Http\\Request))
#52 C:\\Users\\Carl\\OneDrive - Polytechnic University of the Philippines\\Documents\\WEB DEV AUTH\\Potatochips\\booking_management\\vendor\\laravel\\framework\\src\\Illuminate\\Pipeline\\Pipeline.php(180): Illuminate\\Http\\Middleware\\TrustProxies->handle(Object(Illuminate\\Http\\Request), Object(Closure))
#53 C:\\Users\\Carl\\OneDrive - Polytechnic University of the Philippines\\Documents\\WEB DEV AUTH\\Potatochips\\booking_management\\vendor\\laravel\\framework\\src\\Illuminate\\Pipeline\\Pipeline.php(116): Illuminate\\Pipeline\\Pipeline->Illuminate\\Pipeline\\{closure}(Object(Illuminate\\Http\\Request))
#54 C:\\Users\\Carl\\OneDrive - Polytechnic University of the Philippines\\Documents\\WEB DEV AUTH\\Potatochips\\booking_management\\vendor\\laravel\\framework\\src\\Illuminate\\Foundation\\Http\\Kernel.php(175): Illuminate\\Pipeline\\Pipeline->then(Object(Closure))
#55 C:\\Users\\Carl\\OneDrive - Polytechnic University of the Philippines\\Documents\\WEB DEV AUTH\\Potatochips\\booking_management\\vendor\\laravel\\framework\\src\\Illuminate\\Foundation\\Http\\Kernel.php(144): Illuminate\\Foundation\\Http\\Kernel->sendRequestThroughRouter(Object(Illuminate\\Http\\Request))
#56 C:\\Users\\Carl\\OneDrive - Polytechnic University of the Philippines\\Documents\\WEB DEV AUTH\\Potatochips\\booking_management\\public\\index.php(51): Illuminate\\Foundation\\Http\\Kernel->handle(Object(Illuminate\\Http\\Request))
#57 C:\\Users\\Carl\\OneDrive - Polytechnic University of the Philippines\\Documents\\WEB DEV AUTH\\Potatochips\\booking_management\\vendor\\laravel\\framework\\src\\Illuminate\\Foundation\\resources\\server.php(16): require_once('C:\\\\Users\\\\Carl\\\\O...')
#58 {main}
"} 
[2025-01-28 13:47:38] local.ERROR: SQLSTATE[42S22]: [Microsoft][ODBC Driver 17 for SQL Server][SQL Server]Invalid column name 'customer_id'. (Connection: sqlsrv, SQL: select top 1 * from [customers] where [customer_id] = 2) {"exception":"[object] (Illuminate\\Database\\QueryException(code: 42S22): SQLSTATE[42S22]: [Microsoft][ODBC Driver 17 for SQL Server][SQL Server]Invalid column name 'customer_id'. (Connection: sqlsrv, SQL: select top 1 * from [customers] where [customer_id] = 2) at C:\\Users\\Carl\\OneDrive - Polytechnic University of the Philippines\\Documents\\WEB DEV AUTH\\Potatochips\\booking_management\\vendor\\laravel\\framework\\src\\Illuminate\\Database\\Connection.php:795)
[stacktrace]
#0 C:\\Users\\Carl\\OneDrive - Polytechnic University of the Philippines\\Documents\\WEB DEV AUTH\\Potatochips\\booking_management\\vendor\\laravel\\framework\\src\\Illuminate\\Database\\Connection.php(755): Illuminate\\Database\\Connection->runQueryCallback('select top 1 * ...', Array, Object(Closure))
#1 C:\\Users\\Carl\\OneDrive - Polytechnic University of the Philippines\\Documents\\WEB DEV AUTH\\Potatochips\\booking_management\\vendor\\laravel\\framework\\src\\Illuminate\\Database\\Connection.php(407): Illuminate\\Database\\Connection->run('select top 1 * ...', Array, Object(Closure))
#2 C:\\Users\\Carl\\OneDrive - Polytechnic University of the Philippines\\Documents\\WEB DEV AUTH\\Potatochips\\booking_management\\vendor\\laravel\\framework\\src\\Illuminate\\Database\\Query\\Builder.php(2735): Illuminate\\Database\\Connection->select('select top 1 * ...', Array, true)
#3 C:\\Users\\Carl\\OneDrive - Polytechnic University of the Philippines\\Documents\\WEB DEV AUTH\\Potatochips\\booking_management\\vendor\\laravel\\framework\\src\\Illuminate\\Database\\Query\\Builder.php(2724): Illuminate\\Database\\Query\\Builder->runSelect()
#4 C:\\Users\\Carl\\OneDrive - Polytechnic University of the Philippines\\Documents\\WEB DEV AUTH\\Potatochips\\booking_management\\vendor\\laravel\\framework\\src\\Illuminate\\Database\\Query\\Builder.php(3278): Illuminate\\Database\\Query\\Builder->Illuminate\\Database\\Query\\{closure}()
#5 C:\\Users\\Carl\\OneDrive - Polytechnic University of the Philippines\\Documents\\WEB DEV AUTH\\Potatochips\\booking_management\\vendor\\laravel\\framework\\src\\Illuminate\\Database\\Query\\Builder.php(2723): Illuminate\\Database\\Query\\Builder->onceWithColumns(Array, Object(Closure))
#6 C:\\Users\\Carl\\OneDrive - Polytechnic University of the Philippines\\Documents\\WEB DEV AUTH\\Potatochips\\booking_management\\vendor\\laravel\\framework\\src\\Illuminate\\Database\\Eloquent\\Builder.php(717): Illuminate\\Database\\Query\\Builder->get(Array)
#7 C:\\Users\\Carl\\OneDrive - Polytechnic University of the Philippines\\Documents\\WEB DEV AUTH\\Potatochips\\booking_management\\vendor\\laravel\\framework\\src\\Illuminate\\Database\\Eloquent\\Builder.php(701): Illuminate\\Database\\Eloquent\\Builder->getModels(Array)
#8 C:\\Users\\Carl\\OneDrive - Polytechnic University of the Philippines\\Documents\\WEB DEV AUTH\\Potatochips\\booking_management\\vendor\\laravel\\framework\\src\\Illuminate\\Database\\Concerns\\BuildsQueries.php(296): Illuminate\\Database\\Eloquent\\Builder->get(Array)
#9 C:\\Users\\Carl\\OneDrive - Polytechnic University of the Philippines\\Documents\\WEB DEV AUTH\\Potatochips\\booking_management\\vendor\\laravel\\framework\\src\\Illuminate\\Auth\\EloquentUserProvider.php(59): Illuminate\\Database\\Eloquent\\Builder->first()
#10 C:\\Users\\Carl\\OneDrive - Polytechnic University of the Philippines\\Documents\\WEB DEV AUTH\\Potatochips\\booking_management\\vendor\\laravel\\framework\\src\\Illuminate\\Auth\\SessionGuard.php(159): Illuminate\\Auth\\EloquentUserProvider->retrieveById(2)
#11 C:\\Users\\Carl\\OneDrive - Polytechnic University of the Philippines\\Documents\\WEB DEV AUTH\\Potatochips\\booking_management\\vendor\\laravel\\framework\\src\\Illuminate\\Auth\\GuardHelpers.php(60): Illuminate\\Auth\\SessionGuard->user()
#12 C:\\Users\\Carl\\OneDrive - Polytechnic University of the Philippines\\Documents\\WEB DEV AUTH\\Potatochips\\booking_management\\vendor\\laravel\\framework\\src\\Illuminate\\Auth\\Middleware\\Authenticate.php(76): Illuminate\\Auth\\SessionGuard->check()
#13 C:\\Users\\Carl\\OneDrive - Polytechnic University of the Philippines\\Documents\\WEB DEV AUTH\\Potatochips\\booking_management\\vendor\\laravel\\framework\\src\\Illuminate\\Auth\\Middleware\\Authenticate.php(55): Illuminate\\Auth\\Middleware\\Authenticate->authenticate(Object(Illuminate\\Http\\Request), Array)
#14 C:\\Users\\Carl\\OneDrive - Polytechnic University of the Philippines\\Documents\\WEB DEV AUTH\\Potatochips\\booking_management\\vendor\\laravel\\framework\\src\\Illuminate\\Pipeline\\Pipeline.php(180): Illuminate\\Auth\\Middleware\\Authenticate->handle(Object(Illuminate\\Http\\Request), Object(Closure), 'customer')
#15 C:\\Users\\Carl\\OneDrive - Polytechnic University of the Philippines\\Documents\\WEB DEV AUTH\\Potatochips\\booking_management\\vendor\\laravel\\framework\\src\\Illuminate\\Foundation\\Http\\Middleware\\VerifyCsrfToken.php(78): Illuminate\\Pipeline\\Pipeline->Illuminate\\Pipeline\\{closure}(Object(Illuminate\\Http\\Request))
#16 C:\\Users\\Carl\\OneDrive - Polytechnic University of the Philippines\\Documents\\WEB DEV AUTH\\Potatochips\\booking_management\\vendor\\laravel\\framework\\src\\Illuminate\\Pipeline\\Pipeline.php(180): Illuminate\\Foundation\\Http\\Middleware\\VerifyCsrfToken->handle(Object(Illuminate\\Http\\Request), Object(Closure))
#17 C:\\Users\\Carl\\OneDrive - Polytechnic University of the Philippines\\Documents\\WEB DEV AUTH\\Potatochips\\booking_management\\vendor\\laravel\\framework\\src\\Illuminate\\View\\Middleware\\ShareErrorsFromSession.php(49): Illuminate\\Pipeline\\Pipeline->Illuminate\\Pipeline\\{closure}(Object(Illuminate\\Http\\Request))
#18 C:\\Users\\Carl\\OneDrive - Polytechnic University of the Philippines\\Documents\\WEB DEV AUTH\\Potatochips\\booking_management\\vendor\\laravel\\framework\\src\\Illuminate\\Pipeline\\Pipeline.php(180): Illuminate\\View\\Middleware\\ShareErrorsFromSession->handle(Object(Illuminate\\Http\\Request), Object(Closure))
#19 C:\\Users\\Carl\\OneDrive - Polytechnic University of the Philippines\\Documents\\WEB DEV AUTH\\Potatochips\\booking_management\\vendor\\laravel\\framework\\src\\Illuminate\\Session\\Middleware\\StartSession.php(121): Illuminate\\Pipeline\\Pipeline->Illuminate\\Pipeline\\{closure}(Object(Illuminate\\Http\\Request))
#20 C:\\Users\\Carl\\OneDrive - Polytechnic University of the Philippines\\Documents\\WEB DEV AUTH\\Potatochips\\booking_management\\vendor\\laravel\\framework\\src\\Illuminate\\Session\\Middleware\\StartSession.php(64): Illuminate\\Session\\Middleware\\StartSession->handleStatefulRequest(Object(Illuminate\\Http\\Request), Object(Illuminate\\Session\\Store), Object(Closure))
#21 C:\\Users\\Carl\\OneDrive - Polytechnic University of the Philippines\\Documents\\WEB DEV AUTH\\Potatochips\\booking_management\\vendor\\laravel\\framework\\src\\Illuminate\\Pipeline\\Pipeline.php(180): Illuminate\\Session\\Middleware\\StartSession->handle(Object(Illuminate\\Http\\Request), Object(Closure))
#22 C:\\Users\\Carl\\OneDrive - Polytechnic University of the Philippines\\Documents\\WEB DEV AUTH\\Potatochips\\booking_management\\vendor\\laravel\\framework\\src\\Illuminate\\Cookie\\Middleware\\AddQueuedCookiesToResponse.php(37): Illuminate\\Pipeline\\Pipeline->Illuminate\\Pipeline\\{closure}(Object(Illuminate\\Http\\Request))
#23 C:\\Users\\Carl\\OneDrive - Polytechnic University of the Philippines\\Documents\\WEB DEV AUTH\\Potatochips\\booking_management\\vendor\\laravel\\framework\\src\\Illuminate\\Pipeline\\Pipeline.php(180): Illuminate\\Cookie\\Middleware\\AddQueuedCookiesToResponse->handle(Object(Illuminate\\Http\\Request), Object(Closure))
#24 C:\\Users\\Carl\\OneDrive - Polytechnic University of the Philippines\\Documents\\WEB DEV AUTH\\Potatochips\\booking_management\\vendor\\laravel\\framework\\src\\Illuminate\\Cookie\\Middleware\\EncryptCookies.php(67): Illuminate\\Pipeline\\Pipeline->Illuminate\\Pipeline\\{closure}(Object(Illuminate\\Http\\Request))
#25 C:\\Users\\Carl\\OneDrive - Polytechnic University of the Philippines\\Documents\\WEB DEV AUTH\\Potatochips\\booking_management\\vendor\\laravel\\framework\\src\\Illuminate\\Pipeline\\Pipeline.php(180): Illuminate\\Cookie\\Middleware\\EncryptCookies->handle(Object(Illuminate\\Http\\Request), Object(Closure))
#26 C:\\Users\\Carl\\OneDrive - Polytechnic University of the Philippines\\Documents\\WEB DEV AUTH\\Potatochips\\booking_management\\vendor\\laravel\\framework\\src\\Illuminate\\Pipeline\\Pipeline.php(116): Illuminate\\Pipeline\\Pipeline->Illuminate\\Pipeline\\{closure}(Object(Illuminate\\Http\\Request))
#27 C:\\Users\\Carl\\OneDrive - Polytechnic University of the Philippines\\Documents\\WEB DEV AUTH\\Potatochips\\booking_management\\vendor\\laravel\\framework\\src\\Illuminate\\Routing\\Router.php(798): Illuminate\\Pipeline\\Pipeline->then(Object(Closure))
#28 C:\\Users\\Carl\\OneDrive - Polytechnic University of the Philippines\\Documents\\WEB DEV AUTH\\Potatochips\\booking_management\\vendor\\laravel\\framework\\src\\Illuminate\\Routing\\Router.php(777): Illuminate\\Routing\\Router->runRouteWithinStack(Object(Illuminate\\Routing\\Route), Object(Illuminate\\Http\\Request))
#29 C:\\Users\\Carl\\OneDrive - Polytechnic University of the Philippines\\Documents\\WEB DEV AUTH\\Potatochips\\booking_management\\vendor\\laravel\\framework\\src\\Illuminate\\Routing\\Router.php(741): Illuminate\\Routing\\Router->runRoute(Object(Illuminate\\Http\\Request), Object(Illuminate\\Routing\\Route))
#30 C:\\Users\\Carl\\OneDrive - Polytechnic University of the Philippines\\Documents\\WEB DEV AUTH\\Potatochips\\booking_management\\vendor\\laravel\\framework\\src\\Illuminate\\Routing\\Router.php(730): Illuminate\\Routing\\Router->dispatchToRoute(Object(Illuminate\\Http\\Request))
#31 C:\\Users\\Carl\\OneDrive - Polytechnic University of the Philippines\\Documents\\WEB DEV AUTH\\Potatochips\\booking_management\\vendor\\laravel\\framework\\src\\Illuminate\\Foundation\\Http\\Kernel.php(200): Illuminate\\Routing\\Router->dispatch(Object(Illuminate\\Http\\Request))
#32 C:\\Users\\Carl\\OneDrive - Polytechnic University of the Philippines\\Documents\\WEB DEV AUTH\\Potatochips\\booking_management\\vendor\\laravel\\framework\\src\\Illuminate\\Pipeline\\Pipeline.php(141): Illuminate\\Foundation\\Http\\Kernel->Illuminate\\Foundation\\Http\\{closure}(Object(Illuminate\\Http\\Request))
#33 C:\\Users\\Carl\\OneDrive - Polytechnic University of the Philippines\\Documents\\WEB DEV AUTH\\Potatochips\\booking_management\\vendor\\laravel\\framework\\src\\Illuminate\\Foundation\\Http\\Middleware\\TransformsRequest.php(21): Illuminate\\Pipeline\\Pipeline->Illuminate\\Pipeline\\{closure}(Object(Illuminate\\Http\\Request))
#34 C:\\Users\\Carl\\OneDrive - Polytechnic University of the Philippines\\Documents\\WEB DEV AUTH\\Potatochips\\booking_management\\vendor\\laravel\\framework\\src\\Illuminate\\Foundation\\Http\\Middleware\\ConvertEmptyStringsToNull.php(31): Illuminate\\Foundation\\Http\\Middleware\\TransformsRequest->handle(Object(Illuminate\\Http\\Request), Object(Closure))
#35 C:\\Users\\Carl\\OneDrive - Polytechnic University of the Philippines\\Documents\\WEB DEV AUTH\\Potatochips\\booking_management\\vendor\\laravel\\framework\\src\\Illuminate\\Pipeline\\Pipeline.php(180): Illuminate\\Foundation\\Http\\Middleware\\ConvertEmptyStringsToNull->handle(Object(Illuminate\\Http\\Request), Object(Closure))
#36 C:\\Users\\Carl\\OneDrive - Polytechnic University of the Philippines\\Documents\\WEB DEV AUTH\\Potatochips\\booking_management\\vendor\\laravel\\framework\\src\\Illuminate\\Foundation\\Http\\Middleware\\TransformsRequest.php(21): Illuminate\\Pipeline\\Pipeline->Illuminate\\Pipeline\\{closure}(Object(Illuminate\\Http\\Request))
#37 C:\\Users\\Carl\\OneDrive - Polytechnic University of the Philippines\\Documents\\WEB DEV AUTH\\Potatochips\\booking_management\\vendor\\laravel\\framework\\src\\Illuminate\\Foundation\\Http\\Middleware\\TrimStrings.php(40): Illuminate\\Foundation\\Http\\Middleware\\TransformsRequest->handle(Object(Illuminate\\Http\\Request), Object(Closure))
#38 C:\\Users\\Carl\\OneDrive - Polytechnic University of the Philippines\\Documents\\WEB DEV AUTH\\Potatochips\\booking_management\\vendor\\laravel\\framework\\src\\Illuminate\\Pipeline\\Pipeline.php(180): Illuminate\\Foundation\\Http\\Middleware\\TrimStrings->handle(Object(Illuminate\\Http\\Request), Object(Closure))
#39 C:\\Users\\Carl\\OneDrive - Polytechnic University of the Philippines\\Documents\\WEB DEV AUTH\\Potatochips\\booking_management\\vendor\\laravel\\framework\\src\\Illuminate\\Foundation\\Http\\Middleware\\ValidatePostSize.php(27): Illuminate\\Pipeline\\Pipeline->Illuminate\\Pipeline\\{closure}(Object(Illuminate\\Http\\Request))
#40 C:\\Users\\Carl\\OneDrive - Polytechnic University of the Philippines\\Documents\\WEB DEV AUTH\\Potatochips\\booking_management\\vendor\\laravel\\framework\\src\\Illuminate\\Pipeline\\Pipeline.php(180): Illuminate\\Foundation\\Http\\Middleware\\ValidatePostSize->handle(Object(Illuminate\\Http\\Request), Object(Closure))
#41 C:\\Users\\Carl\\OneDrive - Polytechnic University of the Philippines\\Documents\\WEB DEV AUTH\\Potatochips\\booking_management\\vendor\\laravel\\framework\\src\\Illuminate\\Foundation\\Http\\Middleware\\PreventRequestsDuringMaintenance.php(86): Illuminate\\Pipeline\\Pipeline->Illuminate\\Pipeline\\{closure}(Object(Illuminate\\Http\\Request))
#42 C:\\Users\\Carl\\OneDrive - Polytechnic University of the Philippines\\Documents\\WEB DEV AUTH\\Potatochips\\booking_management\\vendor\\laravel\\framework\\src\\Illuminate\\Pipeline\\Pipeline.php(180): Illuminate\\Foundation\\Http\\Middleware\\PreventRequestsDuringMaintenance->handle(Object(Illuminate\\Http\\Request), Object(Closure))
#43 C:\\Users\\Carl\\OneDrive - Polytechnic University of the Philippines\\Documents\\WEB DEV AUTH\\Potatochips\\booking_management\\vendor\\laravel\\framework\\src\\Illuminate\\Http\\Middleware\\HandleCors.php(49): Illuminate\\Pipeline\\Pipeline->Illuminate\\Pipeline\\{closure}(Object(Illuminate\\Http\\Request))
#44 C:\\Users\\Carl\\OneDrive - Polytechnic University of the Philippines\\Documents\\WEB DEV AUTH\\Potatochips\\booking_management\\vendor\\laravel\\framework\\src\\Illuminate\\Pipeline\\Pipeline.php(180): Illuminate\\Http\\Middleware\\HandleCors->handle(Object(Illuminate\\Http\\Request), Object(Closure))
#45 C:\\Users\\Carl\\OneDrive - Polytechnic University of the Philippines\\Documents\\WEB DEV AUTH\\Potatochips\\booking_management\\vendor\\laravel\\framework\\src\\Illuminate\\Http\\Middleware\\TrustProxies.php(39): Illuminate\\Pipeline\\Pipeline->Illuminate\\Pipeline\\{closure}(Object(Illuminate\\Http\\Request))
#46 C:\\Users\\Carl\\OneDrive - Polytechnic University of the Philippines\\Documents\\WEB DEV AUTH\\Potatochips\\booking_management\\vendor\\laravel\\framework\\src\\Illuminate\\Pipeline\\Pipeline.php(180): Illuminate\\Http\\Middleware\\TrustProxies->handle(Object(Illuminate\\Http\\Request), Object(Closure))
#47 C:\\Users\\Carl\\OneDrive - Polytechnic University of the Philippines\\Documents\\WEB DEV AUTH\\Potatochips\\booking_management\\vendor\\laravel\\framework\\src\\Illuminate\\Pipeline\\Pipeline.php(116): Illuminate\\Pipeline\\Pipeline->Illuminate\\Pipeline\\{closure}(Object(Illuminate\\Http\\Request))
#48 C:\\Users\\Carl\\OneDrive - Polytechnic University of the Philippines\\Documents\\WEB DEV AUTH\\Potatochips\\booking_management\\vendor\\laravel\\framework\\src\\Illuminate\\Foundation\\Http\\Kernel.php(175): Illuminate\\Pipeline\\Pipeline->then(Object(Closure))
#49 C:\\Users\\Carl\\OneDrive - Polytechnic University of the Philippines\\Documents\\WEB DEV AUTH\\Potatochips\\booking_management\\vendor\\laravel\\framework\\src\\Illuminate\\Foundation\\Http\\Kernel.php(144): Illuminate\\Foundation\\Http\\Kernel->sendRequestThroughRouter(Object(Illuminate\\Http\\Request))
#50 C:\\Users\\Carl\\OneDrive - Polytechnic University of the Philippines\\Documents\\WEB DEV AUTH\\Potatochips\\booking_management\\public\\index.php(51): Illuminate\\Foundation\\Http\\Kernel->handle(Object(Illuminate\\Http\\Request))
#51 C:\\Users\\Carl\\OneDrive - Polytechnic University of the Philippines\\Documents\\WEB DEV AUTH\\Potatochips\\booking_management\\vendor\\laravel\\framework\\src\\Illuminate\\Foundation\\resources\\server.php(16): require_once('C:\\\\Users\\\\Carl\\\\O...')
#52 {main}

[previous exception] [object] (PDOException(code: 42S22): SQLSTATE[42S22]: [Microsoft][ODBC Driver 17 for SQL Server][SQL Server]Invalid column name 'customer_id'. at C:\\Users\\Carl\\OneDrive - Polytechnic University of the Philippines\\Documents\\WEB DEV AUTH\\Potatochips\\booking_management\\vendor\\laravel\\framework\\src\\Illuminate\\Database\\Connection.php:421)
[stacktrace]
#0 C:\\Users\\Carl\\OneDrive - Polytechnic University of the Philippines\\Documents\\WEB DEV AUTH\\Potatochips\\booking_management\\vendor\\laravel\\framework\\src\\Illuminate\\Database\\Connection.php(421): PDOStatement->execute()
#1 C:\\Users\\Carl\\OneDrive - Polytechnic University of the Philippines\\Documents\\WEB DEV AUTH\\Potatochips\\booking_management\\vendor\\laravel\\framework\\src\\Illuminate\\Database\\Connection.php(788): Illuminate\\Database\\Connection->Illuminate\\Database\\{closure}('select top 1 * ...', Array)
#2 C:\\Users\\Carl\\OneDrive - Polytechnic University of the Philippines\\Documents\\WEB DEV AUTH\\Potatochips\\booking_management\\vendor\\laravel\\framework\\src\\Illuminate\\Database\\Connection.php(755): Illuminate\\Database\\Connection->runQueryCallback('select top 1 * ...', Array, Object(Closure))
#3 C:\\Users\\Carl\\OneDrive - Polytechnic University of the Philippines\\Documents\\WEB DEV AUTH\\Potatochips\\booking_management\\vendor\\laravel\\framework\\src\\Illuminate\\Database\\Connection.php(407): Illuminate\\Database\\Connection->run('select top 1 * ...', Array, Object(Closure))
#4 C:\\Users\\Carl\\OneDrive - Polytechnic University of the Philippines\\Documents\\WEB DEV AUTH\\Potatochips\\booking_management\\vendor\\laravel\\framework\\src\\Illuminate\\Database\\Query\\Builder.php(2735): Illuminate\\Database\\Connection->select('select top 1 * ...', Array, true)
#5 C:\\Users\\Carl\\OneDrive - Polytechnic University of the Philippines\\Documents\\WEB DEV AUTH\\Potatochips\\booking_management\\vendor\\laravel\\framework\\src\\Illuminate\\Database\\Query\\Builder.php(2724): Illuminate\\Database\\Query\\Builder->runSelect()
#6 C:\\Users\\Carl\\OneDrive - Polytechnic University of the Philippines\\Documents\\WEB DEV AUTH\\Potatochips\\booking_management\\vendor\\laravel\\framework\\src\\Illuminate\\Database\\Query\\Builder.php(3278): Illuminate\\Database\\Query\\Builder->Illuminate\\Database\\Query\\{closure}()
#7 C:\\Users\\Carl\\OneDrive - Polytechnic University of the Philippines\\Documents\\WEB DEV AUTH\\Potatochips\\booking_management\\vendor\\laravel\\framework\\src\\Illuminate\\Database\\Query\\Builder.php(2723): Illuminate\\Database\\Query\\Builder->onceWithColumns(Array, Object(Closure))
#8 C:\\Users\\Carl\\OneDrive - Polytechnic University of the Philippines\\Documents\\WEB DEV AUTH\\Potatochips\\booking_management\\vendor\\laravel\\framework\\src\\Illuminate\\Database\\Eloquent\\Builder.php(717): Illuminate\\Database\\Query\\Builder->get(Array)
#9 C:\\Users\\Carl\\OneDrive - Polytechnic University of the Philippines\\Documents\\WEB DEV AUTH\\Potatochips\\booking_management\\vendor\\laravel\\framework\\src\\Illuminate\\Database\\Eloquent\\Builder.php(701): Illuminate\\Database\\Eloquent\\Builder->getModels(Array)
#10 C:\\Users\\Carl\\OneDrive - Polytechnic University of the Philippines\\Documents\\WEB DEV AUTH\\Potatochips\\booking_management\\vendor\\laravel\\framework\\src\\Illuminate\\Database\\Concerns\\BuildsQueries.php(296): Illuminate\\Database\\Eloquent\\Builder->get(Array)
#11 C:\\Users\\Carl\\OneDrive - Polytechnic University of the Philippines\\Documents\\WEB DEV AUTH\\Potatochips\\booking_management\\vendor\\laravel\\framework\\src\\Illuminate\\Auth\\EloquentUserProvider.php(59): Illuminate\\Database\\Eloquent\\Builder->first()
#12 C:\\Users\\Carl\\OneDrive - Polytechnic University of the Philippines\\Documents\\WEB DEV AUTH\\Potatochips\\booking_management\\vendor\\laravel\\framework\\src\\Illuminate\\Auth\\SessionGuard.php(159): Illuminate\\Auth\\EloquentUserProvider->retrieveById(2)
#13 C:\\Users\\Carl\\OneDrive - Polytechnic University of the Philippines\\Documents\\WEB DEV AUTH\\Potatochips\\booking_management\\vendor\\laravel\\framework\\src\\Illuminate\\Auth\\GuardHelpers.php(60): Illuminate\\Auth\\SessionGuard->user()
#14 C:\\Users\\Carl\\OneDrive - Polytechnic University of the Philippines\\Documents\\WEB DEV AUTH\\Potatochips\\booking_management\\vendor\\laravel\\framework\\src\\Illuminate\\Auth\\Middleware\\Authenticate.php(76): Illuminate\\Auth\\SessionGuard->check()
#15 C:\\Users\\Carl\\OneDrive - Polytechnic University of the Philippines\\Documents\\WEB DEV AUTH\\Potatochips\\booking_management\\vendor\\laravel\\framework\\src\\Illuminate\\Auth\\Middleware\\Authenticate.php(55): Illuminate\\Auth\\Middleware\\Authenticate->authenticate(Object(Illuminate\\Http\\Request), Array)
#16 C:\\Users\\Carl\\OneDrive - Polytechnic University of the Philippines\\Documents\\WEB DEV AUTH\\Potatochips\\booking_management\\vendor\\laravel\\framework\\src\\Illuminate\\Pipeline\\Pipeline.php(180): Illuminate\\Auth\\Middleware\\Authenticate->handle(Object(Illuminate\\Http\\Request), Object(Closure), 'customer')
#17 C:\\Users\\Carl\\OneDrive - Polytechnic University of the Philippines\\Documents\\WEB DEV AUTH\\Potatochips\\booking_management\\vendor\\laravel\\framework\\src\\Illuminate\\Foundation\\Http\\Middleware\\VerifyCsrfToken.php(78): Illuminate\\Pipeline\\Pipeline->Illuminate\\Pipeline\\{closure}(Object(Illuminate\\Http\\Request))
#18 C:\\Users\\Carl\\OneDrive - Polytechnic University of the Philippines\\Documents\\WEB DEV AUTH\\Potatochips\\booking_management\\vendor\\laravel\\framework\\src\\Illuminate\\Pipeline\\Pipeline.php(180): Illuminate\\Foundation\\Http\\Middleware\\VerifyCsrfToken->handle(Object(Illuminate\\Http\\Request), Object(Closure))
#19 C:\\Users\\Carl\\OneDrive - Polytechnic University of the Philippines\\Documents\\WEB DEV AUTH\\Potatochips\\booking_management\\vendor\\laravel\\framework\\src\\Illuminate\\View\\Middleware\\ShareErrorsFromSession.php(49): Illuminate\\Pipeline\\Pipeline->Illuminate\\Pipeline\\{closure}(Object(Illuminate\\Http\\Request))
#20 C:\\Users\\Carl\\OneDrive - Polytechnic University of the Philippines\\Documents\\WEB DEV AUTH\\Potatochips\\booking_management\\vendor\\laravel\\framework\\src\\Illuminate\\Pipeline\\Pipeline.php(180): Illuminate\\View\\Middleware\\ShareErrorsFromSession->handle(Object(Illuminate\\Http\\Request), Object(Closure))
#21 C:\\Users\\Carl\\OneDrive - Polytechnic University of the Philippines\\Documents\\WEB DEV AUTH\\Potatochips\\booking_management\\vendor\\laravel\\framework\\src\\Illuminate\\Session\\Middleware\\StartSession.php(121): Illuminate\\Pipeline\\Pipeline->Illuminate\\Pipeline\\{closure}(Object(Illuminate\\Http\\Request))
#22 C:\\Users\\Carl\\OneDrive - Polytechnic University of the Philippines\\Documents\\WEB DEV AUTH\\Potatochips\\booking_management\\vendor\\laravel\\framework\\src\\Illuminate\\Session\\Middleware\\StartSession.php(64): Illuminate\\Session\\Middleware\\StartSession->handleStatefulRequest(Object(Illuminate\\Http\\Request), Object(Illuminate\\Session\\Store), Object(Closure))
#23 C:\\Users\\Carl\\OneDrive - Polytechnic University of the Philippines\\Documents\\WEB DEV AUTH\\Potatochips\\booking_management\\vendor\\laravel\\framework\\src\\Illuminate\\Pipeline\\Pipeline.php(180): Illuminate\\Session\\Middleware\\StartSession->handle(Object(Illuminate\\Http\\Request), Object(Closure))
#24 C:\\Users\\Carl\\OneDrive - Polytechnic University of the Philippines\\Documents\\WEB DEV AUTH\\Potatochips\\booking_management\\vendor\\laravel\\framework\\src\\Illuminate\\Cookie\\Middleware\\AddQueuedCookiesToResponse.php(37): Illuminate\\Pipeline\\Pipeline->Illuminate\\Pipeline\\{closure}(Object(Illuminate\\Http\\Request))
#25 C:\\Users\\Carl\\OneDrive - Polytechnic University of the Philippines\\Documents\\WEB DEV AUTH\\Potatochips\\booking_management\\vendor\\laravel\\framework\\src\\Illuminate\\Pipeline\\Pipeline.php(180): Illuminate\\Cookie\\Middleware\\AddQueuedCookiesToResponse->handle(Object(Illuminate\\Http\\Request), Object(Closure))
#26 C:\\Users\\Carl\\OneDrive - Polytechnic University of the Philippines\\Documents\\WEB DEV AUTH\\Potatochips\\booking_management\\vendor\\laravel\\framework\\src\\Illuminate\\Cookie\\Middleware\\EncryptCookies.php(67): Illuminate\\Pipeline\\Pipeline->Illuminate\\Pipeline\\{closure}(Object(Illuminate\\Http\\Request))
#27 C:\\Users\\Carl\\OneDrive - Polytechnic University of the Philippines\\Documents\\WEB DEV AUTH\\Potatochips\\booking_management\\vendor\\laravel\\framework\\src\\Illuminate\\Pipeline\\Pipeline.php(180): Illuminate\\Cookie\\Middleware\\EncryptCookies->handle(Object(Illuminate\\Http\\Request), Object(Closure))
#28 C:\\Users\\Carl\\OneDrive - Polytechnic University of the Philippines\\Documents\\WEB DEV AUTH\\Potatochips\\booking_management\\vendor\\laravel\\framework\\src\\Illuminate\\Pipeline\\Pipeline.php(116): Illuminate\\Pipeline\\Pipeline->Illuminate\\Pipeline\\{closure}(Object(Illuminate\\Http\\Request))
#29 C:\\Users\\Carl\\OneDrive - Polytechnic University of the Philippines\\Documents\\WEB DEV AUTH\\Potatochips\\booking_management\\vendor\\laravel\\framework\\src\\Illuminate\\Routing\\Router.php(798): Illuminate\\Pipeline\\Pipeline->then(Object(Closure))
#30 C:\\Users\\Carl\\OneDrive - Polytechnic University of the Philippines\\Documents\\WEB DEV AUTH\\Potatochips\\booking_management\\vendor\\laravel\\framework\\src\\Illuminate\\Routing\\Router.php(777): Illuminate\\Routing\\Router->runRouteWithinStack(Object(Illuminate\\Routing\\Route), Object(Illuminate\\Http\\Request))
#31 C:\\Users\\Carl\\OneDrive - Polytechnic University of the Philippines\\Documents\\WEB DEV AUTH\\Potatochips\\booking_management\\vendor\\laravel\\framework\\src\\Illuminate\\Routing\\Router.php(741): Illuminate\\Routing\\Router->runRoute(Object(Illuminate\\Http\\Request), Object(Illuminate\\Routing\\Route))
#32 C:\\Users\\Carl\\OneDrive - Polytechnic University of the Philippines\\Documents\\WEB DEV AUTH\\Potatochips\\booking_management\\vendor\\laravel\\framework\\src\\Illuminate\\Routing\\Router.php(730): Illuminate\\Routing\\Router->dispatchToRoute(Object(Illuminate\\Http\\Request))
#33 C:\\Users\\Carl\\OneDrive - Polytechnic University of the Philippines\\Documents\\WEB DEV AUTH\\Potatochips\\booking_management\\vendor\\laravel\\framework\\src\\Illuminate\\Foundation\\Http\\Kernel.php(200): Illuminate\\Routing\\Router->dispatch(Object(Illuminate\\Http\\Request))
#34 C:\\Users\\Carl\\OneDrive - Polytechnic University of the Philippines\\Documents\\WEB DEV AUTH\\Potatochips\\booking_management\\vendor\\laravel\\framework\\src\\Illuminate\\Pipeline\\Pipeline.php(141): Illuminate\\Foundation\\Http\\Kernel->Illuminate\\Foundation\\Http\\{closure}(Object(Illuminate\\Http\\Request))
#35 C:\\Users\\Carl\\OneDrive - Polytechnic University of the Philippines\\Documents\\WEB DEV AUTH\\Potatochips\\booking_management\\vendor\\laravel\\framework\\src\\Illuminate\\Foundation\\Http\\Middleware\\TransformsRequest.php(21): Illuminate\\Pipeline\\Pipeline->Illuminate\\Pipeline\\{closure}(Object(Illuminate\\Http\\Request))
#36 C:\\Users\\Carl\\OneDrive - Polytechnic University of the Philippines\\Documents\\WEB DEV AUTH\\Potatochips\\booking_management\\vendor\\laravel\\framework\\src\\Illuminate\\Foundation\\Http\\Middleware\\ConvertEmptyStringsToNull.php(31): Illuminate\\Foundation\\Http\\Middleware\\TransformsRequest->handle(Object(Illuminate\\Http\\Request), Object(Closure))
#37 C:\\Users\\Carl\\OneDrive - Polytechnic University of the Philippines\\Documents\\WEB DEV AUTH\\Potatochips\\booking_management\\vendor\\laravel\\framework\\src\\Illuminate\\Pipeline\\Pipeline.php(180): Illuminate\\Foundation\\Http\\Middleware\\ConvertEmptyStringsToNull->handle(Object(Illuminate\\Http\\Request), Object(Closure))
#38 C:\\Users\\Carl\\OneDrive - Polytechnic University of the Philippines\\Documents\\WEB DEV AUTH\\Potatochips\\booking_management\\vendor\\laravel\\framework\\src\\Illuminate\\Foundation\\Http\\Middleware\\TransformsRequest.php(21): Illuminate\\Pipeline\\Pipeline->Illuminate\\Pipeline\\{closure}(Object(Illuminate\\Http\\Request))
#39 C:\\Users\\Carl\\OneDrive - Polytechnic University of the Philippines\\Documents\\WEB DEV AUTH\\Potatochips\\booking_management\\vendor\\laravel\\framework\\src\\Illuminate\\Foundation\\Http\\Middleware\\TrimStrings.php(40): Illuminate\\Foundation\\Http\\Middleware\\TransformsRequest->handle(Object(Illuminate\\Http\\Request), Object(Closure))
#40 C:\\Users\\Carl\\OneDrive - Polytechnic University of the Philippines\\Documents\\WEB DEV AUTH\\Potatochips\\booking_management\\vendor\\laravel\\framework\\src\\Illuminate\\Pipeline\\Pipeline.php(180): Illuminate\\Foundation\\Http\\Middleware\\TrimStrings->handle(Object(Illuminate\\Http\\Request), Object(Closure))
#41 C:\\Users\\Carl\\OneDrive - Polytechnic University of the Philippines\\Documents\\WEB DEV AUTH\\Potatochips\\booking_management\\vendor\\laravel\\framework\\src\\Illuminate\\Foundation\\Http\\Middleware\\ValidatePostSize.php(27): Illuminate\\Pipeline\\Pipeline->Illuminate\\Pipeline\\{closure}(Object(Illuminate\\Http\\Request))
#42 C:\\Users\\Carl\\OneDrive - Polytechnic University of the Philippines\\Documents\\WEB DEV AUTH\\Potatochips\\booking_management\\vendor\\laravel\\framework\\src\\Illuminate\\Pipeline\\Pipeline.php(180): Illuminate\\Foundation\\Http\\Middleware\\ValidatePostSize->handle(Object(Illuminate\\Http\\Request), Object(Closure))
#43 C:\\Users\\Carl\\OneDrive - Polytechnic University of the Philippines\\Documents\\WEB DEV AUTH\\Potatochips\\booking_management\\vendor\\laravel\\framework\\src\\Illuminate\\Foundation\\Http\\Middleware\\PreventRequestsDuringMaintenance.php(86): Illuminate\\Pipeline\\Pipeline->Illuminate\\Pipeline\\{closure}(Object(Illuminate\\Http\\Request))
#44 C:\\Users\\Carl\\OneDrive - Polytechnic University of the Philippines\\Documents\\WEB DEV AUTH\\Potatochips\\booking_management\\vendor\\laravel\\framework\\src\\Illuminate\\Pipeline\\Pipeline.php(180): Illuminate\\Foundation\\Http\\Middleware\\PreventRequestsDuringMaintenance->handle(Object(Illuminate\\Http\\Request), Object(Closure))
#45 C:\\Users\\Carl\\OneDrive - Polytechnic University of the Philippines\\Documents\\WEB DEV AUTH\\Potatochips\\booking_management\\vendor\\laravel\\framework\\src\\Illuminate\\Http\\Middleware\\HandleCors.php(49): Illuminate\\Pipeline\\Pipeline->Illuminate\\Pipeline\\{closure}(Object(Illuminate\\Http\\Request))
#46 C:\\Users\\Carl\\OneDrive - Polytechnic University of the Philippines\\Documents\\WEB DEV AUTH\\Potatochips\\booking_management\\vendor\\laravel\\framework\\src\\Illuminate\\Pipeline\\Pipeline.php(180): Illuminate\\Http\\Middleware\\HandleCors->handle(Object(Illuminate\\Http\\Request), Object(Closure))
#47 C:\\Users\\Carl\\OneDrive - Polytechnic University of the Philippines\\Documents\\WEB DEV AUTH\\Potatochips\\booking_management\\vendor\\laravel\\framework\\src\\Illuminate\\Http\\Middleware\\TrustProxies.php(39): Illuminate\\Pipeline\\Pipeline->Illuminate\\Pipeline\\{closure}(Object(Illuminate\\Http\\Request))
#48 C:\\Users\\Carl\\OneDrive - Polytechnic University of the Philippines\\Documents\\WEB DEV AUTH\\Potatochips\\booking_management\\vendor\\laravel\\framework\\src\\Illuminate\\Pipeline\\Pipeline.php(180): Illuminate\\Http\\Middleware\\TrustProxies->handle(Object(Illuminate\\Http\\Request), Object(Closure))
#49 C:\\Users\\Carl\\OneDrive - Polytechnic University of the Philippines\\Documents\\WEB DEV AUTH\\Potatochips\\booking_management\\vendor\\laravel\\framework\\src\\Illuminate\\Pipeline\\Pipeline.php(116): Illuminate\\Pipeline\\Pipeline->Illuminate\\Pipeline\\{closure}(Object(Illuminate\\Http\\Request))
#50 C:\\Users\\Carl\\OneDrive - Polytechnic University of the Philippines\\Documents\\WEB DEV AUTH\\Potatochips\\booking_management\\vendor\\laravel\\framework\\src\\Illuminate\\Foundation\\Http\\Kernel.php(175): Illuminate\\Pipeline\\Pipeline->then(Object(Closure))
#51 C:\\Users\\Carl\\OneDrive - Polytechnic University of the Philippines\\Documents\\WEB DEV AUTH\\Potatochips\\booking_management\\vendor\\laravel\\framework\\src\\Illuminate\\Foundation\\Http\\Kernel.php(144): Illuminate\\Foundation\\Http\\Kernel->sendRequestThroughRouter(Object(Illuminate\\Http\\Request))
#52 C:\\Users\\Carl\\OneDrive - Polytechnic University of the Philippines\\Documents\\WEB DEV AUTH\\Potatochips\\booking_management\\public\\index.php(51): Illuminate\\Foundation\\Http\\Kernel->handle(Object(Illuminate\\Http\\Request))
#53 C:\\Users\\Carl\\OneDrive - Polytechnic University of the Philippines\\Documents\\WEB DEV AUTH\\Potatochips\\booking_management\\vendor\\laravel\\framework\\src\\Illuminate\\Foundation\\resources\\server.php(16): require_once('C:\\\\Users\\\\Carl\\\\O...')
#54 {main}
"} 
[2025-01-28 13:47:39] local.ERROR: SQLSTATE[42S22]: [Microsoft][ODBC Driver 17 for SQL Server][SQL Server]Invalid column name 'customer_id'. (Connection: sqlsrv, SQL: select top 1 * from [customers] where [customer_id] = 2) {"exception":"[object] (Illuminate\\Database\\QueryException(code: 42S22): SQLSTATE[42S22]: [Microsoft][ODBC Driver 17 for SQL Server][SQL Server]Invalid column name 'customer_id'. (Connection: sqlsrv, SQL: select top 1 * from [customers] where [customer_id] = 2) at C:\\Users\\Carl\\OneDrive - Polytechnic University of the Philippines\\Documents\\WEB DEV AUTH\\Potatochips\\booking_management\\vendor\\laravel\\framework\\src\\Illuminate\\Database\\Connection.php:795)
[stacktrace]
#0 C:\\Users\\Carl\\OneDrive - Polytechnic University of the Philippines\\Documents\\WEB DEV AUTH\\Potatochips\\booking_management\\vendor\\laravel\\framework\\src\\Illuminate\\Database\\Connection.php(755): Illuminate\\Database\\Connection->runQueryCallback('select top 1 * ...', Array, Object(Closure))
#1 C:\\Users\\Carl\\OneDrive - Polytechnic University of the Philippines\\Documents\\WEB DEV AUTH\\Potatochips\\booking_management\\vendor\\laravel\\framework\\src\\Illuminate\\Database\\Connection.php(407): Illuminate\\Database\\Connection->run('select top 1 * ...', Array, Object(Closure))
#2 C:\\Users\\Carl\\OneDrive - Polytechnic University of the Philippines\\Documents\\WEB DEV AUTH\\Potatochips\\booking_management\\vendor\\laravel\\framework\\src\\Illuminate\\Database\\Query\\Builder.php(2735): Illuminate\\Database\\Connection->select('select top 1 * ...', Array, true)
#3 C:\\Users\\Carl\\OneDrive - Polytechnic University of the Philippines\\Documents\\WEB DEV AUTH\\Potatochips\\booking_management\\vendor\\laravel\\framework\\src\\Illuminate\\Database\\Query\\Builder.php(2724): Illuminate\\Database\\Query\\Builder->runSelect()
#4 C:\\Users\\Carl\\OneDrive - Polytechnic University of the Philippines\\Documents\\WEB DEV AUTH\\Potatochips\\booking_management\\vendor\\laravel\\framework\\src\\Illuminate\\Database\\Query\\Builder.php(3278): Illuminate\\Database\\Query\\Builder->Illuminate\\Database\\Query\\{closure}()
#5 C:\\Users\\Carl\\OneDrive - Polytechnic University of the Philippines\\Documents\\WEB DEV AUTH\\Potatochips\\booking_management\\vendor\\laravel\\framework\\src\\Illuminate\\Database\\Query\\Builder.php(2723): Illuminate\\Database\\Query\\Builder->onceWithColumns(Array, Object(Closure))
#6 C:\\Users\\Carl\\OneDrive - Polytechnic University of the Philippines\\Documents\\WEB DEV AUTH\\Potatochips\\booking_management\\vendor\\laravel\\framework\\src\\Illuminate\\Database\\Eloquent\\Builder.php(717): Illuminate\\Database\\Query\\Builder->get(Array)
#7 C:\\Users\\Carl\\OneDrive - Polytechnic University of the Philippines\\Documents\\WEB DEV AUTH\\Potatochips\\booking_management\\vendor\\laravel\\framework\\src\\Illuminate\\Database\\Eloquent\\Builder.php(701): Illuminate\\Database\\Eloquent\\Builder->getModels(Array)
#8 C:\\Users\\Carl\\OneDrive - Polytechnic University of the Philippines\\Documents\\WEB DEV AUTH\\Potatochips\\booking_management\\vendor\\laravel\\framework\\src\\Illuminate\\Database\\Concerns\\BuildsQueries.php(296): Illuminate\\Database\\Eloquent\\Builder->get(Array)
#9 C:\\Users\\Carl\\OneDrive - Polytechnic University of the Philippines\\Documents\\WEB DEV AUTH\\Potatochips\\booking_management\\vendor\\laravel\\framework\\src\\Illuminate\\Auth\\EloquentUserProvider.php(59): Illuminate\\Database\\Eloquent\\Builder->first()
#10 C:\\Users\\Carl\\OneDrive - Polytechnic University of the Philippines\\Documents\\WEB DEV AUTH\\Potatochips\\booking_management\\vendor\\laravel\\framework\\src\\Illuminate\\Auth\\SessionGuard.php(159): Illuminate\\Auth\\EloquentUserProvider->retrieveById(2)
#11 C:\\Users\\Carl\\OneDrive - Polytechnic University of the Philippines\\Documents\\WEB DEV AUTH\\Potatochips\\booking_management\\vendor\\laravel\\framework\\src\\Illuminate\\Auth\\SessionGuard.php(230): Illuminate\\Auth\\SessionGuard->user()
#12 C:\\Users\\Carl\\OneDrive - Polytechnic University of the Philippines\\Documents\\WEB DEV AUTH\\Potatochips\\booking_management\\vendor\\laravel\\framework\\src\\Illuminate\\Session\\DatabaseSessionHandler.php(221): Illuminate\\Auth\\SessionGuard->id()
#13 C:\\Users\\Carl\\OneDrive - Polytechnic University of the Philippines\\Documents\\WEB DEV AUTH\\Potatochips\\booking_management\\vendor\\laravel\\framework\\src\\Illuminate\\Session\\DatabaseSessionHandler.php(208): Illuminate\\Session\\DatabaseSessionHandler->userId()
#14 C:\\Users\\Carl\\OneDrive - Polytechnic University of the Philippines\\Documents\\WEB DEV AUTH\\Potatochips\\booking_management\\vendor\\laravel\\framework\\src\\Illuminate\\Session\\DatabaseSessionHandler.php(194): Illuminate\\Session\\DatabaseSessionHandler->addUserInformation(Array)
#15 C:\\Users\\Carl\\OneDrive - Polytechnic University of the Philippines\\Documents\\WEB DEV AUTH\\Potatochips\\booking_management\\vendor\\laravel\\framework\\src\\Illuminate\\Support\\helpers.php(307): Illuminate\\Session\\DatabaseSessionHandler->Illuminate\\Session\\{closure}(Array)
#16 C:\\Users\\Carl\\OneDrive - Polytechnic University of the Philippines\\Documents\\WEB DEV AUTH\\Potatochips\\booking_management\\vendor\\laravel\\framework\\src\\Illuminate\\Session\\DatabaseSessionHandler.php(193): tap(Array, Object(Closure))
#17 C:\\Users\\Carl\\OneDrive - Polytechnic University of the Philippines\\Documents\\WEB DEV AUTH\\Potatochips\\booking_management\\vendor\\laravel\\framework\\src\\Illuminate\\Session\\DatabaseSessionHandler.php(133): Illuminate\\Session\\DatabaseSessionHandler->getDefaultPayload('a:5:{s:6:\"_toke...')
#18 C:\\Users\\Carl\\OneDrive - Polytechnic University of the Philippines\\Documents\\WEB DEV AUTH\\Potatochips\\booking_management\\vendor\\laravel\\framework\\src\\Illuminate\\Session\\Store.php(172): Illuminate\\Session\\DatabaseSessionHandler->write('ct8REp4RqjlnL09...', 'a:5:{s:6:\"_toke...')
#19 C:\\Users\\Carl\\OneDrive - Polytechnic University of the Philippines\\Documents\\WEB DEV AUTH\\Potatochips\\booking_management\\vendor\\laravel\\framework\\src\\Illuminate\\Session\\Middleware\\StartSession.php(238): Illuminate\\Session\\Store->save()
#20 C:\\Users\\Carl\\OneDrive - Polytechnic University of the Philippines\\Documents\\WEB DEV AUTH\\Potatochips\\booking_management\\vendor\\laravel\\framework\\src\\Illuminate\\Session\\Middleware\\StartSession.php(130): Illuminate\\Session\\Middleware\\StartSession->saveSession(Object(Illuminate\\Http\\Request))
#21 C:\\Users\\Carl\\OneDrive - Polytechnic University of the Philippines\\Documents\\WEB DEV AUTH\\Potatochips\\booking_management\\vendor\\laravel\\framework\\src\\Illuminate\\Session\\Middleware\\StartSession.php(64): Illuminate\\Session\\Middleware\\StartSession->handleStatefulRequest(Object(Illuminate\\Http\\Request), Object(Illuminate\\Session\\Store), Object(Closure))
#22 C:\\Users\\Carl\\OneDrive - Polytechnic University of the Philippines\\Documents\\WEB DEV AUTH\\Potatochips\\booking_management\\vendor\\laravel\\framework\\src\\Illuminate\\Pipeline\\Pipeline.php(180): Illuminate\\Session\\Middleware\\StartSession->handle(Object(Illuminate\\Http\\Request), Object(Closure))
#23 C:\\Users\\Carl\\OneDrive - Polytechnic University of the Philippines\\Documents\\WEB DEV AUTH\\Potatochips\\booking_management\\vendor\\laravel\\framework\\src\\Illuminate\\Cookie\\Middleware\\AddQueuedCookiesToResponse.php(37): Illuminate\\Pipeline\\Pipeline->Illuminate\\Pipeline\\{closure}(Object(Illuminate\\Http\\Request))
#24 C:\\Users\\Carl\\OneDrive - Polytechnic University of the Philippines\\Documents\\WEB DEV AUTH\\Potatochips\\booking_management\\vendor\\laravel\\framework\\src\\Illuminate\\Pipeline\\Pipeline.php(180): Illuminate\\Cookie\\Middleware\\AddQueuedCookiesToResponse->handle(Object(Illuminate\\Http\\Request), Object(Closure))
#25 C:\\Users\\Carl\\OneDrive - Polytechnic University of the Philippines\\Documents\\WEB DEV AUTH\\Potatochips\\booking_management\\vendor\\laravel\\framework\\src\\Illuminate\\Cookie\\Middleware\\EncryptCookies.php(67): Illuminate\\Pipeline\\Pipeline->Illuminate\\Pipeline\\{closure}(Object(Illuminate\\Http\\Request))
#26 C:\\Users\\Carl\\OneDrive - Polytechnic University of the Philippines\\Documents\\WEB DEV AUTH\\Potatochips\\booking_management\\vendor\\laravel\\framework\\src\\Illuminate\\Pipeline\\Pipeline.php(180): Illuminate\\Cookie\\Middleware\\EncryptCookies->handle(Object(Illuminate\\Http\\Request), Object(Closure))
#27 C:\\Users\\Carl\\OneDrive - Polytechnic University of the Philippines\\Documents\\WEB DEV AUTH\\Potatochips\\booking_management\\vendor\\laravel\\framework\\src\\Illuminate\\Pipeline\\Pipeline.php(116): Illuminate\\Pipeline\\Pipeline->Illuminate\\Pipeline\\{closure}(Object(Illuminate\\Http\\Request))
#28 C:\\Users\\Carl\\OneDrive - Polytechnic University of the Philippines\\Documents\\WEB DEV AUTH\\Potatochips\\booking_management\\vendor\\laravel\\framework\\src\\Illuminate\\Routing\\Router.php(798): Illuminate\\Pipeline\\Pipeline->then(Object(Closure))
#29 C:\\Users\\Carl\\OneDrive - Polytechnic University of the Philippines\\Documents\\WEB DEV AUTH\\Potatochips\\booking_management\\vendor\\laravel\\framework\\src\\Illuminate\\Routing\\Router.php(777): Illuminate\\Routing\\Router->runRouteWithinStack(Object(Illuminate\\Routing\\Route), Object(Illuminate\\Http\\Request))
#30 C:\\Users\\Carl\\OneDrive - Polytechnic University of the Philippines\\Documents\\WEB DEV AUTH\\Potatochips\\booking_management\\vendor\\laravel\\framework\\src\\Illuminate\\Routing\\Router.php(741): Illuminate\\Routing\\Router->runRoute(Object(Illuminate\\Http\\Request), Object(Illuminate\\Routing\\Route))
#31 C:\\Users\\Carl\\OneDrive - Polytechnic University of the Philippines\\Documents\\WEB DEV AUTH\\Potatochips\\booking_management\\vendor\\laravel\\framework\\src\\Illuminate\\Routing\\Router.php(730): Illuminate\\Routing\\Router->dispatchToRoute(Object(Illuminate\\Http\\Request))
#32 C:\\Users\\Carl\\OneDrive - Polytechnic University of the Philippines\\Documents\\WEB DEV AUTH\\Potatochips\\booking_management\\vendor\\laravel\\framework\\src\\Illuminate\\Foundation\\Http\\Kernel.php(200): Illuminate\\Routing\\Router->dispatch(Object(Illuminate\\Http\\Request))
#33 C:\\Users\\Carl\\OneDrive - Polytechnic University of the Philippines\\Documents\\WEB DEV AUTH\\Potatochips\\booking_management\\vendor\\laravel\\framework\\src\\Illuminate\\Pipeline\\Pipeline.php(141): Illuminate\\Foundation\\Http\\Kernel->Illuminate\\Foundation\\Http\\{closure}(Object(Illuminate\\Http\\Request))
#34 C:\\Users\\Carl\\OneDrive - Polytechnic University of the Philippines\\Documents\\WEB DEV AUTH\\Potatochips\\booking_management\\vendor\\laravel\\framework\\src\\Illuminate\\Foundation\\Http\\Middleware\\TransformsRequest.php(21): Illuminate\\Pipeline\\Pipeline->Illuminate\\Pipeline\\{closure}(Object(Illuminate\\Http\\Request))
#35 C:\\Users\\Carl\\OneDrive - Polytechnic University of the Philippines\\Documents\\WEB DEV AUTH\\Potatochips\\booking_management\\vendor\\laravel\\framework\\src\\Illuminate\\Foundation\\Http\\Middleware\\ConvertEmptyStringsToNull.php(31): Illuminate\\Foundation\\Http\\Middleware\\TransformsRequest->handle(Object(Illuminate\\Http\\Request), Object(Closure))
#36 C:\\Users\\Carl\\OneDrive - Polytechnic University of the Philippines\\Documents\\WEB DEV AUTH\\Potatochips\\booking_management\\vendor\\laravel\\framework\\src\\Illuminate\\Pipeline\\Pipeline.php(180): Illuminate\\Foundation\\Http\\Middleware\\ConvertEmptyStringsToNull->handle(Object(Illuminate\\Http\\Request), Object(Closure))
#37 C:\\Users\\Carl\\OneDrive - Polytechnic University of the Philippines\\Documents\\WEB DEV AUTH\\Potatochips\\booking_management\\vendor\\laravel\\framework\\src\\Illuminate\\Foundation\\Http\\Middleware\\TransformsRequest.php(21): Illuminate\\Pipeline\\Pipeline->Illuminate\\Pipeline\\{closure}(Object(Illuminate\\Http\\Request))
#38 C:\\Users\\Carl\\OneDrive - Polytechnic University of the Philippines\\Documents\\WEB DEV AUTH\\Potatochips\\booking_management\\vendor\\laravel\\framework\\src\\Illuminate\\Foundation\\Http\\Middleware\\TrimStrings.php(40): Illuminate\\Foundation\\Http\\Middleware\\TransformsRequest->handle(Object(Illuminate\\Http\\Request), Object(Closure))
#39 C:\\Users\\Carl\\OneDrive - Polytechnic University of the Philippines\\Documents\\WEB DEV AUTH\\Potatochips\\booking_management\\vendor\\laravel\\framework\\src\\Illuminate\\Pipeline\\Pipeline.php(180): Illuminate\\Foundation\\Http\\Middleware\\TrimStrings->handle(Object(Illuminate\\Http\\Request), Object(Closure))
#40 C:\\Users\\Carl\\OneDrive - Polytechnic University of the Philippines\\Documents\\WEB DEV AUTH\\Potatochips\\booking_management\\vendor\\laravel\\framework\\src\\Illuminate\\Foundation\\Http\\Middleware\\ValidatePostSize.php(27): Illuminate\\Pipeline\\Pipeline->Illuminate\\Pipeline\\{closure}(Object(Illuminate\\Http\\Request))
#41 C:\\Users\\Carl\\OneDrive - Polytechnic University of the Philippines\\Documents\\WEB DEV AUTH\\Potatochips\\booking_management\\vendor\\laravel\\framework\\src\\Illuminate\\Pipeline\\Pipeline.php(180): Illuminate\\Foundation\\Http\\Middleware\\ValidatePostSize->handle(Object(Illuminate\\Http\\Request), Object(Closure))
#42 C:\\Users\\Carl\\OneDrive - Polytechnic University of the Philippines\\Documents\\WEB DEV AUTH\\Potatochips\\booking_management\\vendor\\laravel\\framework\\src\\Illuminate\\Foundation\\Http\\Middleware\\PreventRequestsDuringMaintenance.php(86): Illuminate\\Pipeline\\Pipeline->Illuminate\\Pipeline\\{closure}(Object(Illuminate\\Http\\Request))
#43 C:\\Users\\Carl\\OneDrive - Polytechnic University of the Philippines\\Documents\\WEB DEV AUTH\\Potatochips\\booking_management\\vendor\\laravel\\framework\\src\\Illuminate\\Pipeline\\Pipeline.php(180): Illuminate\\Foundation\\Http\\Middleware\\PreventRequestsDuringMaintenance->handle(Object(Illuminate\\Http\\Request), Object(Closure))
#44 C:\\Users\\Carl\\OneDrive - Polytechnic University of the Philippines\\Documents\\WEB DEV AUTH\\Potatochips\\booking_management\\vendor\\laravel\\framework\\src\\Illuminate\\Http\\Middleware\\HandleCors.php(49): Illuminate\\Pipeline\\Pipeline->Illuminate\\Pipeline\\{closure}(Object(Illuminate\\Http\\Request))
#45 C:\\Users\\Carl\\OneDrive - Polytechnic University of the Philippines\\Documents\\WEB DEV AUTH\\Potatochips\\booking_management\\vendor\\laravel\\framework\\src\\Illuminate\\Pipeline\\Pipeline.php(180): Illuminate\\Http\\Middleware\\HandleCors->handle(Object(Illuminate\\Http\\Request), Object(Closure))
#46 C:\\Users\\Carl\\OneDrive - Polytechnic University of the Philippines\\Documents\\WEB DEV AUTH\\Potatochips\\booking_management\\vendor\\laravel\\framework\\src\\Illuminate\\Http\\Middleware\\TrustProxies.php(39): Illuminate\\Pipeline\\Pipeline->Illuminate\\Pipeline\\{closure}(Object(Illuminate\\Http\\Request))
#47 C:\\Users\\Carl\\OneDrive - Polytechnic University of the Philippines\\Documents\\WEB DEV AUTH\\Potatochips\\booking_management\\vendor\\laravel\\framework\\src\\Illuminate\\Pipeline\\Pipeline.php(180): Illuminate\\Http\\Middleware\\TrustProxies->handle(Object(Illuminate\\Http\\Request), Object(Closure))
#48 C:\\Users\\Carl\\OneDrive - Polytechnic University of the Philippines\\Documents\\WEB DEV AUTH\\Potatochips\\booking_management\\vendor\\laravel\\framework\\src\\Illuminate\\Pipeline\\Pipeline.php(116): Illuminate\\Pipeline\\Pipeline->Illuminate\\Pipeline\\{closure}(Object(Illuminate\\Http\\Request))
#49 C:\\Users\\Carl\\OneDrive - Polytechnic University of the Philippines\\Documents\\WEB DEV AUTH\\Potatochips\\booking_management\\vendor\\laravel\\framework\\src\\Illuminate\\Foundation\\Http\\Kernel.php(175): Illuminate\\Pipeline\\Pipeline->then(Object(Closure))
#50 C:\\Users\\Carl\\OneDrive - Polytechnic University of the Philippines\\Documents\\WEB DEV AUTH\\Potatochips\\booking_management\\vendor\\laravel\\framework\\src\\Illuminate\\Foundation\\Http\\Kernel.php(144): Illuminate\\Foundation\\Http\\Kernel->sendRequestThroughRouter(Object(Illuminate\\Http\\Request))
#51 C:\\Users\\Carl\\OneDrive - Polytechnic University of the Philippines\\Documents\\WEB DEV AUTH\\Potatochips\\booking_management\\public\\index.php(51): Illuminate\\Foundation\\Http\\Kernel->handle(Object(Illuminate\\Http\\Request))
#52 C:\\Users\\Carl\\OneDrive - Polytechnic University of the Philippines\\Documents\\WEB DEV AUTH\\Potatochips\\booking_management\\vendor\\laravel\\framework\\src\\Illuminate\\Foundation\\resources\\server.php(16): require_once('C:\\\\Users\\\\Carl\\\\O...')
#53 {main}

[previous exception] [object] (PDOException(code: 42S22): SQLSTATE[42S22]: [Microsoft][ODBC Driver 17 for SQL Server][SQL Server]Invalid column name 'customer_id'. at C:\\Users\\Carl\\OneDrive - Polytechnic University of the Philippines\\Documents\\WEB DEV AUTH\\Potatochips\\booking_management\\vendor\\laravel\\framework\\src\\Illuminate\\Database\\Connection.php:421)
[stacktrace]
#0 C:\\Users\\Carl\\OneDrive - Polytechnic University of the Philippines\\Documents\\WEB DEV AUTH\\Potatochips\\booking_management\\vendor\\laravel\\framework\\src\\Illuminate\\Database\\Connection.php(421): PDOStatement->execute()
#1 C:\\Users\\Carl\\OneDrive - Polytechnic University of the Philippines\\Documents\\WEB DEV AUTH\\Potatochips\\booking_management\\vendor\\laravel\\framework\\src\\Illuminate\\Database\\Connection.php(788): Illuminate\\Database\\Connection->Illuminate\\Database\\{closure}('select top 1 * ...', Array)
#2 C:\\Users\\Carl\\OneDrive - Polytechnic University of the Philippines\\Documents\\WEB DEV AUTH\\Potatochips\\booking_management\\vendor\\laravel\\framework\\src\\Illuminate\\Database\\Connection.php(755): Illuminate\\Database\\Connection->runQueryCallback('select top 1 * ...', Array, Object(Closure))
#3 C:\\Users\\Carl\\OneDrive - Polytechnic University of the Philippines\\Documents\\WEB DEV AUTH\\Potatochips\\booking_management\\vendor\\laravel\\framework\\src\\Illuminate\\Database\\Connection.php(407): Illuminate\\Database\\Connection->run('select top 1 * ...', Array, Object(Closure))
#4 C:\\Users\\Carl\\OneDrive - Polytechnic University of the Philippines\\Documents\\WEB DEV AUTH\\Potatochips\\booking_management\\vendor\\laravel\\framework\\src\\Illuminate\\Database\\Query\\Builder.php(2735): Illuminate\\Database\\Connection->select('select top 1 * ...', Array, true)
#5 C:\\Users\\Carl\\OneDrive - Polytechnic University of the Philippines\\Documents\\WEB DEV AUTH\\Potatochips\\booking_management\\vendor\\laravel\\framework\\src\\Illuminate\\Database\\Query\\Builder.php(2724): Illuminate\\Database\\Query\\Builder->runSelect()
#6 C:\\Users\\Carl\\OneDrive - Polytechnic University of the Philippines\\Documents\\WEB DEV AUTH\\Potatochips\\booking_management\\vendor\\laravel\\framework\\src\\Illuminate\\Database\\Query\\Builder.php(3278): Illuminate\\Database\\Query\\Builder->Illuminate\\Database\\Query\\{closure}()
#7 C:\\Users\\Carl\\OneDrive - Polytechnic University of the Philippines\\Documents\\WEB DEV AUTH\\Potatochips\\booking_management\\vendor\\laravel\\framework\\src\\Illuminate\\Database\\Query\\Builder.php(2723): Illuminate\\Database\\Query\\Builder->onceWithColumns(Array, Object(Closure))
#8 C:\\Users\\Carl\\OneDrive - Polytechnic University of the Philippines\\Documents\\WEB DEV AUTH\\Potatochips\\booking_management\\vendor\\laravel\\framework\\src\\Illuminate\\Database\\Eloquent\\Builder.php(717): Illuminate\\Database\\Query\\Builder->get(Array)
#9 C:\\Users\\Carl\\OneDrive - Polytechnic University of the Philippines\\Documents\\WEB DEV AUTH\\Potatochips\\booking_management\\vendor\\laravel\\framework\\src\\Illuminate\\Database\\Eloquent\\Builder.php(701): Illuminate\\Database\\Eloquent\\Builder->getModels(Array)
#10 C:\\Users\\Carl\\OneDrive - Polytechnic University of the Philippines\\Documents\\WEB DEV AUTH\\Potatochips\\booking_management\\vendor\\laravel\\framework\\src\\Illuminate\\Database\\Concerns\\BuildsQueries.php(296): Illuminate\\Database\\Eloquent\\Builder->get(Array)
#11 C:\\Users\\Carl\\OneDrive - Polytechnic University of the Philippines\\Documents\\WEB DEV AUTH\\Potatochips\\booking_management\\vendor\\laravel\\framework\\src\\Illuminate\\Auth\\EloquentUserProvider.php(59): Illuminate\\Database\\Eloquent\\Builder->first()
#12 C:\\Users\\Carl\\OneDrive - Polytechnic University of the Philippines\\Documents\\WEB DEV AUTH\\Potatochips\\booking_management\\vendor\\laravel\\framework\\src\\Illuminate\\Auth\\SessionGuard.php(159): Illuminate\\Auth\\EloquentUserProvider->retrieveById(2)
#13 C:\\Users\\Carl\\OneDrive - Polytechnic University of the Philippines\\Documents\\WEB DEV AUTH\\Potatochips\\booking_management\\vendor\\laravel\\framework\\src\\Illuminate\\Auth\\SessionGuard.php(230): Illuminate\\Auth\\SessionGuard->user()
#14 C:\\Users\\Carl\\OneDrive - Polytechnic University of the Philippines\\Documents\\WEB DEV AUTH\\Potatochips\\booking_management\\vendor\\laravel\\framework\\src\\Illuminate\\Session\\DatabaseSessionHandler.php(221): Illuminate\\Auth\\SessionGuard->id()
#15 C:\\Users\\Carl\\OneDrive - Polytechnic University of the Philippines\\Documents\\WEB DEV AUTH\\Potatochips\\booking_management\\vendor\\laravel\\framework\\src\\Illuminate\\Session\\DatabaseSessionHandler.php(208): Illuminate\\Session\\DatabaseSessionHandler->userId()
#16 C:\\Users\\Carl\\OneDrive - Polytechnic University of the Philippines\\Documents\\WEB DEV AUTH\\Potatochips\\booking_management\\vendor\\laravel\\framework\\src\\Illuminate\\Session\\DatabaseSessionHandler.php(194): Illuminate\\Session\\DatabaseSessionHandler->addUserInformation(Array)
#17 C:\\Users\\Carl\\OneDrive - Polytechnic University of the Philippines\\Documents\\WEB DEV AUTH\\Potatochips\\booking_management\\vendor\\laravel\\framework\\src\\Illuminate\\Support\\helpers.php(307): Illuminate\\Session\\DatabaseSessionHandler->Illuminate\\Session\\{closure}(Array)
#18 C:\\Users\\Carl\\OneDrive - Polytechnic University of the Philippines\\Documents\\WEB DEV AUTH\\Potatochips\\booking_management\\vendor\\laravel\\framework\\src\\Illuminate\\Session\\DatabaseSessionHandler.php(193): tap(Array, Object(Closure))
#19 C:\\Users\\Carl\\OneDrive - Polytechnic University of the Philippines\\Documents\\WEB DEV AUTH\\Potatochips\\booking_management\\vendor\\laravel\\framework\\src\\Illuminate\\Session\\DatabaseSessionHandler.php(133): Illuminate\\Session\\DatabaseSessionHandler->getDefaultPayload('a:5:{s:6:\"_toke...')
#20 C:\\Users\\Carl\\OneDrive - Polytechnic University of the Philippines\\Documents\\WEB DEV AUTH\\Potatochips\\booking_management\\vendor\\laravel\\framework\\src\\Illuminate\\Session\\Store.php(172): Illuminate\\Session\\DatabaseSessionHandler->write('ct8REp4RqjlnL09...', 'a:5:{s:6:\"_toke...')
#21 C:\\Users\\Carl\\OneDrive - Polytechnic University of the Philippines\\Documents\\WEB DEV AUTH\\Potatochips\\booking_management\\vendor\\laravel\\framework\\src\\Illuminate\\Session\\Middleware\\StartSession.php(238): Illuminate\\Session\\Store->save()
#22 C:\\Users\\Carl\\OneDrive - Polytechnic University of the Philippines\\Documents\\WEB DEV AUTH\\Potatochips\\booking_management\\vendor\\laravel\\framework\\src\\Illuminate\\Session\\Middleware\\StartSession.php(130): Illuminate\\Session\\Middleware\\StartSession->saveSession(Object(Illuminate\\Http\\Request))
#23 C:\\Users\\Carl\\OneDrive - Polytechnic University of the Philippines\\Documents\\WEB DEV AUTH\\Potatochips\\booking_management\\vendor\\laravel\\framework\\src\\Illuminate\\Session\\Middleware\\StartSession.php(64): Illuminate\\Session\\Middleware\\StartSession->handleStatefulRequest(Object(Illuminate\\Http\\Request), Object(Illuminate\\Session\\Store), Object(Closure))
#24 C:\\Users\\Carl\\OneDrive - Polytechnic University of the Philippines\\Documents\\WEB DEV AUTH\\Potatochips\\booking_management\\vendor\\laravel\\framework\\src\\Illuminate\\Pipeline\\Pipeline.php(180): Illuminate\\Session\\Middleware\\StartSession->handle(Object(Illuminate\\Http\\Request), Object(Closure))
#25 C:\\Users\\Carl\\OneDrive - Polytechnic University of the Philippines\\Documents\\WEB DEV AUTH\\Potatochips\\booking_management\\vendor\\laravel\\framework\\src\\Illuminate\\Cookie\\Middleware\\AddQueuedCookiesToResponse.php(37): Illuminate\\Pipeline\\Pipeline->Illuminate\\Pipeline\\{closure}(Object(Illuminate\\Http\\Request))
#26 C:\\Users\\Carl\\OneDrive - Polytechnic University of the Philippines\\Documents\\WEB DEV AUTH\\Potatochips\\booking_management\\vendor\\laravel\\framework\\src\\Illuminate\\Pipeline\\Pipeline.php(180): Illuminate\\Cookie\\Middleware\\AddQueuedCookiesToResponse->handle(Object(Illuminate\\Http\\Request), Object(Closure))
#27 C:\\Users\\Carl\\OneDrive - Polytechnic University of the Philippines\\Documents\\WEB DEV AUTH\\Potatochips\\booking_management\\vendor\\laravel\\framework\\src\\Illuminate\\Cookie\\Middleware\\EncryptCookies.php(67): Illuminate\\Pipeline\\Pipeline->Illuminate\\Pipeline\\{closure}(Object(Illuminate\\Http\\Request))
#28 C:\\Users\\Carl\\OneDrive - Polytechnic University of the Philippines\\Documents\\WEB DEV AUTH\\Potatochips\\booking_management\\vendor\\laravel\\framework\\src\\Illuminate\\Pipeline\\Pipeline.php(180): Illuminate\\Cookie\\Middleware\\EncryptCookies->handle(Object(Illuminate\\Http\\Request), Object(Closure))
#29 C:\\Users\\Carl\\OneDrive - Polytechnic University of the Philippines\\Documents\\WEB DEV AUTH\\Potatochips\\booking_management\\vendor\\laravel\\framework\\src\\Illuminate\\Pipeline\\Pipeline.php(116): Illuminate\\Pipeline\\Pipeline->Illuminate\\Pipeline\\{closure}(Object(Illuminate\\Http\\Request))
#30 C:\\Users\\Carl\\OneDrive - Polytechnic University of the Philippines\\Documents\\WEB DEV AUTH\\Potatochips\\booking_management\\vendor\\laravel\\framework\\src\\Illuminate\\Routing\\Router.php(798): Illuminate\\Pipeline\\Pipeline->then(Object(Closure))
#31 C:\\Users\\Carl\\OneDrive - Polytechnic University of the Philippines\\Documents\\WEB DEV AUTH\\Potatochips\\booking_management\\vendor\\laravel\\framework\\src\\Illuminate\\Routing\\Router.php(777): Illuminate\\Routing\\Router->runRouteWithinStack(Object(Illuminate\\Routing\\Route), Object(Illuminate\\Http\\Request))
#32 C:\\Users\\Carl\\OneDrive - Polytechnic University of the Philippines\\Documents\\WEB DEV AUTH\\Potatochips\\booking_management\\vendor\\laravel\\framework\\src\\Illuminate\\Routing\\Router.php(741): Illuminate\\Routing\\Router->runRoute(Object(Illuminate\\Http\\Request), Object(Illuminate\\Routing\\Route))
#33 C:\\Users\\Carl\\OneDrive - Polytechnic University of the Philippines\\Documents\\WEB DEV AUTH\\Potatochips\\booking_management\\vendor\\laravel\\framework\\src\\Illuminate\\Routing\\Router.php(730): Illuminate\\Routing\\Router->dispatchToRoute(Object(Illuminate\\Http\\Request))
#34 C:\\Users\\Carl\\OneDrive - Polytechnic University of the Philippines\\Documents\\WEB DEV AUTH\\Potatochips\\booking_management\\vendor\\laravel\\framework\\src\\Illuminate\\Foundation\\Http\\Kernel.php(200): Illuminate\\Routing\\Router->dispatch(Object(Illuminate\\Http\\Request))
#35 C:\\Users\\Carl\\OneDrive - Polytechnic University of the Philippines\\Documents\\WEB DEV AUTH\\Potatochips\\booking_management\\vendor\\laravel\\framework\\src\\Illuminate\\Pipeline\\Pipeline.php(141): Illuminate\\Foundation\\Http\\Kernel->Illuminate\\Foundation\\Http\\{closure}(Object(Illuminate\\Http\\Request))
#36 C:\\Users\\Carl\\OneDrive - Polytechnic University of the Philippines\\Documents\\WEB DEV AUTH\\Potatochips\\booking_management\\vendor\\laravel\\framework\\src\\Illuminate\\Foundation\\Http\\Middleware\\TransformsRequest.php(21): Illuminate\\Pipeline\\Pipeline->Illuminate\\Pipeline\\{closure}(Object(Illuminate\\Http\\Request))
#37 C:\\Users\\Carl\\OneDrive - Polytechnic University of the Philippines\\Documents\\WEB DEV AUTH\\Potatochips\\booking_management\\vendor\\laravel\\framework\\src\\Illuminate\\Foundation\\Http\\Middleware\\ConvertEmptyStringsToNull.php(31): Illuminate\\Foundation\\Http\\Middleware\\TransformsRequest->handle(Object(Illuminate\\Http\\Request), Object(Closure))
#38 C:\\Users\\Carl\\OneDrive - Polytechnic University of the Philippines\\Documents\\WEB DEV AUTH\\Potatochips\\booking_management\\vendor\\laravel\\framework\\src\\Illuminate\\Pipeline\\Pipeline.php(180): Illuminate\\Foundation\\Http\\Middleware\\ConvertEmptyStringsToNull->handle(Object(Illuminate\\Http\\Request), Object(Closure))
#39 C:\\Users\\Carl\\OneDrive - Polytechnic University of the Philippines\\Documents\\WEB DEV AUTH\\Potatochips\\booking_management\\vendor\\laravel\\framework\\src\\Illuminate\\Foundation\\Http\\Middleware\\TransformsRequest.php(21): Illuminate\\Pipeline\\Pipeline->Illuminate\\Pipeline\\{closure}(Object(Illuminate\\Http\\Request))
#40 C:\\Users\\Carl\\OneDrive - Polytechnic University of the Philippines\\Documents\\WEB DEV AUTH\\Potatochips\\booking_management\\vendor\\laravel\\framework\\src\\Illuminate\\Foundation\\Http\\Middleware\\TrimStrings.php(40): Illuminate\\Foundation\\Http\\Middleware\\TransformsRequest->handle(Object(Illuminate\\Http\\Request), Object(Closure))
#41 C:\\Users\\Carl\\OneDrive - Polytechnic University of the Philippines\\Documents\\WEB DEV AUTH\\Potatochips\\booking_management\\vendor\\laravel\\framework\\src\\Illuminate\\Pipeline\\Pipeline.php(180): Illuminate\\Foundation\\Http\\Middleware\\TrimStrings->handle(Object(Illuminate\\Http\\Request), Object(Closure))
#42 C:\\Users\\Carl\\OneDrive - Polytechnic University of the Philippines\\Documents\\WEB DEV AUTH\\Potatochips\\booking_management\\vendor\\laravel\\framework\\src\\Illuminate\\Foundation\\Http\\Middleware\\ValidatePostSize.php(27): Illuminate\\Pipeline\\Pipeline->Illuminate\\Pipeline\\{closure}(Object(Illuminate\\Http\\Request))
#43 C:\\Users\\Carl\\OneDrive - Polytechnic University of the Philippines\\Documents\\WEB DEV AUTH\\Potatochips\\booking_management\\vendor\\laravel\\framework\\src\\Illuminate\\Pipeline\\Pipeline.php(180): Illuminate\\Foundation\\Http\\Middleware\\ValidatePostSize->handle(Object(Illuminate\\Http\\Request), Object(Closure))
#44 C:\\Users\\Carl\\OneDrive - Polytechnic University of the Philippines\\Documents\\WEB DEV AUTH\\Potatochips\\booking_management\\vendor\\laravel\\framework\\src\\Illuminate\\Foundation\\Http\\Middleware\\PreventRequestsDuringMaintenance.php(86): Illuminate\\Pipeline\\Pipeline->Illuminate\\Pipeline\\{closure}(Object(Illuminate\\Http\\Request))
#45 C:\\Users\\Carl\\OneDrive - Polytechnic University of the Philippines\\Documents\\WEB DEV AUTH\\Potatochips\\booking_management\\vendor\\laravel\\framework\\src\\Illuminate\\Pipeline\\Pipeline.php(180): Illuminate\\Foundation\\Http\\Middleware\\PreventRequestsDuringMaintenance->handle(Object(Illuminate\\Http\\Request), Object(Closure))
#46 C:\\Users\\Carl\\OneDrive - Polytechnic University of the Philippines\\Documents\\WEB DEV AUTH\\Potatochips\\booking_management\\vendor\\laravel\\framework\\src\\Illuminate\\Http\\Middleware\\HandleCors.php(49): Illuminate\\Pipeline\\Pipeline->Illuminate\\Pipeline\\{closure}(Object(Illuminate\\Http\\Request))
#47 C:\\Users\\Carl\\OneDrive - Polytechnic University of the Philippines\\Documents\\WEB DEV AUTH\\Potatochips\\booking_management\\vendor\\laravel\\framework\\src\\Illuminate\\Pipeline\\Pipeline.php(180): Illuminate\\Http\\Middleware\\HandleCors->handle(Object(Illuminate\\Http\\Request), Object(Closure))
#48 C:\\Users\\Carl\\OneDrive - Polytechnic University of the Philippines\\Documents\\WEB DEV AUTH\\Potatochips\\booking_management\\vendor\\laravel\\framework\\src\\Illuminate\\Http\\Middleware\\TrustProxies.php(39): Illuminate\\Pipeline\\Pipeline->Illuminate\\Pipeline\\{closure}(Object(Illuminate\\Http\\Request))
#49 C:\\Users\\Carl\\OneDrive - Polytechnic University of the Philippines\\Documents\\WEB DEV AUTH\\Potatochips\\booking_management\\vendor\\laravel\\framework\\src\\Illuminate\\Pipeline\\Pipeline.php(180): Illuminate\\Http\\Middleware\\TrustProxies->handle(Object(Illuminate\\Http\\Request), Object(Closure))
#50 C:\\Users\\Carl\\OneDrive - Polytechnic University of the Philippines\\Documents\\WEB DEV AUTH\\Potatochips\\booking_management\\vendor\\laravel\\framework\\src\\Illuminate\\Pipeline\\Pipeline.php(116): Illuminate\\Pipeline\\Pipeline->Illuminate\\Pipeline\\{closure}(Object(Illuminate\\Http\\Request))
#51 C:\\Users\\Carl\\OneDrive - Polytechnic University of the Philippines\\Documents\\WEB DEV AUTH\\Potatochips\\booking_management\\vendor\\laravel\\framework\\src\\Illuminate\\Foundation\\Http\\Kernel.php(175): Illuminate\\Pipeline\\Pipeline->then(Object(Closure))
#52 C:\\Users\\Carl\\OneDrive - Polytechnic University of the Philippines\\Documents\\WEB DEV AUTH\\Potatochips\\booking_management\\vendor\\laravel\\framework\\src\\Illuminate\\Foundation\\Http\\Kernel.php(144): Illuminate\\Foundation\\Http\\Kernel->sendRequestThroughRouter(Object(Illuminate\\Http\\Request))
#53 C:\\Users\\Carl\\OneDrive - Polytechnic University of the Philippines\\Documents\\WEB DEV AUTH\\Potatochips\\booking_management\\public\\index.php(51): Illuminate\\Foundation\\Http\\Kernel->handle(Object(Illuminate\\Http\\Request))
#54 C:\\Users\\Carl\\OneDrive - Polytechnic University of the Philippines\\Documents\\WEB DEV AUTH\\Potatochips\\booking_management\\vendor\\laravel\\framework\\src\\Illuminate\\Foundation\\resources\\server.php(16): require_once('C:\\\\Users\\\\Carl\\\\O...')
#55 {main}
"} 
[2025-01-28 13:48:01] local.ERROR: There are no commands defined in the "serve" namespace. {"exception":"[object] (Symfony\\Component\\Console\\Exception\\NamespaceNotFoundException(code: 0): There are no commands defined in the \"serve\" namespace. at C:\\Users\\Carl\\OneDrive - Polytechnic University of the Philippines\\Documents\\WEB DEV AUTH\\Potatochips\\booking_management\\vendor\\symfony\\console\\Application.php:657)
[stacktrace]
#0 C:\\Users\\Carl\\OneDrive - Polytechnic University of the Philippines\\Documents\\WEB DEV AUTH\\Potatochips\\booking_management\\vendor\\symfony\\console\\Application.php(708): Symfony\\Component\\Console\\Application->findNamespace('serve')
#1 C:\\Users\\Carl\\OneDrive - Polytechnic University of the Philippines\\Documents\\WEB DEV AUTH\\Potatochips\\booking_management\\vendor\\symfony\\console\\Application.php(262): Symfony\\Component\\Console\\Application->find('serve:rollback')
#2 C:\\Users\\Carl\\OneDrive - Polytechnic University of the Philippines\\Documents\\WEB DEV AUTH\\Potatochips\\booking_management\\vendor\\symfony\\console\\Application.php(174): Symfony\\Component\\Console\\Application->doRun(Object(Symfony\\Component\\Console\\Input\\ArgvInput), Object(Symfony\\Component\\Console\\Output\\ConsoleOutput))
#3 C:\\Users\\Carl\\OneDrive - Polytechnic University of the Philippines\\Documents\\WEB DEV AUTH\\Potatochips\\booking_management\\vendor\\laravel\\framework\\src\\Illuminate\\Foundation\\Console\\Kernel.php(200): Symfony\\Component\\Console\\Application->run(Object(Symfony\\Component\\Console\\Input\\ArgvInput), Object(Symfony\\Component\\Console\\Output\\ConsoleOutput))
#4 C:\\Users\\Carl\\OneDrive - Polytechnic University of the Philippines\\Documents\\WEB DEV AUTH\\Potatochips\\booking_management\\artisan(35): Illuminate\\Foundation\\Console\\Kernel->handle(Object(Symfony\\Component\\Console\\Input\\ArgvInput), Object(Symfony\\Component\\Console\\Output\\ConsoleOutput))
#5 {main}
"} 
[2025-01-28 13:50:42] local.INFO: Incoming Booking Data:  
[2025-01-28 13:50:42] local.INFO: Incoming Booking Data: {"checkInDate":"2025-01-29","checkOutDate":"2025-01-30","adults":"1","children":"0","bookings":[{"id":"6","name":"Kubo with room","price":"1800","details":"A cozy kubo with a room, perfect for small families or groups."}],"totalPrice":1800,"guestInfo":{"firstName":"Carl","lastName":"Bergado","gender":"male","birthdate":"1997-06-10","email":"carlbergado67.5@gmail.com","phone":"9205357783","address":"Nuvista San Jose","specialRequests":null}} 
[2025-01-28 13:50:42] local.INFO: Validated Data: {"totalPrice":1800,"checkInDate":"2025-01-29","checkOutDate":"2025-01-30","adults":"1","children":"0","guestInfo":{"firstName":"Carl","lastName":"Bergado","gender":"male","birthdate":"1997-06-10","email":"carlbergado67.5@gmail.com","phone":"9205357783","address":"Nuvista San Jose","specialRequests":null},"bookings":[{"id":"6","name":"Kubo with room","price":"1800","details":"A cozy kubo with a room, perfect for small families or groups."}]} 
[2025-01-28 13:50:42] local.INFO: PayMongo Request Data: {"data":{"attributes":{"line_items":[{"currency":"PHP","amount":180000,"description":"A cozy kubo with a room, perfect for small families or groups.","name":"Kubo with room","quantity":1}],"payment_method_types":["card","gcash","paymaya","grab_pay","dob","dob_ubp","brankas_bdo","brankas_landbank","brankas_metrobank"],"success_url":"http://127.0.0.1:8000/customer/reservations","cancel_url":"http://localhost:8000/cancel","description":"Online Booking"}}} 
[2025-01-28 13:50:44] local.INFO: PayMongo API Response: {"data":{"id":"cs_88oLVYn1z1Tmktb6KefuTp6Y","type":"checkout_session","attributes":{"billing":{"address":{"city":null,"country":null,"line1":null,"line2":null,"postal_code":null,"state":null},"email":null,"name":null,"phone":null},"billing_information_fields_editable":"enabled","cancel_url":"http://localhost:8000/cancel","checkout_url":"https://checkout.paymongo.com/cs_88oLVYn1z1Tmktb6KefuTp6Y_client_eW3GpwiJgSxrTU5VNwTboCr1#cGtfdGVzdF9KUVhlR25UcTlMOVcyOEVwNUtrdjRTZkw=","client_key":"cs_88oLVYn1z1Tmktb6KefuTp6Y_client_eW3GpwiJgSxrTU5VNwTboCr1","customer_email":null,"description":"Online Booking","line_items":[{"amount":180000,"currency":"PHP","description":"A cozy kubo with a room, perfect for small families or groups.","images":[],"name":"Kubo with room","quantity":1}],"livemode":false,"merchant":"Hacienda JenSen Farm Resort","payments":[],"payment_intent":{"id":"pi_4gpVPyofY3McGqs9xqBN9jrt","type":"payment_intent","attributes":{"amount":180000,"capture_type":"automatic","client_key":"pi_4gpVPyofY3McGqs9xqBN9jrt_client_Qng6J1aqS1bhBN6iGe79XD62","currency":"PHP","description":"Online Booking","livemode":false,"original_amount":180000,"statement_descriptor":"Hacienda JenSen Farm Resort","status":"awaiting_payment_method","last_payment_error":null,"payment_method_allowed":["card","grab_pay","paymaya","dob","brankas","gcash"],"payments":[],"next_action":null,"payment_method_options":{"card":{"request_three_d_secure":"any"}},"metadata":null,"setup_future_usage":null,"created_at":1738072243,"updated_at":1738072243}},"payment_method_types":["gcash","brankas_landbank","brankas_metrobank","card","grab_pay","brankas_bdo","dob_ubp","dob","paymaya"],"reference_number":null,"send_email_receipt":false,"show_description":true,"show_line_items":true,"status":"active","success_url":"http://127.0.0.1:8000/customer/reservations","created_at":1738072243,"updated_at":1738072243,"metadata":null}}} 
[2025-01-28 13:51:34] local.INFO: PayMongo Success Response: {"data":{"id":"cs_88oLVYn1z1Tmktb6KefuTp6Y","type":"checkout_session","attributes":{"billing":{"address":{"city":null,"country":null,"line1":null,"line2":null,"postal_code":null,"state":null},"email":null,"name":null,"phone":null},"billing_information_fields_editable":"enabled","cancel_url":"http://localhost:8000/cancel","checkout_url":"https://checkout.paymongo.com/cs_88oLVYn1z1Tmktb6KefuTp6Y_client_eW3GpwiJgSxrTU5VNwTboCr1#cGtfdGVzdF9KUVhlR25UcTlMOVcyOEVwNUtrdjRTZkw=","client_key":"cs_88oLVYn1z1Tmktb6KefuTp6Y_client_eW3GpwiJgSxrTU5VNwTboCr1","customer_email":null,"description":"Online Booking","line_items":[{"amount":180000,"currency":"PHP","description":"A cozy kubo with a room, perfect for small families or groups.","images":[],"name":"Kubo with room","quantity":1}],"livemode":false,"merchant":"Hacienda JenSen Farm Resort","origin":null,"paid_at":1738072262,"payments":[{"id":"pay_hzDHVvodYY5YuZsY71TxMb2p","type":"payment","attributes":{"access_url":null,"amount":180000,"balance_transaction_id":"bal_txn_gAcXV4TyvUGQCFpYV6QTUggy","billing":{"address":{"city":"","country":"","line1":"","line2":"","postal_code":"","state":""},"email":"carlbergado67.5@gmail.com","name":"Chirs","phone":"9205357783"},"currency":"PHP","description":"Online Booking","disputed":false,"external_reference_number":null,"fee":4500,"instant_settlement":null,"livemode":false,"net_amount":175500,"origin":"api","payment_intent_id":"pi_4gpVPyofY3McGqs9xqBN9jrt","payout":null,"source":{"id":"src_Kw1U9VBm3gRxgJenb659eQ2Q","type":"gcash"},"statement_descriptor":"Hacienda JenSen Farm Resort","status":"paid","tax_amount":null,"metadata":null,"promotion":null,"refunds":[],"taxes":[],"available_at":1738573200,"created_at":1738072262,"credited_at":1738746000,"paid_at":1738072262,"updated_at":1738072262}}],"payment_intent":{"id":"pi_4gpVPyofY3McGqs9xqBN9jrt","type":"payment_intent","attributes":{"amount":180000,"capture_type":"automatic","client_key":"pi_4gpVPyofY3McGqs9xqBN9jrt_client_Qng6J1aqS1bhBN6iGe79XD62","currency":"PHP","description":"Online Booking","livemode":false,"original_amount":180000,"statement_descriptor":"Hacienda JenSen Farm Resort","status":"succeeded","last_payment_error":null,"payment_method_allowed":["card","grab_pay","paymaya","dob","brankas","gcash"],"payments":[{"id":"pay_hzDHVvodYY5YuZsY71TxMb2p","type":"payment","attributes":{"access_url":null,"amount":180000,"balance_transaction_id":"bal_txn_gAcXV4TyvUGQCFpYV6QTUggy","billing":{"address":"Over 9 levels deep, aborting normalization","email":"Over 9 levels deep, aborting normalization","name":"Over 9 levels deep, aborting normalization","phone":"Over 9 levels deep, aborting normalization"},"currency":"PHP","description":"Online Booking","disputed":false,"external_reference_number":null,"fee":4500,"instant_settlement":null,"livemode":false,"net_amount":175500,"origin":"api","payment_intent_id":"pi_4gpVPyofY3McGqs9xqBN9jrt","payout":null,"source":{"id":"Over 9 levels deep, aborting normalization","type":"Over 9 levels deep, aborting normalization"},"statement_descriptor":"Hacienda JenSen Farm Resort","status":"paid","tax_amount":null,"metadata":null,"promotion":null,"refunds":[],"taxes":[],"available_at":1738573200,"created_at":1738072262,"credited_at":1738746000,"paid_at":1738072262,"updated_at":1738072262}}],"next_action":null,"payment_method_options":{"card":{"request_three_d_secure":"any"}},"metadata":null,"setup_future_usage":null,"created_at":1738072243,"updated_at":1738072262}},"payment_method_types":["gcash","brankas_landbank","brankas_metrobank","card","grab_pay","brankas_bdo","dob_ubp","dob","paymaya"],"payment_method_used":"gcash","reference_number":null,"send_email_receipt":false,"show_description":true,"show_line_items":true,"status":"active","success_url":"http://127.0.0.1:8000/customer/reservations","created_at":1738072243,"updated_at":1738072243,"metadata":null}}} 
[2025-01-28 23:09:32] local.ERROR: Target class [App\Http\Controllers\PaymentService] does not exist. {"exception":"[object] (Illuminate\\Contracts\\Container\\BindingResolutionException(code: 0): Target class [App\\Http\\Controllers\\PaymentService] does not exist. at C:\\Users\\Carl\\OneDrive - Polytechnic University of the Philippines\\Documents\\WEB DEV AUTH\\Potatochips\\booking_management\\vendor\\laravel\\framework\\src\\Illuminate\\Container\\Container.php:916)
[stacktrace]
#0 C:\\Users\\Carl\\OneDrive - Polytechnic University of the Philippines\\Documents\\WEB DEV AUTH\\Potatochips\\booking_management\\vendor\\laravel\\framework\\src\\Illuminate\\Container\\Container.php(795): Illuminate\\Container\\Container->build('App\\\\Http\\\\Contro...')
#1 C:\\Users\\Carl\\OneDrive - Polytechnic University of the Philippines\\Documents\\WEB DEV AUTH\\Potatochips\\booking_management\\vendor\\laravel\\framework\\src\\Illuminate\\Foundation\\Application.php(933): Illuminate\\Container\\Container->resolve('App\\\\Http\\\\Contro...', Array, true)
#2 C:\\Users\\Carl\\OneDrive - Polytechnic University of the Philippines\\Documents\\WEB DEV AUTH\\Potatochips\\booking_management\\vendor\\laravel\\framework\\src\\Illuminate\\Container\\Container.php(731): Illuminate\\Foundation\\Application->resolve('App\\\\Http\\\\Contro...', Array)
#3 C:\\Users\\Carl\\OneDrive - Polytechnic University of the Philippines\\Documents\\WEB DEV AUTH\\Potatochips\\booking_management\\vendor\\laravel\\framework\\src\\Illuminate\\Foundation\\Application.php(918): Illuminate\\Container\\Container->make('App\\\\Http\\\\Contro...', Array)
#4 C:\\Users\\Carl\\OneDrive - Polytechnic University of the Philippines\\Documents\\WEB DEV AUTH\\Potatochips\\booking_management\\vendor\\laravel\\framework\\src\\Illuminate\\Container\\Container.php(1068): Illuminate\\Foundation\\Application->make('App\\\\Http\\\\Contro...')
#5 C:\\Users\\Carl\\OneDrive - Polytechnic University of the Philippines\\Documents\\WEB DEV AUTH\\Potatochips\\booking_management\\vendor\\laravel\\framework\\src\\Illuminate\\Container\\Container.php(984): Illuminate\\Container\\Container->resolveClass(Object(ReflectionParameter))
#6 C:\\Users\\Carl\\OneDrive - Polytechnic University of the Philippines\\Documents\\WEB DEV AUTH\\Potatochips\\booking_management\\vendor\\laravel\\framework\\src\\Illuminate\\Container\\Container.php(945): Illuminate\\Container\\Container->resolveDependencies(Array)
#7 C:\\Users\\Carl\\OneDrive - Polytechnic University of the Philippines\\Documents\\WEB DEV AUTH\\Potatochips\\booking_management\\vendor\\laravel\\framework\\src\\Illuminate\\Container\\Container.php(795): Illuminate\\Container\\Container->build('App\\\\Http\\\\Contro...')
#8 C:\\Users\\Carl\\OneDrive - Polytechnic University of the Philippines\\Documents\\WEB DEV AUTH\\Potatochips\\booking_management\\vendor\\laravel\\framework\\src\\Illuminate\\Foundation\\Application.php(933): Illuminate\\Container\\Container->resolve('App\\\\Http\\\\Contro...', Array, true)
#9 C:\\Users\\Carl\\OneDrive - Polytechnic University of the Philippines\\Documents\\WEB DEV AUTH\\Potatochips\\booking_management\\vendor\\laravel\\framework\\src\\Illuminate\\Container\\Container.php(731): Illuminate\\Foundation\\Application->resolve('App\\\\Http\\\\Contro...', Array)
#10 C:\\Users\\Carl\\OneDrive - Polytechnic University of the Philippines\\Documents\\WEB DEV AUTH\\Potatochips\\booking_management\\vendor\\laravel\\framework\\src\\Illuminate\\Foundation\\Application.php(918): Illuminate\\Container\\Container->make('App\\\\Http\\\\Contro...', Array)
#11 C:\\Users\\Carl\\OneDrive - Polytechnic University of the Philippines\\Documents\\WEB DEV AUTH\\Potatochips\\booking_management\\vendor\\laravel\\framework\\src\\Illuminate\\Routing\\Route.php(274): Illuminate\\Foundation\\Application->make('App\\\\Http\\\\Contro...')
#12 C:\\Users\\Carl\\OneDrive - Polytechnic University of the Philippines\\Documents\\WEB DEV AUTH\\Potatochips\\booking_management\\vendor\\laravel\\framework\\src\\Illuminate\\Routing\\Route.php(1100): Illuminate\\Routing\\Route->getController()
#13 C:\\Users\\Carl\\OneDrive - Polytechnic University of the Philippines\\Documents\\WEB DEV AUTH\\Potatochips\\booking_management\\vendor\\laravel\\framework\\src\\Illuminate\\Routing\\Route.php(1031): Illuminate\\Routing\\Route->controllerMiddleware()
#14 C:\\Users\\Carl\\OneDrive - Polytechnic University of the Philippines\\Documents\\WEB DEV AUTH\\Potatochips\\booking_management\\vendor\\laravel\\framework\\src\\Illuminate\\Routing\\Router.php(811): Illuminate\\Routing\\Route->gatherMiddleware()
#15 C:\\Users\\Carl\\OneDrive - Polytechnic University of the Philippines\\Documents\\WEB DEV AUTH\\Potatochips\\booking_management\\vendor\\laravel\\framework\\src\\Illuminate\\Routing\\Router.php(793): Illuminate\\Routing\\Router->gatherRouteMiddleware(Object(Illuminate\\Routing\\Route))
#16 C:\\Users\\Carl\\OneDrive - Polytechnic University of the Philippines\\Documents\\WEB DEV AUTH\\Potatochips\\booking_management\\vendor\\laravel\\framework\\src\\Illuminate\\Routing\\Router.php(777): Illuminate\\Routing\\Router->runRouteWithinStack(Object(Illuminate\\Routing\\Route), Object(Illuminate\\Http\\Request))
#17 C:\\Users\\Carl\\OneDrive - Polytechnic University of the Philippines\\Documents\\WEB DEV AUTH\\Potatochips\\booking_management\\vendor\\laravel\\framework\\src\\Illuminate\\Routing\\Router.php(741): Illuminate\\Routing\\Router->runRoute(Object(Illuminate\\Http\\Request), Object(Illuminate\\Routing\\Route))
#18 C:\\Users\\Carl\\OneDrive - Polytechnic University of the Philippines\\Documents\\WEB DEV AUTH\\Potatochips\\booking_management\\vendor\\laravel\\framework\\src\\Illuminate\\Routing\\Router.php(730): Illuminate\\Routing\\Router->dispatchToRoute(Object(Illuminate\\Http\\Request))
#19 C:\\Users\\Carl\\OneDrive - Polytechnic University of the Philippines\\Documents\\WEB DEV AUTH\\Potatochips\\booking_management\\vendor\\laravel\\framework\\src\\Illuminate\\Foundation\\Http\\Kernel.php(200): Illuminate\\Routing\\Router->dispatch(Object(Illuminate\\Http\\Request))
#20 C:\\Users\\Carl\\OneDrive - Polytechnic University of the Philippines\\Documents\\WEB DEV AUTH\\Potatochips\\booking_management\\vendor\\laravel\\framework\\src\\Illuminate\\Pipeline\\Pipeline.php(141): Illuminate\\Foundation\\Http\\Kernel->Illuminate\\Foundation\\Http\\{closure}(Object(Illuminate\\Http\\Request))
#21 C:\\Users\\Carl\\OneDrive - Polytechnic University of the Philippines\\Documents\\WEB DEV AUTH\\Potatochips\\booking_management\\vendor\\laravel\\framework\\src\\Illuminate\\Foundation\\Http\\Middleware\\TransformsRequest.php(21): Illuminate\\Pipeline\\Pipeline->Illuminate\\Pipeline\\{closure}(Object(Illuminate\\Http\\Request))
#22 C:\\Users\\Carl\\OneDrive - Polytechnic University of the Philippines\\Documents\\WEB DEV AUTH\\Potatochips\\booking_management\\vendor\\laravel\\framework\\src\\Illuminate\\Foundation\\Http\\Middleware\\ConvertEmptyStringsToNull.php(31): Illuminate\\Foundation\\Http\\Middleware\\TransformsRequest->handle(Object(Illuminate\\Http\\Request), Object(Closure))
#23 C:\\Users\\Carl\\OneDrive - Polytechnic University of the Philippines\\Documents\\WEB DEV AUTH\\Potatochips\\booking_management\\vendor\\laravel\\framework\\src\\Illuminate\\Pipeline\\Pipeline.php(180): Illuminate\\Foundation\\Http\\Middleware\\ConvertEmptyStringsToNull->handle(Object(Illuminate\\Http\\Request), Object(Closure))
#24 C:\\Users\\Carl\\OneDrive - Polytechnic University of the Philippines\\Documents\\WEB DEV AUTH\\Potatochips\\booking_management\\vendor\\laravel\\framework\\src\\Illuminate\\Foundation\\Http\\Middleware\\TransformsRequest.php(21): Illuminate\\Pipeline\\Pipeline->Illuminate\\Pipeline\\{closure}(Object(Illuminate\\Http\\Request))
#25 C:\\Users\\Carl\\OneDrive - Polytechnic University of the Philippines\\Documents\\WEB DEV AUTH\\Potatochips\\booking_management\\vendor\\laravel\\framework\\src\\Illuminate\\Foundation\\Http\\Middleware\\TrimStrings.php(40): Illuminate\\Foundation\\Http\\Middleware\\TransformsRequest->handle(Object(Illuminate\\Http\\Request), Object(Closure))
#26 C:\\Users\\Carl\\OneDrive - Polytechnic University of the Philippines\\Documents\\WEB DEV AUTH\\Potatochips\\booking_management\\vendor\\laravel\\framework\\src\\Illuminate\\Pipeline\\Pipeline.php(180): Illuminate\\Foundation\\Http\\Middleware\\TrimStrings->handle(Object(Illuminate\\Http\\Request), Object(Closure))
#27 C:\\Users\\Carl\\OneDrive - Polytechnic University of the Philippines\\Documents\\WEB DEV AUTH\\Potatochips\\booking_management\\vendor\\laravel\\framework\\src\\Illuminate\\Foundation\\Http\\Middleware\\ValidatePostSize.php(27): Illuminate\\Pipeline\\Pipeline->Illuminate\\Pipeline\\{closure}(Object(Illuminate\\Http\\Request))
#28 C:\\Users\\Carl\\OneDrive - Polytechnic University of the Philippines\\Documents\\WEB DEV AUTH\\Potatochips\\booking_management\\vendor\\laravel\\framework\\src\\Illuminate\\Pipeline\\Pipeline.php(180): Illuminate\\Foundation\\Http\\Middleware\\ValidatePostSize->handle(Object(Illuminate\\Http\\Request), Object(Closure))
#29 C:\\Users\\Carl\\OneDrive - Polytechnic University of the Philippines\\Documents\\WEB DEV AUTH\\Potatochips\\booking_management\\vendor\\laravel\\framework\\src\\Illuminate\\Foundation\\Http\\Middleware\\PreventRequestsDuringMaintenance.php(86): Illuminate\\Pipeline\\Pipeline->Illuminate\\Pipeline\\{closure}(Object(Illuminate\\Http\\Request))
#30 C:\\Users\\Carl\\OneDrive - Polytechnic University of the Philippines\\Documents\\WEB DEV AUTH\\Potatochips\\booking_management\\vendor\\laravel\\framework\\src\\Illuminate\\Pipeline\\Pipeline.php(180): Illuminate\\Foundation\\Http\\Middleware\\PreventRequestsDuringMaintenance->handle(Object(Illuminate\\Http\\Request), Object(Closure))
#31 C:\\Users\\Carl\\OneDrive - Polytechnic University of the Philippines\\Documents\\WEB DEV AUTH\\Potatochips\\booking_management\\vendor\\laravel\\framework\\src\\Illuminate\\Http\\Middleware\\HandleCors.php(49): Illuminate\\Pipeline\\Pipeline->Illuminate\\Pipeline\\{closure}(Object(Illuminate\\Http\\Request))
#32 C:\\Users\\Carl\\OneDrive - Polytechnic University of the Philippines\\Documents\\WEB DEV AUTH\\Potatochips\\booking_management\\vendor\\laravel\\framework\\src\\Illuminate\\Pipeline\\Pipeline.php(180): Illuminate\\Http\\Middleware\\HandleCors->handle(Object(Illuminate\\Http\\Request), Object(Closure))
#33 C:\\Users\\Carl\\OneDrive - Polytechnic University of the Philippines\\Documents\\WEB DEV AUTH\\Potatochips\\booking_management\\vendor\\laravel\\framework\\src\\Illuminate\\Http\\Middleware\\TrustProxies.php(39): Illuminate\\Pipeline\\Pipeline->Illuminate\\Pipeline\\{closure}(Object(Illuminate\\Http\\Request))
#34 C:\\Users\\Carl\\OneDrive - Polytechnic University of the Philippines\\Documents\\WEB DEV AUTH\\Potatochips\\booking_management\\vendor\\laravel\\framework\\src\\Illuminate\\Pipeline\\Pipeline.php(180): Illuminate\\Http\\Middleware\\TrustProxies->handle(Object(Illuminate\\Http\\Request), Object(Closure))
#35 C:\\Users\\Carl\\OneDrive - Polytechnic University of the Philippines\\Documents\\WEB DEV AUTH\\Potatochips\\booking_management\\vendor\\laravel\\framework\\src\\Illuminate\\Pipeline\\Pipeline.php(116): Illuminate\\Pipeline\\Pipeline->Illuminate\\Pipeline\\{closure}(Object(Illuminate\\Http\\Request))
#36 C:\\Users\\Carl\\OneDrive - Polytechnic University of the Philippines\\Documents\\WEB DEV AUTH\\Potatochips\\booking_management\\vendor\\laravel\\framework\\src\\Illuminate\\Foundation\\Http\\Kernel.php(175): Illuminate\\Pipeline\\Pipeline->then(Object(Closure))
#37 C:\\Users\\Carl\\OneDrive - Polytechnic University of the Philippines\\Documents\\WEB DEV AUTH\\Potatochips\\booking_management\\vendor\\laravel\\framework\\src\\Illuminate\\Foundation\\Http\\Kernel.php(144): Illuminate\\Foundation\\Http\\Kernel->sendRequestThroughRouter(Object(Illuminate\\Http\\Request))
#38 C:\\Users\\Carl\\OneDrive - Polytechnic University of the Philippines\\Documents\\WEB DEV AUTH\\Potatochips\\booking_management\\public\\index.php(51): Illuminate\\Foundation\\Http\\Kernel->handle(Object(Illuminate\\Http\\Request))
#39 C:\\Users\\Carl\\OneDrive - Polytechnic University of the Philippines\\Documents\\WEB DEV AUTH\\Potatochips\\booking_management\\vendor\\laravel\\framework\\src\\Illuminate\\Foundation\\resources\\server.php(16): require_once('C:\\\\Users\\\\Carl\\\\O...')
#40 {main}

[previous exception] [object] (ReflectionException(code: -1): Class \"App\\Http\\Controllers\\PaymentService\" does not exist at C:\\Users\\Carl\\OneDrive - Polytechnic University of the Philippines\\Documents\\WEB DEV AUTH\\Potatochips\\booking_management\\vendor\\laravel\\framework\\src\\Illuminate\\Container\\Container.php:914)
[stacktrace]
#0 C:\\Users\\Carl\\OneDrive - Polytechnic University of the Philippines\\Documents\\WEB DEV AUTH\\Potatochips\\booking_management\\vendor\\laravel\\framework\\src\\Illuminate\\Container\\Container.php(914): ReflectionClass->__construct('App\\\\Http\\\\Contro...')
#1 C:\\Users\\Carl\\OneDrive - Polytechnic University of the Philippines\\Documents\\WEB DEV AUTH\\Potatochips\\booking_management\\vendor\\laravel\\framework\\src\\Illuminate\\Container\\Container.php(795): Illuminate\\Container\\Container->build('App\\\\Http\\\\Contro...')
#2 C:\\Users\\Carl\\OneDrive - Polytechnic University of the Philippines\\Documents\\WEB DEV AUTH\\Potatochips\\booking_management\\vendor\\laravel\\framework\\src\\Illuminate\\Foundation\\Application.php(933): Illuminate\\Container\\Container->resolve('App\\\\Http\\\\Contro...', Array, true)
#3 C:\\Users\\Carl\\OneDrive - Polytechnic University of the Philippines\\Documents\\WEB DEV AUTH\\Potatochips\\booking_management\\vendor\\laravel\\framework\\src\\Illuminate\\Container\\Container.php(731): Illuminate\\Foundation\\Application->resolve('App\\\\Http\\\\Contro...', Array)
#4 C:\\Users\\Carl\\OneDrive - Polytechnic University of the Philippines\\Documents\\WEB DEV AUTH\\Potatochips\\booking_management\\vendor\\laravel\\framework\\src\\Illuminate\\Foundation\\Application.php(918): Illuminate\\Container\\Container->make('App\\\\Http\\\\Contro...', Array)
#5 C:\\Users\\Carl\\OneDrive - Polytechnic University of the Philippines\\Documents\\WEB DEV AUTH\\Potatochips\\booking_management\\vendor\\laravel\\framework\\src\\Illuminate\\Container\\Container.php(1068): Illuminate\\Foundation\\Application->make('App\\\\Http\\\\Contro...')
#6 C:\\Users\\Carl\\OneDrive - Polytechnic University of the Philippines\\Documents\\WEB DEV AUTH\\Potatochips\\booking_management\\vendor\\laravel\\framework\\src\\Illuminate\\Container\\Container.php(984): Illuminate\\Container\\Container->resolveClass(Object(ReflectionParameter))
#7 C:\\Users\\Carl\\OneDrive - Polytechnic University of the Philippines\\Documents\\WEB DEV AUTH\\Potatochips\\booking_management\\vendor\\laravel\\framework\\src\\Illuminate\\Container\\Container.php(945): Illuminate\\Container\\Container->resolveDependencies(Array)
#8 C:\\Users\\Carl\\OneDrive - Polytechnic University of the Philippines\\Documents\\WEB DEV AUTH\\Potatochips\\booking_management\\vendor\\laravel\\framework\\src\\Illuminate\\Container\\Container.php(795): Illuminate\\Container\\Container->build('App\\\\Http\\\\Contro...')
#9 C:\\Users\\Carl\\OneDrive - Polytechnic University of the Philippines\\Documents\\WEB DEV AUTH\\Potatochips\\booking_management\\vendor\\laravel\\framework\\src\\Illuminate\\Foundation\\Application.php(933): Illuminate\\Container\\Container->resolve('App\\\\Http\\\\Contro...', Array, true)
#10 C:\\Users\\Carl\\OneDrive - Polytechnic University of the Philippines\\Documents\\WEB DEV AUTH\\Potatochips\\booking_management\\vendor\\laravel\\framework\\src\\Illuminate\\Container\\Container.php(731): Illuminate\\Foundation\\Application->resolve('App\\\\Http\\\\Contro...', Array)
#11 C:\\Users\\Carl\\OneDrive - Polytechnic University of the Philippines\\Documents\\WEB DEV AUTH\\Potatochips\\booking_management\\vendor\\laravel\\framework\\src\\Illuminate\\Foundation\\Application.php(918): Illuminate\\Container\\Container->make('App\\\\Http\\\\Contro...', Array)
#12 C:\\Users\\Carl\\OneDrive - Polytechnic University of the Philippines\\Documents\\WEB DEV AUTH\\Potatochips\\booking_management\\vendor\\laravel\\framework\\src\\Illuminate\\Routing\\Route.php(274): Illuminate\\Foundation\\Application->make('App\\\\Http\\\\Contro...')
#13 C:\\Users\\Carl\\OneDrive - Polytechnic University of the Philippines\\Documents\\WEB DEV AUTH\\Potatochips\\booking_management\\vendor\\laravel\\framework\\src\\Illuminate\\Routing\\Route.php(1100): Illuminate\\Routing\\Route->getController()
#14 C:\\Users\\Carl\\OneDrive - Polytechnic University of the Philippines\\Documents\\WEB DEV AUTH\\Potatochips\\booking_management\\vendor\\laravel\\framework\\src\\Illuminate\\Routing\\Route.php(1031): Illuminate\\Routing\\Route->controllerMiddleware()
#15 C:\\Users\\Carl\\OneDrive - Polytechnic University of the Philippines\\Documents\\WEB DEV AUTH\\Potatochips\\booking_management\\vendor\\laravel\\framework\\src\\Illuminate\\Routing\\Router.php(811): Illuminate\\Routing\\Route->gatherMiddleware()
#16 C:\\Users\\Carl\\OneDrive - Polytechnic University of the Philippines\\Documents\\WEB DEV AUTH\\Potatochips\\booking_management\\vendor\\laravel\\framework\\src\\Illuminate\\Routing\\Router.php(793): Illuminate\\Routing\\Router->gatherRouteMiddleware(Object(Illuminate\\Routing\\Route))
#17 C:\\Users\\Carl\\OneDrive - Polytechnic University of the Philippines\\Documents\\WEB DEV AUTH\\Potatochips\\booking_management\\vendor\\laravel\\framework\\src\\Illuminate\\Routing\\Router.php(777): Illuminate\\Routing\\Router->runRouteWithinStack(Object(Illuminate\\Routing\\Route), Object(Illuminate\\Http\\Request))
#18 C:\\Users\\Carl\\OneDrive - Polytechnic University of the Philippines\\Documents\\WEB DEV AUTH\\Potatochips\\booking_management\\vendor\\laravel\\framework\\src\\Illuminate\\Routing\\Router.php(741): Illuminate\\Routing\\Router->runRoute(Object(Illuminate\\Http\\Request), Object(Illuminate\\Routing\\Route))
#19 C:\\Users\\Carl\\OneDrive - Polytechnic University of the Philippines\\Documents\\WEB DEV AUTH\\Potatochips\\booking_management\\vendor\\laravel\\framework\\src\\Illuminate\\Routing\\Router.php(730): Illuminate\\Routing\\Router->dispatchToRoute(Object(Illuminate\\Http\\Request))
#20 C:\\Users\\Carl\\OneDrive - Polytechnic University of the Philippines\\Documents\\WEB DEV AUTH\\Potatochips\\booking_management\\vendor\\laravel\\framework\\src\\Illuminate\\Foundation\\Http\\Kernel.php(200): Illuminate\\Routing\\Router->dispatch(Object(Illuminate\\Http\\Request))
#21 C:\\Users\\Carl\\OneDrive - Polytechnic University of the Philippines\\Documents\\WEB DEV AUTH\\Potatochips\\booking_management\\vendor\\laravel\\framework\\src\\Illuminate\\Pipeline\\Pipeline.php(141): Illuminate\\Foundation\\Http\\Kernel->Illuminate\\Foundation\\Http\\{closure}(Object(Illuminate\\Http\\Request))
#22 C:\\Users\\Carl\\OneDrive - Polytechnic University of the Philippines\\Documents\\WEB DEV AUTH\\Potatochips\\booking_management\\vendor\\laravel\\framework\\src\\Illuminate\\Foundation\\Http\\Middleware\\TransformsRequest.php(21): Illuminate\\Pipeline\\Pipeline->Illuminate\\Pipeline\\{closure}(Object(Illuminate\\Http\\Request))
#23 C:\\Users\\Carl\\OneDrive - Polytechnic University of the Philippines\\Documents\\WEB DEV AUTH\\Potatochips\\booking_management\\vendor\\laravel\\framework\\src\\Illuminate\\Foundation\\Http\\Middleware\\ConvertEmptyStringsToNull.php(31): Illuminate\\Foundation\\Http\\Middleware\\TransformsRequest->handle(Object(Illuminate\\Http\\Request), Object(Closure))
#24 C:\\Users\\Carl\\OneDrive - Polytechnic University of the Philippines\\Documents\\WEB DEV AUTH\\Potatochips\\booking_management\\vendor\\laravel\\framework\\src\\Illuminate\\Pipeline\\Pipeline.php(180): Illuminate\\Foundation\\Http\\Middleware\\ConvertEmptyStringsToNull->handle(Object(Illuminate\\Http\\Request), Object(Closure))
#25 C:\\Users\\Carl\\OneDrive - Polytechnic University of the Philippines\\Documents\\WEB DEV AUTH\\Potatochips\\booking_management\\vendor\\laravel\\framework\\src\\Illuminate\\Foundation\\Http\\Middleware\\TransformsRequest.php(21): Illuminate\\Pipeline\\Pipeline->Illuminate\\Pipeline\\{closure}(Object(Illuminate\\Http\\Request))
#26 C:\\Users\\Carl\\OneDrive - Polytechnic University of the Philippines\\Documents\\WEB DEV AUTH\\Potatochips\\booking_management\\vendor\\laravel\\framework\\src\\Illuminate\\Foundation\\Http\\Middleware\\TrimStrings.php(40): Illuminate\\Foundation\\Http\\Middleware\\TransformsRequest->handle(Object(Illuminate\\Http\\Request), Object(Closure))
#27 C:\\Users\\Carl\\OneDrive - Polytechnic University of the Philippines\\Documents\\WEB DEV AUTH\\Potatochips\\booking_management\\vendor\\laravel\\framework\\src\\Illuminate\\Pipeline\\Pipeline.php(180): Illuminate\\Foundation\\Http\\Middleware\\TrimStrings->handle(Object(Illuminate\\Http\\Request), Object(Closure))
#28 C:\\Users\\Carl\\OneDrive - Polytechnic University of the Philippines\\Documents\\WEB DEV AUTH\\Potatochips\\booking_management\\vendor\\laravel\\framework\\src\\Illuminate\\Foundation\\Http\\Middleware\\ValidatePostSize.php(27): Illuminate\\Pipeline\\Pipeline->Illuminate\\Pipeline\\{closure}(Object(Illuminate\\Http\\Request))
#29 C:\\Users\\Carl\\OneDrive - Polytechnic University of the Philippines\\Documents\\WEB DEV AUTH\\Potatochips\\booking_management\\vendor\\laravel\\framework\\src\\Illuminate\\Pipeline\\Pipeline.php(180): Illuminate\\Foundation\\Http\\Middleware\\ValidatePostSize->handle(Object(Illuminate\\Http\\Request), Object(Closure))
#30 C:\\Users\\Carl\\OneDrive - Polytechnic University of the Philippines\\Documents\\WEB DEV AUTH\\Potatochips\\booking_management\\vendor\\laravel\\framework\\src\\Illuminate\\Foundation\\Http\\Middleware\\PreventRequestsDuringMaintenance.php(86): Illuminate\\Pipeline\\Pipeline->Illuminate\\Pipeline\\{closure}(Object(Illuminate\\Http\\Request))
#31 C:\\Users\\Carl\\OneDrive - Polytechnic University of the Philippines\\Documents\\WEB DEV AUTH\\Potatochips\\booking_management\\vendor\\laravel\\framework\\src\\Illuminate\\Pipeline\\Pipeline.php(180): Illuminate\\Foundation\\Http\\Middleware\\PreventRequestsDuringMaintenance->handle(Object(Illuminate\\Http\\Request), Object(Closure))
#32 C:\\Users\\Carl\\OneDrive - Polytechnic University of the Philippines\\Documents\\WEB DEV AUTH\\Potatochips\\booking_management\\vendor\\laravel\\framework\\src\\Illuminate\\Http\\Middleware\\HandleCors.php(49): Illuminate\\Pipeline\\Pipeline->Illuminate\\Pipeline\\{closure}(Object(Illuminate\\Http\\Request))
#33 C:\\Users\\Carl\\OneDrive - Polytechnic University of the Philippines\\Documents\\WEB DEV AUTH\\Potatochips\\booking_management\\vendor\\laravel\\framework\\src\\Illuminate\\Pipeline\\Pipeline.php(180): Illuminate\\Http\\Middleware\\HandleCors->handle(Object(Illuminate\\Http\\Request), Object(Closure))
#34 C:\\Users\\Carl\\OneDrive - Polytechnic University of the Philippines\\Documents\\WEB DEV AUTH\\Potatochips\\booking_management\\vendor\\laravel\\framework\\src\\Illuminate\\Http\\Middleware\\TrustProxies.php(39): Illuminate\\Pipeline\\Pipeline->Illuminate\\Pipeline\\{closure}(Object(Illuminate\\Http\\Request))
#35 C:\\Users\\Carl\\OneDrive - Polytechnic University of the Philippines\\Documents\\WEB DEV AUTH\\Potatochips\\booking_management\\vendor\\laravel\\framework\\src\\Illuminate\\Pipeline\\Pipeline.php(180): Illuminate\\Http\\Middleware\\TrustProxies->handle(Object(Illuminate\\Http\\Request), Object(Closure))
#36 C:\\Users\\Carl\\OneDrive - Polytechnic University of the Philippines\\Documents\\WEB DEV AUTH\\Potatochips\\booking_management\\vendor\\laravel\\framework\\src\\Illuminate\\Pipeline\\Pipeline.php(116): Illuminate\\Pipeline\\Pipeline->Illuminate\\Pipeline\\{closure}(Object(Illuminate\\Http\\Request))
#37 C:\\Users\\Carl\\OneDrive - Polytechnic University of the Philippines\\Documents\\WEB DEV AUTH\\Potatochips\\booking_management\\vendor\\laravel\\framework\\src\\Illuminate\\Foundation\\Http\\Kernel.php(175): Illuminate\\Pipeline\\Pipeline->then(Object(Closure))
#38 C:\\Users\\Carl\\OneDrive - Polytechnic University of the Philippines\\Documents\\WEB DEV AUTH\\Potatochips\\booking_management\\vendor\\laravel\\framework\\src\\Illuminate\\Foundation\\Http\\Kernel.php(144): Illuminate\\Foundation\\Http\\Kernel->sendRequestThroughRouter(Object(Illuminate\\Http\\Request))
#39 C:\\Users\\Carl\\OneDrive - Polytechnic University of the Philippines\\Documents\\WEB DEV AUTH\\Potatochips\\booking_management\\public\\index.php(51): Illuminate\\Foundation\\Http\\Kernel->handle(Object(Illuminate\\Http\\Request))
#40 C:\\Users\\Carl\\OneDrive - Polytechnic University of the Philippines\\Documents\\WEB DEV AUTH\\Potatochips\\booking_management\\vendor\\laravel\\framework\\src\\Illuminate\\Foundation\\resources\\server.php(16): require_once('C:\\\\Users\\\\Carl\\\\O...')
#41 {main}
"} 
[2025-01-28 23:09:33] local.ERROR: Target class [App\Http\Controllers\PaymentService] does not exist. {"exception":"[object] (Illuminate\\Contracts\\Container\\BindingResolutionException(code: 0): Target class [App\\Http\\Controllers\\PaymentService] does not exist. at C:\\Users\\Carl\\OneDrive - Polytechnic University of the Philippines\\Documents\\WEB DEV AUTH\\Potatochips\\booking_management\\vendor\\laravel\\framework\\src\\Illuminate\\Container\\Container.php:916)
[stacktrace]
#0 C:\\Users\\Carl\\OneDrive - Polytechnic University of the Philippines\\Documents\\WEB DEV AUTH\\Potatochips\\booking_management\\vendor\\laravel\\framework\\src\\Illuminate\\Container\\Container.php(795): Illuminate\\Container\\Container->build('App\\\\Http\\\\Contro...')
#1 C:\\Users\\Carl\\OneDrive - Polytechnic University of the Philippines\\Documents\\WEB DEV AUTH\\Potatochips\\booking_management\\vendor\\laravel\\framework\\src\\Illuminate\\Foundation\\Application.php(933): Illuminate\\Container\\Container->resolve('App\\\\Http\\\\Contro...', Array, true)
#2 C:\\Users\\Carl\\OneDrive - Polytechnic University of the Philippines\\Documents\\WEB DEV AUTH\\Potatochips\\booking_management\\vendor\\laravel\\framework\\src\\Illuminate\\Container\\Container.php(731): Illuminate\\Foundation\\Application->resolve('App\\\\Http\\\\Contro...', Array)
#3 C:\\Users\\Carl\\OneDrive - Polytechnic University of the Philippines\\Documents\\WEB DEV AUTH\\Potatochips\\booking_management\\vendor\\laravel\\framework\\src\\Illuminate\\Foundation\\Application.php(918): Illuminate\\Container\\Container->make('App\\\\Http\\\\Contro...', Array)
#4 C:\\Users\\Carl\\OneDrive - Polytechnic University of the Philippines\\Documents\\WEB DEV AUTH\\Potatochips\\booking_management\\vendor\\laravel\\framework\\src\\Illuminate\\Container\\Container.php(1068): Illuminate\\Foundation\\Application->make('App\\\\Http\\\\Contro...')
#5 C:\\Users\\Carl\\OneDrive - Polytechnic University of the Philippines\\Documents\\WEB DEV AUTH\\Potatochips\\booking_management\\vendor\\laravel\\framework\\src\\Illuminate\\Container\\Container.php(984): Illuminate\\Container\\Container->resolveClass(Object(ReflectionParameter))
#6 C:\\Users\\Carl\\OneDrive - Polytechnic University of the Philippines\\Documents\\WEB DEV AUTH\\Potatochips\\booking_management\\vendor\\laravel\\framework\\src\\Illuminate\\Container\\Container.php(945): Illuminate\\Container\\Container->resolveDependencies(Array)
#7 C:\\Users\\Carl\\OneDrive - Polytechnic University of the Philippines\\Documents\\WEB DEV AUTH\\Potatochips\\booking_management\\vendor\\laravel\\framework\\src\\Illuminate\\Container\\Container.php(795): Illuminate\\Container\\Container->build('App\\\\Http\\\\Contro...')
#8 C:\\Users\\Carl\\OneDrive - Polytechnic University of the Philippines\\Documents\\WEB DEV AUTH\\Potatochips\\booking_management\\vendor\\laravel\\framework\\src\\Illuminate\\Foundation\\Application.php(933): Illuminate\\Container\\Container->resolve('App\\\\Http\\\\Contro...', Array, true)
#9 C:\\Users\\Carl\\OneDrive - Polytechnic University of the Philippines\\Documents\\WEB DEV AUTH\\Potatochips\\booking_management\\vendor\\laravel\\framework\\src\\Illuminate\\Container\\Container.php(731): Illuminate\\Foundation\\Application->resolve('App\\\\Http\\\\Contro...', Array)
#10 C:\\Users\\Carl\\OneDrive - Polytechnic University of the Philippines\\Documents\\WEB DEV AUTH\\Potatochips\\booking_management\\vendor\\laravel\\framework\\src\\Illuminate\\Foundation\\Application.php(918): Illuminate\\Container\\Container->make('App\\\\Http\\\\Contro...', Array)
#11 C:\\Users\\Carl\\OneDrive - Polytechnic University of the Philippines\\Documents\\WEB DEV AUTH\\Potatochips\\booking_management\\vendor\\laravel\\framework\\src\\Illuminate\\Routing\\Route.php(274): Illuminate\\Foundation\\Application->make('App\\\\Http\\\\Contro...')
#12 C:\\Users\\Carl\\OneDrive - Polytechnic University of the Philippines\\Documents\\WEB DEV AUTH\\Potatochips\\booking_management\\vendor\\laravel\\framework\\src\\Illuminate\\Routing\\Route.php(1100): Illuminate\\Routing\\Route->getController()
#13 C:\\Users\\Carl\\OneDrive - Polytechnic University of the Philippines\\Documents\\WEB DEV AUTH\\Potatochips\\booking_management\\vendor\\laravel\\framework\\src\\Illuminate\\Routing\\Route.php(1031): Illuminate\\Routing\\Route->controllerMiddleware()
#14 C:\\Users\\Carl\\OneDrive - Polytechnic University of the Philippines\\Documents\\WEB DEV AUTH\\Potatochips\\booking_management\\vendor\\laravel\\framework\\src\\Illuminate\\Routing\\Router.php(811): Illuminate\\Routing\\Route->gatherMiddleware()
#15 C:\\Users\\Carl\\OneDrive - Polytechnic University of the Philippines\\Documents\\WEB DEV AUTH\\Potatochips\\booking_management\\vendor\\laravel\\framework\\src\\Illuminate\\Routing\\Router.php(793): Illuminate\\Routing\\Router->gatherRouteMiddleware(Object(Illuminate\\Routing\\Route))
#16 C:\\Users\\Carl\\OneDrive - Polytechnic University of the Philippines\\Documents\\WEB DEV AUTH\\Potatochips\\booking_management\\vendor\\laravel\\framework\\src\\Illuminate\\Routing\\Router.php(777): Illuminate\\Routing\\Router->runRouteWithinStack(Object(Illuminate\\Routing\\Route), Object(Illuminate\\Http\\Request))
#17 C:\\Users\\Carl\\OneDrive - Polytechnic University of the Philippines\\Documents\\WEB DEV AUTH\\Potatochips\\booking_management\\vendor\\laravel\\framework\\src\\Illuminate\\Routing\\Router.php(741): Illuminate\\Routing\\Router->runRoute(Object(Illuminate\\Http\\Request), Object(Illuminate\\Routing\\Route))
#18 C:\\Users\\Carl\\OneDrive - Polytechnic University of the Philippines\\Documents\\WEB DEV AUTH\\Potatochips\\booking_management\\vendor\\laravel\\framework\\src\\Illuminate\\Routing\\Router.php(730): Illuminate\\Routing\\Router->dispatchToRoute(Object(Illuminate\\Http\\Request))
#19 C:\\Users\\Carl\\OneDrive - Polytechnic University of the Philippines\\Documents\\WEB DEV AUTH\\Potatochips\\booking_management\\vendor\\laravel\\framework\\src\\Illuminate\\Foundation\\Http\\Kernel.php(200): Illuminate\\Routing\\Router->dispatch(Object(Illuminate\\Http\\Request))
#20 C:\\Users\\Carl\\OneDrive - Polytechnic University of the Philippines\\Documents\\WEB DEV AUTH\\Potatochips\\booking_management\\vendor\\laravel\\framework\\src\\Illuminate\\Pipeline\\Pipeline.php(141): Illuminate\\Foundation\\Http\\Kernel->Illuminate\\Foundation\\Http\\{closure}(Object(Illuminate\\Http\\Request))
#21 C:\\Users\\Carl\\OneDrive - Polytechnic University of the Philippines\\Documents\\WEB DEV AUTH\\Potatochips\\booking_management\\vendor\\laravel\\framework\\src\\Illuminate\\Foundation\\Http\\Middleware\\TransformsRequest.php(21): Illuminate\\Pipeline\\Pipeline->Illuminate\\Pipeline\\{closure}(Object(Illuminate\\Http\\Request))
#22 C:\\Users\\Carl\\OneDrive - Polytechnic University of the Philippines\\Documents\\WEB DEV AUTH\\Potatochips\\booking_management\\vendor\\laravel\\framework\\src\\Illuminate\\Foundation\\Http\\Middleware\\ConvertEmptyStringsToNull.php(31): Illuminate\\Foundation\\Http\\Middleware\\TransformsRequest->handle(Object(Illuminate\\Http\\Request), Object(Closure))
#23 C:\\Users\\Carl\\OneDrive - Polytechnic University of the Philippines\\Documents\\WEB DEV AUTH\\Potatochips\\booking_management\\vendor\\laravel\\framework\\src\\Illuminate\\Pipeline\\Pipeline.php(180): Illuminate\\Foundation\\Http\\Middleware\\ConvertEmptyStringsToNull->handle(Object(Illuminate\\Http\\Request), Object(Closure))
#24 C:\\Users\\Carl\\OneDrive - Polytechnic University of the Philippines\\Documents\\WEB DEV AUTH\\Potatochips\\booking_management\\vendor\\laravel\\framework\\src\\Illuminate\\Foundation\\Http\\Middleware\\TransformsRequest.php(21): Illuminate\\Pipeline\\Pipeline->Illuminate\\Pipeline\\{closure}(Object(Illuminate\\Http\\Request))
#25 C:\\Users\\Carl\\OneDrive - Polytechnic University of the Philippines\\Documents\\WEB DEV AUTH\\Potatochips\\booking_management\\vendor\\laravel\\framework\\src\\Illuminate\\Foundation\\Http\\Middleware\\TrimStrings.php(40): Illuminate\\Foundation\\Http\\Middleware\\TransformsRequest->handle(Object(Illuminate\\Http\\Request), Object(Closure))
#26 C:\\Users\\Carl\\OneDrive - Polytechnic University of the Philippines\\Documents\\WEB DEV AUTH\\Potatochips\\booking_management\\vendor\\laravel\\framework\\src\\Illuminate\\Pipeline\\Pipeline.php(180): Illuminate\\Foundation\\Http\\Middleware\\TrimStrings->handle(Object(Illuminate\\Http\\Request), Object(Closure))
#27 C:\\Users\\Carl\\OneDrive - Polytechnic University of the Philippines\\Documents\\WEB DEV AUTH\\Potatochips\\booking_management\\vendor\\laravel\\framework\\src\\Illuminate\\Foundation\\Http\\Middleware\\ValidatePostSize.php(27): Illuminate\\Pipeline\\Pipeline->Illuminate\\Pipeline\\{closure}(Object(Illuminate\\Http\\Request))
#28 C:\\Users\\Carl\\OneDrive - Polytechnic University of the Philippines\\Documents\\WEB DEV AUTH\\Potatochips\\booking_management\\vendor\\laravel\\framework\\src\\Illuminate\\Pipeline\\Pipeline.php(180): Illuminate\\Foundation\\Http\\Middleware\\ValidatePostSize->handle(Object(Illuminate\\Http\\Request), Object(Closure))
#29 C:\\Users\\Carl\\OneDrive - Polytechnic University of the Philippines\\Documents\\WEB DEV AUTH\\Potatochips\\booking_management\\vendor\\laravel\\framework\\src\\Illuminate\\Foundation\\Http\\Middleware\\PreventRequestsDuringMaintenance.php(86): Illuminate\\Pipeline\\Pipeline->Illuminate\\Pipeline\\{closure}(Object(Illuminate\\Http\\Request))
#30 C:\\Users\\Carl\\OneDrive - Polytechnic University of the Philippines\\Documents\\WEB DEV AUTH\\Potatochips\\booking_management\\vendor\\laravel\\framework\\src\\Illuminate\\Pipeline\\Pipeline.php(180): Illuminate\\Foundation\\Http\\Middleware\\PreventRequestsDuringMaintenance->handle(Object(Illuminate\\Http\\Request), Object(Closure))
#31 C:\\Users\\Carl\\OneDrive - Polytechnic University of the Philippines\\Documents\\WEB DEV AUTH\\Potatochips\\booking_management\\vendor\\laravel\\framework\\src\\Illuminate\\Http\\Middleware\\HandleCors.php(49): Illuminate\\Pipeline\\Pipeline->Illuminate\\Pipeline\\{closure}(Object(Illuminate\\Http\\Request))
#32 C:\\Users\\Carl\\OneDrive - Polytechnic University of the Philippines\\Documents\\WEB DEV AUTH\\Potatochips\\booking_management\\vendor\\laravel\\framework\\src\\Illuminate\\Pipeline\\Pipeline.php(180): Illuminate\\Http\\Middleware\\HandleCors->handle(Object(Illuminate\\Http\\Request), Object(Closure))
#33 C:\\Users\\Carl\\OneDrive - Polytechnic University of the Philippines\\Documents\\WEB DEV AUTH\\Potatochips\\booking_management\\vendor\\laravel\\framework\\src\\Illuminate\\Http\\Middleware\\TrustProxies.php(39): Illuminate\\Pipeline\\Pipeline->Illuminate\\Pipeline\\{closure}(Object(Illuminate\\Http\\Request))
#34 C:\\Users\\Carl\\OneDrive - Polytechnic University of the Philippines\\Documents\\WEB DEV AUTH\\Potatochips\\booking_management\\vendor\\laravel\\framework\\src\\Illuminate\\Pipeline\\Pipeline.php(180): Illuminate\\Http\\Middleware\\TrustProxies->handle(Object(Illuminate\\Http\\Request), Object(Closure))
#35 C:\\Users\\Carl\\OneDrive - Polytechnic University of the Philippines\\Documents\\WEB DEV AUTH\\Potatochips\\booking_management\\vendor\\laravel\\framework\\src\\Illuminate\\Pipeline\\Pipeline.php(116): Illuminate\\Pipeline\\Pipeline->Illuminate\\Pipeline\\{closure}(Object(Illuminate\\Http\\Request))
#36 C:\\Users\\Carl\\OneDrive - Polytechnic University of the Philippines\\Documents\\WEB DEV AUTH\\Potatochips\\booking_management\\vendor\\laravel\\framework\\src\\Illuminate\\Foundation\\Http\\Kernel.php(175): Illuminate\\Pipeline\\Pipeline->then(Object(Closure))
#37 C:\\Users\\Carl\\OneDrive - Polytechnic University of the Philippines\\Documents\\WEB DEV AUTH\\Potatochips\\booking_management\\vendor\\laravel\\framework\\src\\Illuminate\\Foundation\\Http\\Kernel.php(144): Illuminate\\Foundation\\Http\\Kernel->sendRequestThroughRouter(Object(Illuminate\\Http\\Request))
#38 C:\\Users\\Carl\\OneDrive - Polytechnic University of the Philippines\\Documents\\WEB DEV AUTH\\Potatochips\\booking_management\\public\\index.php(51): Illuminate\\Foundation\\Http\\Kernel->handle(Object(Illuminate\\Http\\Request))
#39 C:\\Users\\Carl\\OneDrive - Polytechnic University of the Philippines\\Documents\\WEB DEV AUTH\\Potatochips\\booking_management\\vendor\\laravel\\framework\\src\\Illuminate\\Foundation\\resources\\server.php(16): require_once('C:\\\\Users\\\\Carl\\\\O...')
#40 {main}

[previous exception] [object] (ReflectionException(code: -1): Class \"App\\Http\\Controllers\\PaymentService\" does not exist at C:\\Users\\Carl\\OneDrive - Polytechnic University of the Philippines\\Documents\\WEB DEV AUTH\\Potatochips\\booking_management\\vendor\\laravel\\framework\\src\\Illuminate\\Container\\Container.php:914)
[stacktrace]
#0 C:\\Users\\Carl\\OneDrive - Polytechnic University of the Philippines\\Documents\\WEB DEV AUTH\\Potatochips\\booking_management\\vendor\\laravel\\framework\\src\\Illuminate\\Container\\Container.php(914): ReflectionClass->__construct('App\\\\Http\\\\Contro...')
#1 C:\\Users\\Carl\\OneDrive - Polytechnic University of the Philippines\\Documents\\WEB DEV AUTH\\Potatochips\\booking_management\\vendor\\laravel\\framework\\src\\Illuminate\\Container\\Container.php(795): Illuminate\\Container\\Container->build('App\\\\Http\\\\Contro...')
#2 C:\\Users\\Carl\\OneDrive - Polytechnic University of the Philippines\\Documents\\WEB DEV AUTH\\Potatochips\\booking_management\\vendor\\laravel\\framework\\src\\Illuminate\\Foundation\\Application.php(933): Illuminate\\Container\\Container->resolve('App\\\\Http\\\\Contro...', Array, true)
#3 C:\\Users\\Carl\\OneDrive - Polytechnic University of the Philippines\\Documents\\WEB DEV AUTH\\Potatochips\\booking_management\\vendor\\laravel\\framework\\src\\Illuminate\\Container\\Container.php(731): Illuminate\\Foundation\\Application->resolve('App\\\\Http\\\\Contro...', Array)
#4 C:\\Users\\Carl\\OneDrive - Polytechnic University of the Philippines\\Documents\\WEB DEV AUTH\\Potatochips\\booking_management\\vendor\\laravel\\framework\\src\\Illuminate\\Foundation\\Application.php(918): Illuminate\\Container\\Container->make('App\\\\Http\\\\Contro...', Array)
#5 C:\\Users\\Carl\\OneDrive - Polytechnic University of the Philippines\\Documents\\WEB DEV AUTH\\Potatochips\\booking_management\\vendor\\laravel\\framework\\src\\Illuminate\\Container\\Container.php(1068): Illuminate\\Foundation\\Application->make('App\\\\Http\\\\Contro...')
#6 C:\\Users\\Carl\\OneDrive - Polytechnic University of the Philippines\\Documents\\WEB DEV AUTH\\Potatochips\\booking_management\\vendor\\laravel\\framework\\src\\Illuminate\\Container\\Container.php(984): Illuminate\\Container\\Container->resolveClass(Object(ReflectionParameter))
#7 C:\\Users\\Carl\\OneDrive - Polytechnic University of the Philippines\\Documents\\WEB DEV AUTH\\Potatochips\\booking_management\\vendor\\laravel\\framework\\src\\Illuminate\\Container\\Container.php(945): Illuminate\\Container\\Container->resolveDependencies(Array)
#8 C:\\Users\\Carl\\OneDrive - Polytechnic University of the Philippines\\Documents\\WEB DEV AUTH\\Potatochips\\booking_management\\vendor\\laravel\\framework\\src\\Illuminate\\Container\\Container.php(795): Illuminate\\Container\\Container->build('App\\\\Http\\\\Contro...')
#9 C:\\Users\\Carl\\OneDrive - Polytechnic University of the Philippines\\Documents\\WEB DEV AUTH\\Potatochips\\booking_management\\vendor\\laravel\\framework\\src\\Illuminate\\Foundation\\Application.php(933): Illuminate\\Container\\Container->resolve('App\\\\Http\\\\Contro...', Array, true)
#10 C:\\Users\\Carl\\OneDrive - Polytechnic University of the Philippines\\Documents\\WEB DEV AUTH\\Potatochips\\booking_management\\vendor\\laravel\\framework\\src\\Illuminate\\Container\\Container.php(731): Illuminate\\Foundation\\Application->resolve('App\\\\Http\\\\Contro...', Array)
#11 C:\\Users\\Carl\\OneDrive - Polytechnic University of the Philippines\\Documents\\WEB DEV AUTH\\Potatochips\\booking_management\\vendor\\laravel\\framework\\src\\Illuminate\\Foundation\\Application.php(918): Illuminate\\Container\\Container->make('App\\\\Http\\\\Contro...', Array)
#12 C:\\Users\\Carl\\OneDrive - Polytechnic University of the Philippines\\Documents\\WEB DEV AUTH\\Potatochips\\booking_management\\vendor\\laravel\\framework\\src\\Illuminate\\Routing\\Route.php(274): Illuminate\\Foundation\\Application->make('App\\\\Http\\\\Contro...')
#13 C:\\Users\\Carl\\OneDrive - Polytechnic University of the Philippines\\Documents\\WEB DEV AUTH\\Potatochips\\booking_management\\vendor\\laravel\\framework\\src\\Illuminate\\Routing\\Route.php(1100): Illuminate\\Routing\\Route->getController()
#14 C:\\Users\\Carl\\OneDrive - Polytechnic University of the Philippines\\Documents\\WEB DEV AUTH\\Potatochips\\booking_management\\vendor\\laravel\\framework\\src\\Illuminate\\Routing\\Route.php(1031): Illuminate\\Routing\\Route->controllerMiddleware()
#15 C:\\Users\\Carl\\OneDrive - Polytechnic University of the Philippines\\Documents\\WEB DEV AUTH\\Potatochips\\booking_management\\vendor\\laravel\\framework\\src\\Illuminate\\Routing\\Router.php(811): Illuminate\\Routing\\Route->gatherMiddleware()
#16 C:\\Users\\Carl\\OneDrive - Polytechnic University of the Philippines\\Documents\\WEB DEV AUTH\\Potatochips\\booking_management\\vendor\\laravel\\framework\\src\\Illuminate\\Routing\\Router.php(793): Illuminate\\Routing\\Router->gatherRouteMiddleware(Object(Illuminate\\Routing\\Route))
#17 C:\\Users\\Carl\\OneDrive - Polytechnic University of the Philippines\\Documents\\WEB DEV AUTH\\Potatochips\\booking_management\\vendor\\laravel\\framework\\src\\Illuminate\\Routing\\Router.php(777): Illuminate\\Routing\\Router->runRouteWithinStack(Object(Illuminate\\Routing\\Route), Object(Illuminate\\Http\\Request))
#18 C:\\Users\\Carl\\OneDrive - Polytechnic University of the Philippines\\Documents\\WEB DEV AUTH\\Potatochips\\booking_management\\vendor\\laravel\\framework\\src\\Illuminate\\Routing\\Router.php(741): Illuminate\\Routing\\Router->runRoute(Object(Illuminate\\Http\\Request), Object(Illuminate\\Routing\\Route))
#19 C:\\Users\\Carl\\OneDrive - Polytechnic University of the Philippines\\Documents\\WEB DEV AUTH\\Potatochips\\booking_management\\vendor\\laravel\\framework\\src\\Illuminate\\Routing\\Router.php(730): Illuminate\\Routing\\Router->dispatchToRoute(Object(Illuminate\\Http\\Request))
#20 C:\\Users\\Carl\\OneDrive - Polytechnic University of the Philippines\\Documents\\WEB DEV AUTH\\Potatochips\\booking_management\\vendor\\laravel\\framework\\src\\Illuminate\\Foundation\\Http\\Kernel.php(200): Illuminate\\Routing\\Router->dispatch(Object(Illuminate\\Http\\Request))
#21 C:\\Users\\Carl\\OneDrive - Polytechnic University of the Philippines\\Documents\\WEB DEV AUTH\\Potatochips\\booking_management\\vendor\\laravel\\framework\\src\\Illuminate\\Pipeline\\Pipeline.php(141): Illuminate\\Foundation\\Http\\Kernel->Illuminate\\Foundation\\Http\\{closure}(Object(Illuminate\\Http\\Request))
#22 C:\\Users\\Carl\\OneDrive - Polytechnic University of the Philippines\\Documents\\WEB DEV AUTH\\Potatochips\\booking_management\\vendor\\laravel\\framework\\src\\Illuminate\\Foundation\\Http\\Middleware\\TransformsRequest.php(21): Illuminate\\Pipeline\\Pipeline->Illuminate\\Pipeline\\{closure}(Object(Illuminate\\Http\\Request))
#23 C:\\Users\\Carl\\OneDrive - Polytechnic University of the Philippines\\Documents\\WEB DEV AUTH\\Potatochips\\booking_management\\vendor\\laravel\\framework\\src\\Illuminate\\Foundation\\Http\\Middleware\\ConvertEmptyStringsToNull.php(31): Illuminate\\Foundation\\Http\\Middleware\\TransformsRequest->handle(Object(Illuminate\\Http\\Request), Object(Closure))
#24 C:\\Users\\Carl\\OneDrive - Polytechnic University of the Philippines\\Documents\\WEB DEV AUTH\\Potatochips\\booking_management\\vendor\\laravel\\framework\\src\\Illuminate\\Pipeline\\Pipeline.php(180): Illuminate\\Foundation\\Http\\Middleware\\ConvertEmptyStringsToNull->handle(Object(Illuminate\\Http\\Request), Object(Closure))
#25 C:\\Users\\Carl\\OneDrive - Polytechnic University of the Philippines\\Documents\\WEB DEV AUTH\\Potatochips\\booking_management\\vendor\\laravel\\framework\\src\\Illuminate\\Foundation\\Http\\Middleware\\TransformsRequest.php(21): Illuminate\\Pipeline\\Pipeline->Illuminate\\Pipeline\\{closure}(Object(Illuminate\\Http\\Request))
#26 C:\\Users\\Carl\\OneDrive - Polytechnic University of the Philippines\\Documents\\WEB DEV AUTH\\Potatochips\\booking_management\\vendor\\laravel\\framework\\src\\Illuminate\\Foundation\\Http\\Middleware\\TrimStrings.php(40): Illuminate\\Foundation\\Http\\Middleware\\TransformsRequest->handle(Object(Illuminate\\Http\\Request), Object(Closure))
#27 C:\\Users\\Carl\\OneDrive - Polytechnic University of the Philippines\\Documents\\WEB DEV AUTH\\Potatochips\\booking_management\\vendor\\laravel\\framework\\src\\Illuminate\\Pipeline\\Pipeline.php(180): Illuminate\\Foundation\\Http\\Middleware\\TrimStrings->handle(Object(Illuminate\\Http\\Request), Object(Closure))
#28 C:\\Users\\Carl\\OneDrive - Polytechnic University of the Philippines\\Documents\\WEB DEV AUTH\\Potatochips\\booking_management\\vendor\\laravel\\framework\\src\\Illuminate\\Foundation\\Http\\Middleware\\ValidatePostSize.php(27): Illuminate\\Pipeline\\Pipeline->Illuminate\\Pipeline\\{closure}(Object(Illuminate\\Http\\Request))
#29 C:\\Users\\Carl\\OneDrive - Polytechnic University of the Philippines\\Documents\\WEB DEV AUTH\\Potatochips\\booking_management\\vendor\\laravel\\framework\\src\\Illuminate\\Pipeline\\Pipeline.php(180): Illuminate\\Foundation\\Http\\Middleware\\ValidatePostSize->handle(Object(Illuminate\\Http\\Request), Object(Closure))
#30 C:\\Users\\Carl\\OneDrive - Polytechnic University of the Philippines\\Documents\\WEB DEV AUTH\\Potatochips\\booking_management\\vendor\\laravel\\framework\\src\\Illuminate\\Foundation\\Http\\Middleware\\PreventRequestsDuringMaintenance.php(86): Illuminate\\Pipeline\\Pipeline->Illuminate\\Pipeline\\{closure}(Object(Illuminate\\Http\\Request))
#31 C:\\Users\\Carl\\OneDrive - Polytechnic University of the Philippines\\Documents\\WEB DEV AUTH\\Potatochips\\booking_management\\vendor\\laravel\\framework\\src\\Illuminate\\Pipeline\\Pipeline.php(180): Illuminate\\Foundation\\Http\\Middleware\\PreventRequestsDuringMaintenance->handle(Object(Illuminate\\Http\\Request), Object(Closure))
#32 C:\\Users\\Carl\\OneDrive - Polytechnic University of the Philippines\\Documents\\WEB DEV AUTH\\Potatochips\\booking_management\\vendor\\laravel\\framework\\src\\Illuminate\\Http\\Middleware\\HandleCors.php(49): Illuminate\\Pipeline\\Pipeline->Illuminate\\Pipeline\\{closure}(Object(Illuminate\\Http\\Request))
#33 C:\\Users\\Carl\\OneDrive - Polytechnic University of the Philippines\\Documents\\WEB DEV AUTH\\Potatochips\\booking_management\\vendor\\laravel\\framework\\src\\Illuminate\\Pipeline\\Pipeline.php(180): Illuminate\\Http\\Middleware\\HandleCors->handle(Object(Illuminate\\Http\\Request), Object(Closure))
#34 C:\\Users\\Carl\\OneDrive - Polytechnic University of the Philippines\\Documents\\WEB DEV AUTH\\Potatochips\\booking_management\\vendor\\laravel\\framework\\src\\Illuminate\\Http\\Middleware\\TrustProxies.php(39): Illuminate\\Pipeline\\Pipeline->Illuminate\\Pipeline\\{closure}(Object(Illuminate\\Http\\Request))
#35 C:\\Users\\Carl\\OneDrive - Polytechnic University of the Philippines\\Documents\\WEB DEV AUTH\\Potatochips\\booking_management\\vendor\\laravel\\framework\\src\\Illuminate\\Pipeline\\Pipeline.php(180): Illuminate\\Http\\Middleware\\TrustProxies->handle(Object(Illuminate\\Http\\Request), Object(Closure))
#36 C:\\Users\\Carl\\OneDrive - Polytechnic University of the Philippines\\Documents\\WEB DEV AUTH\\Potatochips\\booking_management\\vendor\\laravel\\framework\\src\\Illuminate\\Pipeline\\Pipeline.php(116): Illuminate\\Pipeline\\Pipeline->Illuminate\\Pipeline\\{closure}(Object(Illuminate\\Http\\Request))
#37 C:\\Users\\Carl\\OneDrive - Polytechnic University of the Philippines\\Documents\\WEB DEV AUTH\\Potatochips\\booking_management\\vendor\\laravel\\framework\\src\\Illuminate\\Foundation\\Http\\Kernel.php(175): Illuminate\\Pipeline\\Pipeline->then(Object(Closure))
#38 C:\\Users\\Carl\\OneDrive - Polytechnic University of the Philippines\\Documents\\WEB DEV AUTH\\Potatochips\\booking_management\\vendor\\laravel\\framework\\src\\Illuminate\\Foundation\\Http\\Kernel.php(144): Illuminate\\Foundation\\Http\\Kernel->sendRequestThroughRouter(Object(Illuminate\\Http\\Request))
#39 C:\\Users\\Carl\\OneDrive - Polytechnic University of the Philippines\\Documents\\WEB DEV AUTH\\Potatochips\\booking_management\\public\\index.php(51): Illuminate\\Foundation\\Http\\Kernel->handle(Object(Illuminate\\Http\\Request))
#40 C:\\Users\\Carl\\OneDrive - Polytechnic University of the Philippines\\Documents\\WEB DEV AUTH\\Potatochips\\booking_management\\vendor\\laravel\\framework\\src\\Illuminate\\Foundation\\resources\\server.php(16): require_once('C:\\\\Users\\\\Carl\\\\O...')
#41 {main}
"} 
[2025-01-28 23:14:44] local.ERROR: Method App\Http\Controllers\PaymentController::pay does not exist. {"userId":1,"exception":"[object] (BadMethodCallException(code: 0): Method App\\Http\\Controllers\\PaymentController::pay does not exist. at C:\\Users\\Carl\\OneDrive - Polytechnic University of the Philippines\\Documents\\WEB DEV AUTH\\Potatochips\\booking_management\\vendor\\laravel\\framework\\src\\Illuminate\\Routing\\Controller.php:68)
[stacktrace]
#0 C:\\Users\\Carl\\OneDrive - Polytechnic University of the Philippines\\Documents\\WEB DEV AUTH\\Potatochips\\booking_management\\vendor\\laravel\\framework\\src\\Illuminate\\Routing\\Controller.php(54): Illuminate\\Routing\\Controller->__call('pay', Array)
#1 C:\\Users\\Carl\\OneDrive - Polytechnic University of the Philippines\\Documents\\WEB DEV AUTH\\Potatochips\\booking_management\\vendor\\laravel\\framework\\src\\Illuminate\\Routing\\ControllerDispatcher.php(43): Illuminate\\Routing\\Controller->callAction('pay', Array)
#2 C:\\Users\\Carl\\OneDrive - Polytechnic University of the Philippines\\Documents\\WEB DEV AUTH\\Potatochips\\booking_management\\vendor\\laravel\\framework\\src\\Illuminate\\Routing\\Route.php(259): Illuminate\\Routing\\ControllerDispatcher->dispatch(Object(Illuminate\\Routing\\Route), Object(App\\Http\\Controllers\\PaymentController), 'pay')
#3 C:\\Users\\Carl\\OneDrive - Polytechnic University of the Philippines\\Documents\\WEB DEV AUTH\\Potatochips\\booking_management\\vendor\\laravel\\framework\\src\\Illuminate\\Routing\\Route.php(205): Illuminate\\Routing\\Route->runController()
#4 C:\\Users\\Carl\\OneDrive - Polytechnic University of the Philippines\\Documents\\WEB DEV AUTH\\Potatochips\\booking_management\\vendor\\laravel\\framework\\src\\Illuminate\\Routing\\Router.php(799): Illuminate\\Routing\\Route->run()
#5 C:\\Users\\Carl\\OneDrive - Polytechnic University of the Philippines\\Documents\\WEB DEV AUTH\\Potatochips\\booking_management\\vendor\\laravel\\framework\\src\\Illuminate\\Pipeline\\Pipeline.php(141): Illuminate\\Routing\\Router->Illuminate\\Routing\\{closure}(Object(Illuminate\\Http\\Request))
#6 C:\\Users\\Carl\\OneDrive - Polytechnic University of the Philippines\\Documents\\WEB DEV AUTH\\Potatochips\\booking_management\\vendor\\laravel\\framework\\src\\Illuminate\\Routing\\Middleware\\SubstituteBindings.php(50): Illuminate\\Pipeline\\Pipeline->Illuminate\\Pipeline\\{closure}(Object(Illuminate\\Http\\Request))
#7 C:\\Users\\Carl\\OneDrive - Polytechnic University of the Philippines\\Documents\\WEB DEV AUTH\\Potatochips\\booking_management\\vendor\\laravel\\framework\\src\\Illuminate\\Pipeline\\Pipeline.php(180): Illuminate\\Routing\\Middleware\\SubstituteBindings->handle(Object(Illuminate\\Http\\Request), Object(Closure))
#8 C:\\Users\\Carl\\OneDrive - Polytechnic University of the Philippines\\Documents\\WEB DEV AUTH\\Potatochips\\booking_management\\vendor\\laravel\\framework\\src\\Illuminate\\Auth\\Middleware\\Authenticate.php(57): Illuminate\\Pipeline\\Pipeline->Illuminate\\Pipeline\\{closure}(Object(Illuminate\\Http\\Request))
#9 C:\\Users\\Carl\\OneDrive - Polytechnic University of the Philippines\\Documents\\WEB DEV AUTH\\Potatochips\\booking_management\\vendor\\laravel\\framework\\src\\Illuminate\\Pipeline\\Pipeline.php(180): Illuminate\\Auth\\Middleware\\Authenticate->handle(Object(Illuminate\\Http\\Request), Object(Closure), 'customer')
#10 C:\\Users\\Carl\\OneDrive - Polytechnic University of the Philippines\\Documents\\WEB DEV AUTH\\Potatochips\\booking_management\\vendor\\laravel\\framework\\src\\Illuminate\\Foundation\\Http\\Middleware\\VerifyCsrfToken.php(78): Illuminate\\Pipeline\\Pipeline->Illuminate\\Pipeline\\{closure}(Object(Illuminate\\Http\\Request))
#11 C:\\Users\\Carl\\OneDrive - Polytechnic University of the Philippines\\Documents\\WEB DEV AUTH\\Potatochips\\booking_management\\vendor\\laravel\\framework\\src\\Illuminate\\Pipeline\\Pipeline.php(180): Illuminate\\Foundation\\Http\\Middleware\\VerifyCsrfToken->handle(Object(Illuminate\\Http\\Request), Object(Closure))
#12 C:\\Users\\Carl\\OneDrive - Polytechnic University of the Philippines\\Documents\\WEB DEV AUTH\\Potatochips\\booking_management\\vendor\\laravel\\framework\\src\\Illuminate\\View\\Middleware\\ShareErrorsFromSession.php(49): Illuminate\\Pipeline\\Pipeline->Illuminate\\Pipeline\\{closure}(Object(Illuminate\\Http\\Request))
#13 C:\\Users\\Carl\\OneDrive - Polytechnic University of the Philippines\\Documents\\WEB DEV AUTH\\Potatochips\\booking_management\\vendor\\laravel\\framework\\src\\Illuminate\\Pipeline\\Pipeline.php(180): Illuminate\\View\\Middleware\\ShareErrorsFromSession->handle(Object(Illuminate\\Http\\Request), Object(Closure))
#14 C:\\Users\\Carl\\OneDrive - Polytechnic University of the Philippines\\Documents\\WEB DEV AUTH\\Potatochips\\booking_management\\vendor\\laravel\\framework\\src\\Illuminate\\Session\\Middleware\\StartSession.php(121): Illuminate\\Pipeline\\Pipeline->Illuminate\\Pipeline\\{closure}(Object(Illuminate\\Http\\Request))
#15 C:\\Users\\Carl\\OneDrive - Polytechnic University of the Philippines\\Documents\\WEB DEV AUTH\\Potatochips\\booking_management\\vendor\\laravel\\framework\\src\\Illuminate\\Session\\Middleware\\StartSession.php(64): Illuminate\\Session\\Middleware\\StartSession->handleStatefulRequest(Object(Illuminate\\Http\\Request), Object(Illuminate\\Session\\Store), Object(Closure))
#16 C:\\Users\\Carl\\OneDrive - Polytechnic University of the Philippines\\Documents\\WEB DEV AUTH\\Potatochips\\booking_management\\vendor\\laravel\\framework\\src\\Illuminate\\Pipeline\\Pipeline.php(180): Illuminate\\Session\\Middleware\\StartSession->handle(Object(Illuminate\\Http\\Request), Object(Closure))
#17 C:\\Users\\Carl\\OneDrive - Polytechnic University of the Philippines\\Documents\\WEB DEV AUTH\\Potatochips\\booking_management\\vendor\\laravel\\framework\\src\\Illuminate\\Cookie\\Middleware\\AddQueuedCookiesToResponse.php(37): Illuminate\\Pipeline\\Pipeline->Illuminate\\Pipeline\\{closure}(Object(Illuminate\\Http\\Request))
#18 C:\\Users\\Carl\\OneDrive - Polytechnic University of the Philippines\\Documents\\WEB DEV AUTH\\Potatochips\\booking_management\\vendor\\laravel\\framework\\src\\Illuminate\\Pipeline\\Pipeline.php(180): Illuminate\\Cookie\\Middleware\\AddQueuedCookiesToResponse->handle(Object(Illuminate\\Http\\Request), Object(Closure))
#19 C:\\Users\\Carl\\OneDrive - Polytechnic University of the Philippines\\Documents\\WEB DEV AUTH\\Potatochips\\booking_management\\vendor\\laravel\\framework\\src\\Illuminate\\Cookie\\Middleware\\EncryptCookies.php(67): Illuminate\\Pipeline\\Pipeline->Illuminate\\Pipeline\\{closure}(Object(Illuminate\\Http\\Request))
#20 C:\\Users\\Carl\\OneDrive - Polytechnic University of the Philippines\\Documents\\WEB DEV AUTH\\Potatochips\\booking_management\\vendor\\laravel\\framework\\src\\Illuminate\\Pipeline\\Pipeline.php(180): Illuminate\\Cookie\\Middleware\\EncryptCookies->handle(Object(Illuminate\\Http\\Request), Object(Closure))
#21 C:\\Users\\Carl\\OneDrive - Polytechnic University of the Philippines\\Documents\\WEB DEV AUTH\\Potatochips\\booking_management\\vendor\\laravel\\framework\\src\\Illuminate\\Pipeline\\Pipeline.php(116): Illuminate\\Pipeline\\Pipeline->Illuminate\\Pipeline\\{closure}(Object(Illuminate\\Http\\Request))
#22 C:\\Users\\Carl\\OneDrive - Polytechnic University of the Philippines\\Documents\\WEB DEV AUTH\\Potatochips\\booking_management\\vendor\\laravel\\framework\\src\\Illuminate\\Routing\\Router.php(798): Illuminate\\Pipeline\\Pipeline->then(Object(Closure))
#23 C:\\Users\\Carl\\OneDrive - Polytechnic University of the Philippines\\Documents\\WEB DEV AUTH\\Potatochips\\booking_management\\vendor\\laravel\\framework\\src\\Illuminate\\Routing\\Router.php(777): Illuminate\\Routing\\Router->runRouteWithinStack(Object(Illuminate\\Routing\\Route), Object(Illuminate\\Http\\Request))
#24 C:\\Users\\Carl\\OneDrive - Polytechnic University of the Philippines\\Documents\\WEB DEV AUTH\\Potatochips\\booking_management\\vendor\\laravel\\framework\\src\\Illuminate\\Routing\\Router.php(741): Illuminate\\Routing\\Router->runRoute(Object(Illuminate\\Http\\Request), Object(Illuminate\\Routing\\Route))
#25 C:\\Users\\Carl\\OneDrive - Polytechnic University of the Philippines\\Documents\\WEB DEV AUTH\\Potatochips\\booking_management\\vendor\\laravel\\framework\\src\\Illuminate\\Routing\\Router.php(730): Illuminate\\Routing\\Router->dispatchToRoute(Object(Illuminate\\Http\\Request))
#26 C:\\Users\\Carl\\OneDrive - Polytechnic University of the Philippines\\Documents\\WEB DEV AUTH\\Potatochips\\booking_management\\vendor\\laravel\\framework\\src\\Illuminate\\Foundation\\Http\\Kernel.php(200): Illuminate\\Routing\\Router->dispatch(Object(Illuminate\\Http\\Request))
#27 C:\\Users\\Carl\\OneDrive - Polytechnic University of the Philippines\\Documents\\WEB DEV AUTH\\Potatochips\\booking_management\\vendor\\laravel\\framework\\src\\Illuminate\\Pipeline\\Pipeline.php(141): Illuminate\\Foundation\\Http\\Kernel->Illuminate\\Foundation\\Http\\{closure}(Object(Illuminate\\Http\\Request))
#28 C:\\Users\\Carl\\OneDrive - Polytechnic University of the Philippines\\Documents\\WEB DEV AUTH\\Potatochips\\booking_management\\vendor\\laravel\\framework\\src\\Illuminate\\Foundation\\Http\\Middleware\\TransformsRequest.php(21): Illuminate\\Pipeline\\Pipeline->Illuminate\\Pipeline\\{closure}(Object(Illuminate\\Http\\Request))
#29 C:\\Users\\Carl\\OneDrive - Polytechnic University of the Philippines\\Documents\\WEB DEV AUTH\\Potatochips\\booking_management\\vendor\\laravel\\framework\\src\\Illuminate\\Foundation\\Http\\Middleware\\ConvertEmptyStringsToNull.php(31): Illuminate\\Foundation\\Http\\Middleware\\TransformsRequest->handle(Object(Illuminate\\Http\\Request), Object(Closure))
#30 C:\\Users\\Carl\\OneDrive - Polytechnic University of the Philippines\\Documents\\WEB DEV AUTH\\Potatochips\\booking_management\\vendor\\laravel\\framework\\src\\Illuminate\\Pipeline\\Pipeline.php(180): Illuminate\\Foundation\\Http\\Middleware\\ConvertEmptyStringsToNull->handle(Object(Illuminate\\Http\\Request), Object(Closure))
#31 C:\\Users\\Carl\\OneDrive - Polytechnic University of the Philippines\\Documents\\WEB DEV AUTH\\Potatochips\\booking_management\\vendor\\laravel\\framework\\src\\Illuminate\\Foundation\\Http\\Middleware\\TransformsRequest.php(21): Illuminate\\Pipeline\\Pipeline->Illuminate\\Pipeline\\{closure}(Object(Illuminate\\Http\\Request))
#32 C:\\Users\\Carl\\OneDrive - Polytechnic University of the Philippines\\Documents\\WEB DEV AUTH\\Potatochips\\booking_management\\vendor\\laravel\\framework\\src\\Illuminate\\Foundation\\Http\\Middleware\\TrimStrings.php(40): Illuminate\\Foundation\\Http\\Middleware\\TransformsRequest->handle(Object(Illuminate\\Http\\Request), Object(Closure))
#33 C:\\Users\\Carl\\OneDrive - Polytechnic University of the Philippines\\Documents\\WEB DEV AUTH\\Potatochips\\booking_management\\vendor\\laravel\\framework\\src\\Illuminate\\Pipeline\\Pipeline.php(180): Illuminate\\Foundation\\Http\\Middleware\\TrimStrings->handle(Object(Illuminate\\Http\\Request), Object(Closure))
#34 C:\\Users\\Carl\\OneDrive - Polytechnic University of the Philippines\\Documents\\WEB DEV AUTH\\Potatochips\\booking_management\\vendor\\laravel\\framework\\src\\Illuminate\\Foundation\\Http\\Middleware\\ValidatePostSize.php(27): Illuminate\\Pipeline\\Pipeline->Illuminate\\Pipeline\\{closure}(Object(Illuminate\\Http\\Request))
#35 C:\\Users\\Carl\\OneDrive - Polytechnic University of the Philippines\\Documents\\WEB DEV AUTH\\Potatochips\\booking_management\\vendor\\laravel\\framework\\src\\Illuminate\\Pipeline\\Pipeline.php(180): Illuminate\\Foundation\\Http\\Middleware\\ValidatePostSize->handle(Object(Illuminate\\Http\\Request), Object(Closure))
#36 C:\\Users\\Carl\\OneDrive - Polytechnic University of the Philippines\\Documents\\WEB DEV AUTH\\Potatochips\\booking_management\\vendor\\laravel\\framework\\src\\Illuminate\\Foundation\\Http\\Middleware\\PreventRequestsDuringMaintenance.php(86): Illuminate\\Pipeline\\Pipeline->Illuminate\\Pipeline\\{closure}(Object(Illuminate\\Http\\Request))
#37 C:\\Users\\Carl\\OneDrive - Polytechnic University of the Philippines\\Documents\\WEB DEV AUTH\\Potatochips\\booking_management\\vendor\\laravel\\framework\\src\\Illuminate\\Pipeline\\Pipeline.php(180): Illuminate\\Foundation\\Http\\Middleware\\PreventRequestsDuringMaintenance->handle(Object(Illuminate\\Http\\Request), Object(Closure))
#38 C:\\Users\\Carl\\OneDrive - Polytechnic University of the Philippines\\Documents\\WEB DEV AUTH\\Potatochips\\booking_management\\vendor\\laravel\\framework\\src\\Illuminate\\Http\\Middleware\\HandleCors.php(49): Illuminate\\Pipeline\\Pipeline->Illuminate\\Pipeline\\{closure}(Object(Illuminate\\Http\\Request))
#39 C:\\Users\\Carl\\OneDrive - Polytechnic University of the Philippines\\Documents\\WEB DEV AUTH\\Potatochips\\booking_management\\vendor\\laravel\\framework\\src\\Illuminate\\Pipeline\\Pipeline.php(180): Illuminate\\Http\\Middleware\\HandleCors->handle(Object(Illuminate\\Http\\Request), Object(Closure))
#40 C:\\Users\\Carl\\OneDrive - Polytechnic University of the Philippines\\Documents\\WEB DEV AUTH\\Potatochips\\booking_management\\vendor\\laravel\\framework\\src\\Illuminate\\Http\\Middleware\\TrustProxies.php(39): Illuminate\\Pipeline\\Pipeline->Illuminate\\Pipeline\\{closure}(Object(Illuminate\\Http\\Request))
#41 C:\\Users\\Carl\\OneDrive - Polytechnic University of the Philippines\\Documents\\WEB DEV AUTH\\Potatochips\\booking_management\\vendor\\laravel\\framework\\src\\Illuminate\\Pipeline\\Pipeline.php(180): Illuminate\\Http\\Middleware\\TrustProxies->handle(Object(Illuminate\\Http\\Request), Object(Closure))
#42 C:\\Users\\Carl\\OneDrive - Polytechnic University of the Philippines\\Documents\\WEB DEV AUTH\\Potatochips\\booking_management\\vendor\\laravel\\framework\\src\\Illuminate\\Pipeline\\Pipeline.php(116): Illuminate\\Pipeline\\Pipeline->Illuminate\\Pipeline\\{closure}(Object(Illuminate\\Http\\Request))
#43 C:\\Users\\Carl\\OneDrive - Polytechnic University of the Philippines\\Documents\\WEB DEV AUTH\\Potatochips\\booking_management\\vendor\\laravel\\framework\\src\\Illuminate\\Foundation\\Http\\Kernel.php(175): Illuminate\\Pipeline\\Pipeline->then(Object(Closure))
#44 C:\\Users\\Carl\\OneDrive - Polytechnic University of the Philippines\\Documents\\WEB DEV AUTH\\Potatochips\\booking_management\\vendor\\laravel\\framework\\src\\Illuminate\\Foundation\\Http\\Kernel.php(144): Illuminate\\Foundation\\Http\\Kernel->sendRequestThroughRouter(Object(Illuminate\\Http\\Request))
#45 C:\\Users\\Carl\\OneDrive - Polytechnic University of the Philippines\\Documents\\WEB DEV AUTH\\Potatochips\\booking_management\\public\\index.php(51): Illuminate\\Foundation\\Http\\Kernel->handle(Object(Illuminate\\Http\\Request))
#46 C:\\Users\\Carl\\OneDrive - Polytechnic University of the Philippines\\Documents\\WEB DEV AUTH\\Potatochips\\booking_management\\vendor\\laravel\\framework\\src\\Illuminate\\Foundation\\resources\\server.php(16): require_once('C:\\\\Users\\\\Carl\\\\O...')
#47 {main}
"} 
[2025-01-28 23:16:06] local.ERROR: Method App\Http\Controllers\PaymentController::pay does not exist. {"userId":1,"exception":"[object] (BadMethodCallException(code: 0): Method App\\Http\\Controllers\\PaymentController::pay does not exist. at C:\\Users\\Carl\\OneDrive - Polytechnic University of the Philippines\\Documents\\WEB DEV AUTH\\Potatochips\\booking_management\\vendor\\laravel\\framework\\src\\Illuminate\\Routing\\Controller.php:68)
[stacktrace]
#0 C:\\Users\\Carl\\OneDrive - Polytechnic University of the Philippines\\Documents\\WEB DEV AUTH\\Potatochips\\booking_management\\vendor\\laravel\\framework\\src\\Illuminate\\Routing\\Controller.php(54): Illuminate\\Routing\\Controller->__call('pay', Array)
#1 C:\\Users\\Carl\\OneDrive - Polytechnic University of the Philippines\\Documents\\WEB DEV AUTH\\Potatochips\\booking_management\\vendor\\laravel\\framework\\src\\Illuminate\\Routing\\ControllerDispatcher.php(43): Illuminate\\Routing\\Controller->callAction('pay', Array)
#2 C:\\Users\\Carl\\OneDrive - Polytechnic University of the Philippines\\Documents\\WEB DEV AUTH\\Potatochips\\booking_management\\vendor\\laravel\\framework\\src\\Illuminate\\Routing\\Route.php(259): Illuminate\\Routing\\ControllerDispatcher->dispatch(Object(Illuminate\\Routing\\Route), Object(App\\Http\\Controllers\\PaymentController), 'pay')
#3 C:\\Users\\Carl\\OneDrive - Polytechnic University of the Philippines\\Documents\\WEB DEV AUTH\\Potatochips\\booking_management\\vendor\\laravel\\framework\\src\\Illuminate\\Routing\\Route.php(205): Illuminate\\Routing\\Route->runController()
#4 C:\\Users\\Carl\\OneDrive - Polytechnic University of the Philippines\\Documents\\WEB DEV AUTH\\Potatochips\\booking_management\\vendor\\laravel\\framework\\src\\Illuminate\\Routing\\Router.php(799): Illuminate\\Routing\\Route->run()
#5 C:\\Users\\Carl\\OneDrive - Polytechnic University of the Philippines\\Documents\\WEB DEV AUTH\\Potatochips\\booking_management\\vendor\\laravel\\framework\\src\\Illuminate\\Pipeline\\Pipeline.php(141): Illuminate\\Routing\\Router->Illuminate\\Routing\\{closure}(Object(Illuminate\\Http\\Request))
#6 C:\\Users\\Carl\\OneDrive - Polytechnic University of the Philippines\\Documents\\WEB DEV AUTH\\Potatochips\\booking_management\\vendor\\laravel\\framework\\src\\Illuminate\\Routing\\Middleware\\SubstituteBindings.php(50): Illuminate\\Pipeline\\Pipeline->Illuminate\\Pipeline\\{closure}(Object(Illuminate\\Http\\Request))
#7 C:\\Users\\Carl\\OneDrive - Polytechnic University of the Philippines\\Documents\\WEB DEV AUTH\\Potatochips\\booking_management\\vendor\\laravel\\framework\\src\\Illuminate\\Pipeline\\Pipeline.php(180): Illuminate\\Routing\\Middleware\\SubstituteBindings->handle(Object(Illuminate\\Http\\Request), Object(Closure))
#8 C:\\Users\\Carl\\OneDrive - Polytechnic University of the Philippines\\Documents\\WEB DEV AUTH\\Potatochips\\booking_management\\vendor\\laravel\\framework\\src\\Illuminate\\Auth\\Middleware\\Authenticate.php(57): Illuminate\\Pipeline\\Pipeline->Illuminate\\Pipeline\\{closure}(Object(Illuminate\\Http\\Request))
#9 C:\\Users\\Carl\\OneDrive - Polytechnic University of the Philippines\\Documents\\WEB DEV AUTH\\Potatochips\\booking_management\\vendor\\laravel\\framework\\src\\Illuminate\\Pipeline\\Pipeline.php(180): Illuminate\\Auth\\Middleware\\Authenticate->handle(Object(Illuminate\\Http\\Request), Object(Closure), 'customer')
#10 C:\\Users\\Carl\\OneDrive - Polytechnic University of the Philippines\\Documents\\WEB DEV AUTH\\Potatochips\\booking_management\\vendor\\laravel\\framework\\src\\Illuminate\\Foundation\\Http\\Middleware\\VerifyCsrfToken.php(78): Illuminate\\Pipeline\\Pipeline->Illuminate\\Pipeline\\{closure}(Object(Illuminate\\Http\\Request))
#11 C:\\Users\\Carl\\OneDrive - Polytechnic University of the Philippines\\Documents\\WEB DEV AUTH\\Potatochips\\booking_management\\vendor\\laravel\\framework\\src\\Illuminate\\Pipeline\\Pipeline.php(180): Illuminate\\Foundation\\Http\\Middleware\\VerifyCsrfToken->handle(Object(Illuminate\\Http\\Request), Object(Closure))
#12 C:\\Users\\Carl\\OneDrive - Polytechnic University of the Philippines\\Documents\\WEB DEV AUTH\\Potatochips\\booking_management\\vendor\\laravel\\framework\\src\\Illuminate\\View\\Middleware\\ShareErrorsFromSession.php(49): Illuminate\\Pipeline\\Pipeline->Illuminate\\Pipeline\\{closure}(Object(Illuminate\\Http\\Request))
#13 C:\\Users\\Carl\\OneDrive - Polytechnic University of the Philippines\\Documents\\WEB DEV AUTH\\Potatochips\\booking_management\\vendor\\laravel\\framework\\src\\Illuminate\\Pipeline\\Pipeline.php(180): Illuminate\\View\\Middleware\\ShareErrorsFromSession->handle(Object(Illuminate\\Http\\Request), Object(Closure))
#14 C:\\Users\\Carl\\OneDrive - Polytechnic University of the Philippines\\Documents\\WEB DEV AUTH\\Potatochips\\booking_management\\vendor\\laravel\\framework\\src\\Illuminate\\Session\\Middleware\\StartSession.php(121): Illuminate\\Pipeline\\Pipeline->Illuminate\\Pipeline\\{closure}(Object(Illuminate\\Http\\Request))
#15 C:\\Users\\Carl\\OneDrive - Polytechnic University of the Philippines\\Documents\\WEB DEV AUTH\\Potatochips\\booking_management\\vendor\\laravel\\framework\\src\\Illuminate\\Session\\Middleware\\StartSession.php(64): Illuminate\\Session\\Middleware\\StartSession->handleStatefulRequest(Object(Illuminate\\Http\\Request), Object(Illuminate\\Session\\Store), Object(Closure))
#16 C:\\Users\\Carl\\OneDrive - Polytechnic University of the Philippines\\Documents\\WEB DEV AUTH\\Potatochips\\booking_management\\vendor\\laravel\\framework\\src\\Illuminate\\Pipeline\\Pipeline.php(180): Illuminate\\Session\\Middleware\\StartSession->handle(Object(Illuminate\\Http\\Request), Object(Closure))
#17 C:\\Users\\Carl\\OneDrive - Polytechnic University of the Philippines\\Documents\\WEB DEV AUTH\\Potatochips\\booking_management\\vendor\\laravel\\framework\\src\\Illuminate\\Cookie\\Middleware\\AddQueuedCookiesToResponse.php(37): Illuminate\\Pipeline\\Pipeline->Illuminate\\Pipeline\\{closure}(Object(Illuminate\\Http\\Request))
#18 C:\\Users\\Carl\\OneDrive - Polytechnic University of the Philippines\\Documents\\WEB DEV AUTH\\Potatochips\\booking_management\\vendor\\laravel\\framework\\src\\Illuminate\\Pipeline\\Pipeline.php(180): Illuminate\\Cookie\\Middleware\\AddQueuedCookiesToResponse->handle(Object(Illuminate\\Http\\Request), Object(Closure))
#19 C:\\Users\\Carl\\OneDrive - Polytechnic University of the Philippines\\Documents\\WEB DEV AUTH\\Potatochips\\booking_management\\vendor\\laravel\\framework\\src\\Illuminate\\Cookie\\Middleware\\EncryptCookies.php(67): Illuminate\\Pipeline\\Pipeline->Illuminate\\Pipeline\\{closure}(Object(Illuminate\\Http\\Request))
#20 C:\\Users\\Carl\\OneDrive - Polytechnic University of the Philippines\\Documents\\WEB DEV AUTH\\Potatochips\\booking_management\\vendor\\laravel\\framework\\src\\Illuminate\\Pipeline\\Pipeline.php(180): Illuminate\\Cookie\\Middleware\\EncryptCookies->handle(Object(Illuminate\\Http\\Request), Object(Closure))
#21 C:\\Users\\Carl\\OneDrive - Polytechnic University of the Philippines\\Documents\\WEB DEV AUTH\\Potatochips\\booking_management\\vendor\\laravel\\framework\\src\\Illuminate\\Pipeline\\Pipeline.php(116): Illuminate\\Pipeline\\Pipeline->Illuminate\\Pipeline\\{closure}(Object(Illuminate\\Http\\Request))
#22 C:\\Users\\Carl\\OneDrive - Polytechnic University of the Philippines\\Documents\\WEB DEV AUTH\\Potatochips\\booking_management\\vendor\\laravel\\framework\\src\\Illuminate\\Routing\\Router.php(798): Illuminate\\Pipeline\\Pipeline->then(Object(Closure))
#23 C:\\Users\\Carl\\OneDrive - Polytechnic University of the Philippines\\Documents\\WEB DEV AUTH\\Potatochips\\booking_management\\vendor\\laravel\\framework\\src\\Illuminate\\Routing\\Router.php(777): Illuminate\\Routing\\Router->runRouteWithinStack(Object(Illuminate\\Routing\\Route), Object(Illuminate\\Http\\Request))
#24 C:\\Users\\Carl\\OneDrive - Polytechnic University of the Philippines\\Documents\\WEB DEV AUTH\\Potatochips\\booking_management\\vendor\\laravel\\framework\\src\\Illuminate\\Routing\\Router.php(741): Illuminate\\Routing\\Router->runRoute(Object(Illuminate\\Http\\Request), Object(Illuminate\\Routing\\Route))
#25 C:\\Users\\Carl\\OneDrive - Polytechnic University of the Philippines\\Documents\\WEB DEV AUTH\\Potatochips\\booking_management\\vendor\\laravel\\framework\\src\\Illuminate\\Routing\\Router.php(730): Illuminate\\Routing\\Router->dispatchToRoute(Object(Illuminate\\Http\\Request))
#26 C:\\Users\\Carl\\OneDrive - Polytechnic University of the Philippines\\Documents\\WEB DEV AUTH\\Potatochips\\booking_management\\vendor\\laravel\\framework\\src\\Illuminate\\Foundation\\Http\\Kernel.php(200): Illuminate\\Routing\\Router->dispatch(Object(Illuminate\\Http\\Request))
#27 C:\\Users\\Carl\\OneDrive - Polytechnic University of the Philippines\\Documents\\WEB DEV AUTH\\Potatochips\\booking_management\\vendor\\laravel\\framework\\src\\Illuminate\\Pipeline\\Pipeline.php(141): Illuminate\\Foundation\\Http\\Kernel->Illuminate\\Foundation\\Http\\{closure}(Object(Illuminate\\Http\\Request))
#28 C:\\Users\\Carl\\OneDrive - Polytechnic University of the Philippines\\Documents\\WEB DEV AUTH\\Potatochips\\booking_management\\vendor\\laravel\\framework\\src\\Illuminate\\Foundation\\Http\\Middleware\\TransformsRequest.php(21): Illuminate\\Pipeline\\Pipeline->Illuminate\\Pipeline\\{closure}(Object(Illuminate\\Http\\Request))
#29 C:\\Users\\Carl\\OneDrive - Polytechnic University of the Philippines\\Documents\\WEB DEV AUTH\\Potatochips\\booking_management\\vendor\\laravel\\framework\\src\\Illuminate\\Foundation\\Http\\Middleware\\ConvertEmptyStringsToNull.php(31): Illuminate\\Foundation\\Http\\Middleware\\TransformsRequest->handle(Object(Illuminate\\Http\\Request), Object(Closure))
#30 C:\\Users\\Carl\\OneDrive - Polytechnic University of the Philippines\\Documents\\WEB DEV AUTH\\Potatochips\\booking_management\\vendor\\laravel\\framework\\src\\Illuminate\\Pipeline\\Pipeline.php(180): Illuminate\\Foundation\\Http\\Middleware\\ConvertEmptyStringsToNull->handle(Object(Illuminate\\Http\\Request), Object(Closure))
#31 C:\\Users\\Carl\\OneDrive - Polytechnic University of the Philippines\\Documents\\WEB DEV AUTH\\Potatochips\\booking_management\\vendor\\laravel\\framework\\src\\Illuminate\\Foundation\\Http\\Middleware\\TransformsRequest.php(21): Illuminate\\Pipeline\\Pipeline->Illuminate\\Pipeline\\{closure}(Object(Illuminate\\Http\\Request))
#32 C:\\Users\\Carl\\OneDrive - Polytechnic University of the Philippines\\Documents\\WEB DEV AUTH\\Potatochips\\booking_management\\vendor\\laravel\\framework\\src\\Illuminate\\Foundation\\Http\\Middleware\\TrimStrings.php(40): Illuminate\\Foundation\\Http\\Middleware\\TransformsRequest->handle(Object(Illuminate\\Http\\Request), Object(Closure))
#33 C:\\Users\\Carl\\OneDrive - Polytechnic University of the Philippines\\Documents\\WEB DEV AUTH\\Potatochips\\booking_management\\vendor\\laravel\\framework\\src\\Illuminate\\Pipeline\\Pipeline.php(180): Illuminate\\Foundation\\Http\\Middleware\\TrimStrings->handle(Object(Illuminate\\Http\\Request), Object(Closure))
#34 C:\\Users\\Carl\\OneDrive - Polytechnic University of the Philippines\\Documents\\WEB DEV AUTH\\Potatochips\\booking_management\\vendor\\laravel\\framework\\src\\Illuminate\\Foundation\\Http\\Middleware\\ValidatePostSize.php(27): Illuminate\\Pipeline\\Pipeline->Illuminate\\Pipeline\\{closure}(Object(Illuminate\\Http\\Request))
#35 C:\\Users\\Carl\\OneDrive - Polytechnic University of the Philippines\\Documents\\WEB DEV AUTH\\Potatochips\\booking_management\\vendor\\laravel\\framework\\src\\Illuminate\\Pipeline\\Pipeline.php(180): Illuminate\\Foundation\\Http\\Middleware\\ValidatePostSize->handle(Object(Illuminate\\Http\\Request), Object(Closure))
#36 C:\\Users\\Carl\\OneDrive - Polytechnic University of the Philippines\\Documents\\WEB DEV AUTH\\Potatochips\\booking_management\\vendor\\laravel\\framework\\src\\Illuminate\\Foundation\\Http\\Middleware\\PreventRequestsDuringMaintenance.php(86): Illuminate\\Pipeline\\Pipeline->Illuminate\\Pipeline\\{closure}(Object(Illuminate\\Http\\Request))
#37 C:\\Users\\Carl\\OneDrive - Polytechnic University of the Philippines\\Documents\\WEB DEV AUTH\\Potatochips\\booking_management\\vendor\\laravel\\framework\\src\\Illuminate\\Pipeline\\Pipeline.php(180): Illuminate\\Foundation\\Http\\Middleware\\PreventRequestsDuringMaintenance->handle(Object(Illuminate\\Http\\Request), Object(Closure))
#38 C:\\Users\\Carl\\OneDrive - Polytechnic University of the Philippines\\Documents\\WEB DEV AUTH\\Potatochips\\booking_management\\vendor\\laravel\\framework\\src\\Illuminate\\Http\\Middleware\\HandleCors.php(49): Illuminate\\Pipeline\\Pipeline->Illuminate\\Pipeline\\{closure}(Object(Illuminate\\Http\\Request))
#39 C:\\Users\\Carl\\OneDrive - Polytechnic University of the Philippines\\Documents\\WEB DEV AUTH\\Potatochips\\booking_management\\vendor\\laravel\\framework\\src\\Illuminate\\Pipeline\\Pipeline.php(180): Illuminate\\Http\\Middleware\\HandleCors->handle(Object(Illuminate\\Http\\Request), Object(Closure))
#40 C:\\Users\\Carl\\OneDrive - Polytechnic University of the Philippines\\Documents\\WEB DEV AUTH\\Potatochips\\booking_management\\vendor\\laravel\\framework\\src\\Illuminate\\Http\\Middleware\\TrustProxies.php(39): Illuminate\\Pipeline\\Pipeline->Illuminate\\Pipeline\\{closure}(Object(Illuminate\\Http\\Request))
#41 C:\\Users\\Carl\\OneDrive - Polytechnic University of the Philippines\\Documents\\WEB DEV AUTH\\Potatochips\\booking_management\\vendor\\laravel\\framework\\src\\Illuminate\\Pipeline\\Pipeline.php(180): Illuminate\\Http\\Middleware\\TrustProxies->handle(Object(Illuminate\\Http\\Request), Object(Closure))
#42 C:\\Users\\Carl\\OneDrive - Polytechnic University of the Philippines\\Documents\\WEB DEV AUTH\\Potatochips\\booking_management\\vendor\\laravel\\framework\\src\\Illuminate\\Pipeline\\Pipeline.php(116): Illuminate\\Pipeline\\Pipeline->Illuminate\\Pipeline\\{closure}(Object(Illuminate\\Http\\Request))
#43 C:\\Users\\Carl\\OneDrive - Polytechnic University of the Philippines\\Documents\\WEB DEV AUTH\\Potatochips\\booking_management\\vendor\\laravel\\framework\\src\\Illuminate\\Foundation\\Http\\Kernel.php(175): Illuminate\\Pipeline\\Pipeline->then(Object(Closure))
#44 C:\\Users\\Carl\\OneDrive - Polytechnic University of the Philippines\\Documents\\WEB DEV AUTH\\Potatochips\\booking_management\\vendor\\laravel\\framework\\src\\Illuminate\\Foundation\\Http\\Kernel.php(144): Illuminate\\Foundation\\Http\\Kernel->sendRequestThroughRouter(Object(Illuminate\\Http\\Request))
#45 C:\\Users\\Carl\\OneDrive - Polytechnic University of the Philippines\\Documents\\WEB DEV AUTH\\Potatochips\\booking_management\\public\\index.php(51): Illuminate\\Foundation\\Http\\Kernel->handle(Object(Illuminate\\Http\\Request))
#46 C:\\Users\\Carl\\OneDrive - Polytechnic University of the Philippines\\Documents\\WEB DEV AUTH\\Potatochips\\booking_management\\vendor\\laravel\\framework\\src\\Illuminate\\Foundation\\resources\\server.php(16): require_once('C:\\\\Users\\\\Carl\\\\O...')
#47 {main}
"} 
[2025-01-28 23:16:06] local.ERROR: Method App\Http\Controllers\PaymentController::pay does not exist. {"userId":1,"exception":"[object] (BadMethodCallException(code: 0): Method App\\Http\\Controllers\\PaymentController::pay does not exist. at C:\\Users\\Carl\\OneDrive - Polytechnic University of the Philippines\\Documents\\WEB DEV AUTH\\Potatochips\\booking_management\\vendor\\laravel\\framework\\src\\Illuminate\\Routing\\Controller.php:68)
[stacktrace]
#0 C:\\Users\\Carl\\OneDrive - Polytechnic University of the Philippines\\Documents\\WEB DEV AUTH\\Potatochips\\booking_management\\vendor\\laravel\\framework\\src\\Illuminate\\Routing\\Controller.php(54): Illuminate\\Routing\\Controller->__call('pay', Array)
#1 C:\\Users\\Carl\\OneDrive - Polytechnic University of the Philippines\\Documents\\WEB DEV AUTH\\Potatochips\\booking_management\\vendor\\laravel\\framework\\src\\Illuminate\\Routing\\ControllerDispatcher.php(43): Illuminate\\Routing\\Controller->callAction('pay', Array)
#2 C:\\Users\\Carl\\OneDrive - Polytechnic University of the Philippines\\Documents\\WEB DEV AUTH\\Potatochips\\booking_management\\vendor\\laravel\\framework\\src\\Illuminate\\Routing\\Route.php(259): Illuminate\\Routing\\ControllerDispatcher->dispatch(Object(Illuminate\\Routing\\Route), Object(App\\Http\\Controllers\\PaymentController), 'pay')
#3 C:\\Users\\Carl\\OneDrive - Polytechnic University of the Philippines\\Documents\\WEB DEV AUTH\\Potatochips\\booking_management\\vendor\\laravel\\framework\\src\\Illuminate\\Routing\\Route.php(205): Illuminate\\Routing\\Route->runController()
#4 C:\\Users\\Carl\\OneDrive - Polytechnic University of the Philippines\\Documents\\WEB DEV AUTH\\Potatochips\\booking_management\\vendor\\laravel\\framework\\src\\Illuminate\\Routing\\Router.php(799): Illuminate\\Routing\\Route->run()
#5 C:\\Users\\Carl\\OneDrive - Polytechnic University of the Philippines\\Documents\\WEB DEV AUTH\\Potatochips\\booking_management\\vendor\\laravel\\framework\\src\\Illuminate\\Pipeline\\Pipeline.php(141): Illuminate\\Routing\\Router->Illuminate\\Routing\\{closure}(Object(Illuminate\\Http\\Request))
#6 C:\\Users\\Carl\\OneDrive - Polytechnic University of the Philippines\\Documents\\WEB DEV AUTH\\Potatochips\\booking_management\\vendor\\laravel\\framework\\src\\Illuminate\\Routing\\Middleware\\SubstituteBindings.php(50): Illuminate\\Pipeline\\Pipeline->Illuminate\\Pipeline\\{closure}(Object(Illuminate\\Http\\Request))
#7 C:\\Users\\Carl\\OneDrive - Polytechnic University of the Philippines\\Documents\\WEB DEV AUTH\\Potatochips\\booking_management\\vendor\\laravel\\framework\\src\\Illuminate\\Pipeline\\Pipeline.php(180): Illuminate\\Routing\\Middleware\\SubstituteBindings->handle(Object(Illuminate\\Http\\Request), Object(Closure))
#8 C:\\Users\\Carl\\OneDrive - Polytechnic University of the Philippines\\Documents\\WEB DEV AUTH\\Potatochips\\booking_management\\vendor\\laravel\\framework\\src\\Illuminate\\Auth\\Middleware\\Authenticate.php(57): Illuminate\\Pipeline\\Pipeline->Illuminate\\Pipeline\\{closure}(Object(Illuminate\\Http\\Request))
#9 C:\\Users\\Carl\\OneDrive - Polytechnic University of the Philippines\\Documents\\WEB DEV AUTH\\Potatochips\\booking_management\\vendor\\laravel\\framework\\src\\Illuminate\\Pipeline\\Pipeline.php(180): Illuminate\\Auth\\Middleware\\Authenticate->handle(Object(Illuminate\\Http\\Request), Object(Closure), 'customer')
#10 C:\\Users\\Carl\\OneDrive - Polytechnic University of the Philippines\\Documents\\WEB DEV AUTH\\Potatochips\\booking_management\\vendor\\laravel\\framework\\src\\Illuminate\\Foundation\\Http\\Middleware\\VerifyCsrfToken.php(78): Illuminate\\Pipeline\\Pipeline->Illuminate\\Pipeline\\{closure}(Object(Illuminate\\Http\\Request))
#11 C:\\Users\\Carl\\OneDrive - Polytechnic University of the Philippines\\Documents\\WEB DEV AUTH\\Potatochips\\booking_management\\vendor\\laravel\\framework\\src\\Illuminate\\Pipeline\\Pipeline.php(180): Illuminate\\Foundation\\Http\\Middleware\\VerifyCsrfToken->handle(Object(Illuminate\\Http\\Request), Object(Closure))
#12 C:\\Users\\Carl\\OneDrive - Polytechnic University of the Philippines\\Documents\\WEB DEV AUTH\\Potatochips\\booking_management\\vendor\\laravel\\framework\\src\\Illuminate\\View\\Middleware\\ShareErrorsFromSession.php(49): Illuminate\\Pipeline\\Pipeline->Illuminate\\Pipeline\\{closure}(Object(Illuminate\\Http\\Request))
#13 C:\\Users\\Carl\\OneDrive - Polytechnic University of the Philippines\\Documents\\WEB DEV AUTH\\Potatochips\\booking_management\\vendor\\laravel\\framework\\src\\Illuminate\\Pipeline\\Pipeline.php(180): Illuminate\\View\\Middleware\\ShareErrorsFromSession->handle(Object(Illuminate\\Http\\Request), Object(Closure))
#14 C:\\Users\\Carl\\OneDrive - Polytechnic University of the Philippines\\Documents\\WEB DEV AUTH\\Potatochips\\booking_management\\vendor\\laravel\\framework\\src\\Illuminate\\Session\\Middleware\\StartSession.php(121): Illuminate\\Pipeline\\Pipeline->Illuminate\\Pipeline\\{closure}(Object(Illuminate\\Http\\Request))
#15 C:\\Users\\Carl\\OneDrive - Polytechnic University of the Philippines\\Documents\\WEB DEV AUTH\\Potatochips\\booking_management\\vendor\\laravel\\framework\\src\\Illuminate\\Session\\Middleware\\StartSession.php(64): Illuminate\\Session\\Middleware\\StartSession->handleStatefulRequest(Object(Illuminate\\Http\\Request), Object(Illuminate\\Session\\Store), Object(Closure))
#16 C:\\Users\\Carl\\OneDrive - Polytechnic University of the Philippines\\Documents\\WEB DEV AUTH\\Potatochips\\booking_management\\vendor\\laravel\\framework\\src\\Illuminate\\Pipeline\\Pipeline.php(180): Illuminate\\Session\\Middleware\\StartSession->handle(Object(Illuminate\\Http\\Request), Object(Closure))
#17 C:\\Users\\Carl\\OneDrive - Polytechnic University of the Philippines\\Documents\\WEB DEV AUTH\\Potatochips\\booking_management\\vendor\\laravel\\framework\\src\\Illuminate\\Cookie\\Middleware\\AddQueuedCookiesToResponse.php(37): Illuminate\\Pipeline\\Pipeline->Illuminate\\Pipeline\\{closure}(Object(Illuminate\\Http\\Request))
#18 C:\\Users\\Carl\\OneDrive - Polytechnic University of the Philippines\\Documents\\WEB DEV AUTH\\Potatochips\\booking_management\\vendor\\laravel\\framework\\src\\Illuminate\\Pipeline\\Pipeline.php(180): Illuminate\\Cookie\\Middleware\\AddQueuedCookiesToResponse->handle(Object(Illuminate\\Http\\Request), Object(Closure))
#19 C:\\Users\\Carl\\OneDrive - Polytechnic University of the Philippines\\Documents\\WEB DEV AUTH\\Potatochips\\booking_management\\vendor\\laravel\\framework\\src\\Illuminate\\Cookie\\Middleware\\EncryptCookies.php(67): Illuminate\\Pipeline\\Pipeline->Illuminate\\Pipeline\\{closure}(Object(Illuminate\\Http\\Request))
#20 C:\\Users\\Carl\\OneDrive - Polytechnic University of the Philippines\\Documents\\WEB DEV AUTH\\Potatochips\\booking_management\\vendor\\laravel\\framework\\src\\Illuminate\\Pipeline\\Pipeline.php(180): Illuminate\\Cookie\\Middleware\\EncryptCookies->handle(Object(Illuminate\\Http\\Request), Object(Closure))
#21 C:\\Users\\Carl\\OneDrive - Polytechnic University of the Philippines\\Documents\\WEB DEV AUTH\\Potatochips\\booking_management\\vendor\\laravel\\framework\\src\\Illuminate\\Pipeline\\Pipeline.php(116): Illuminate\\Pipeline\\Pipeline->Illuminate\\Pipeline\\{closure}(Object(Illuminate\\Http\\Request))
#22 C:\\Users\\Carl\\OneDrive - Polytechnic University of the Philippines\\Documents\\WEB DEV AUTH\\Potatochips\\booking_management\\vendor\\laravel\\framework\\src\\Illuminate\\Routing\\Router.php(798): Illuminate\\Pipeline\\Pipeline->then(Object(Closure))
#23 C:\\Users\\Carl\\OneDrive - Polytechnic University of the Philippines\\Documents\\WEB DEV AUTH\\Potatochips\\booking_management\\vendor\\laravel\\framework\\src\\Illuminate\\Routing\\Router.php(777): Illuminate\\Routing\\Router->runRouteWithinStack(Object(Illuminate\\Routing\\Route), Object(Illuminate\\Http\\Request))
#24 C:\\Users\\Carl\\OneDrive - Polytechnic University of the Philippines\\Documents\\WEB DEV AUTH\\Potatochips\\booking_management\\vendor\\laravel\\framework\\src\\Illuminate\\Routing\\Router.php(741): Illuminate\\Routing\\Router->runRoute(Object(Illuminate\\Http\\Request), Object(Illuminate\\Routing\\Route))
#25 C:\\Users\\Carl\\OneDrive - Polytechnic University of the Philippines\\Documents\\WEB DEV AUTH\\Potatochips\\booking_management\\vendor\\laravel\\framework\\src\\Illuminate\\Routing\\Router.php(730): Illuminate\\Routing\\Router->dispatchToRoute(Object(Illuminate\\Http\\Request))
#26 C:\\Users\\Carl\\OneDrive - Polytechnic University of the Philippines\\Documents\\WEB DEV AUTH\\Potatochips\\booking_management\\vendor\\laravel\\framework\\src\\Illuminate\\Foundation\\Http\\Kernel.php(200): Illuminate\\Routing\\Router->dispatch(Object(Illuminate\\Http\\Request))
#27 C:\\Users\\Carl\\OneDrive - Polytechnic University of the Philippines\\Documents\\WEB DEV AUTH\\Potatochips\\booking_management\\vendor\\laravel\\framework\\src\\Illuminate\\Pipeline\\Pipeline.php(141): Illuminate\\Foundation\\Http\\Kernel->Illuminate\\Foundation\\Http\\{closure}(Object(Illuminate\\Http\\Request))
#28 C:\\Users\\Carl\\OneDrive - Polytechnic University of the Philippines\\Documents\\WEB DEV AUTH\\Potatochips\\booking_management\\vendor\\laravel\\framework\\src\\Illuminate\\Foundation\\Http\\Middleware\\TransformsRequest.php(21): Illuminate\\Pipeline\\Pipeline->Illuminate\\Pipeline\\{closure}(Object(Illuminate\\Http\\Request))
#29 C:\\Users\\Carl\\OneDrive - Polytechnic University of the Philippines\\Documents\\WEB DEV AUTH\\Potatochips\\booking_management\\vendor\\laravel\\framework\\src\\Illuminate\\Foundation\\Http\\Middleware\\ConvertEmptyStringsToNull.php(31): Illuminate\\Foundation\\Http\\Middleware\\TransformsRequest->handle(Object(Illuminate\\Http\\Request), Object(Closure))
#30 C:\\Users\\Carl\\OneDrive - Polytechnic University of the Philippines\\Documents\\WEB DEV AUTH\\Potatochips\\booking_management\\vendor\\laravel\\framework\\src\\Illuminate\\Pipeline\\Pipeline.php(180): Illuminate\\Foundation\\Http\\Middleware\\ConvertEmptyStringsToNull->handle(Object(Illuminate\\Http\\Request), Object(Closure))
#31 C:\\Users\\Carl\\OneDrive - Polytechnic University of the Philippines\\Documents\\WEB DEV AUTH\\Potatochips\\booking_management\\vendor\\laravel\\framework\\src\\Illuminate\\Foundation\\Http\\Middleware\\TransformsRequest.php(21): Illuminate\\Pipeline\\Pipeline->Illuminate\\Pipeline\\{closure}(Object(Illuminate\\Http\\Request))
#32 C:\\Users\\Carl\\OneDrive - Polytechnic University of the Philippines\\Documents\\WEB DEV AUTH\\Potatochips\\booking_management\\vendor\\laravel\\framework\\src\\Illuminate\\Foundation\\Http\\Middleware\\TrimStrings.php(40): Illuminate\\Foundation\\Http\\Middleware\\TransformsRequest->handle(Object(Illuminate\\Http\\Request), Object(Closure))
#33 C:\\Users\\Carl\\OneDrive - Polytechnic University of the Philippines\\Documents\\WEB DEV AUTH\\Potatochips\\booking_management\\vendor\\laravel\\framework\\src\\Illuminate\\Pipeline\\Pipeline.php(180): Illuminate\\Foundation\\Http\\Middleware\\TrimStrings->handle(Object(Illuminate\\Http\\Request), Object(Closure))
#34 C:\\Users\\Carl\\OneDrive - Polytechnic University of the Philippines\\Documents\\WEB DEV AUTH\\Potatochips\\booking_management\\vendor\\laravel\\framework\\src\\Illuminate\\Foundation\\Http\\Middleware\\ValidatePostSize.php(27): Illuminate\\Pipeline\\Pipeline->Illuminate\\Pipeline\\{closure}(Object(Illuminate\\Http\\Request))
#35 C:\\Users\\Carl\\OneDrive - Polytechnic University of the Philippines\\Documents\\WEB DEV AUTH\\Potatochips\\booking_management\\vendor\\laravel\\framework\\src\\Illuminate\\Pipeline\\Pipeline.php(180): Illuminate\\Foundation\\Http\\Middleware\\ValidatePostSize->handle(Object(Illuminate\\Http\\Request), Object(Closure))
#36 C:\\Users\\Carl\\OneDrive - Polytechnic University of the Philippines\\Documents\\WEB DEV AUTH\\Potatochips\\booking_management\\vendor\\laravel\\framework\\src\\Illuminate\\Foundation\\Http\\Middleware\\PreventRequestsDuringMaintenance.php(86): Illuminate\\Pipeline\\Pipeline->Illuminate\\Pipeline\\{closure}(Object(Illuminate\\Http\\Request))
#37 C:\\Users\\Carl\\OneDrive - Polytechnic University of the Philippines\\Documents\\WEB DEV AUTH\\Potatochips\\booking_management\\vendor\\laravel\\framework\\src\\Illuminate\\Pipeline\\Pipeline.php(180): Illuminate\\Foundation\\Http\\Middleware\\PreventRequestsDuringMaintenance->handle(Object(Illuminate\\Http\\Request), Object(Closure))
#38 C:\\Users\\Carl\\OneDrive - Polytechnic University of the Philippines\\Documents\\WEB DEV AUTH\\Potatochips\\booking_management\\vendor\\laravel\\framework\\src\\Illuminate\\Http\\Middleware\\HandleCors.php(49): Illuminate\\Pipeline\\Pipeline->Illuminate\\Pipeline\\{closure}(Object(Illuminate\\Http\\Request))
#39 C:\\Users\\Carl\\OneDrive - Polytechnic University of the Philippines\\Documents\\WEB DEV AUTH\\Potatochips\\booking_management\\vendor\\laravel\\framework\\src\\Illuminate\\Pipeline\\Pipeline.php(180): Illuminate\\Http\\Middleware\\HandleCors->handle(Object(Illuminate\\Http\\Request), Object(Closure))
#40 C:\\Users\\Carl\\OneDrive - Polytechnic University of the Philippines\\Documents\\WEB DEV AUTH\\Potatochips\\booking_management\\vendor\\laravel\\framework\\src\\Illuminate\\Http\\Middleware\\TrustProxies.php(39): Illuminate\\Pipeline\\Pipeline->Illuminate\\Pipeline\\{closure}(Object(Illuminate\\Http\\Request))
#41 C:\\Users\\Carl\\OneDrive - Polytechnic University of the Philippines\\Documents\\WEB DEV AUTH\\Potatochips\\booking_management\\vendor\\laravel\\framework\\src\\Illuminate\\Pipeline\\Pipeline.php(180): Illuminate\\Http\\Middleware\\TrustProxies->handle(Object(Illuminate\\Http\\Request), Object(Closure))
#42 C:\\Users\\Carl\\OneDrive - Polytechnic University of the Philippines\\Documents\\WEB DEV AUTH\\Potatochips\\booking_management\\vendor\\laravel\\framework\\src\\Illuminate\\Pipeline\\Pipeline.php(116): Illuminate\\Pipeline\\Pipeline->Illuminate\\Pipeline\\{closure}(Object(Illuminate\\Http\\Request))
#43 C:\\Users\\Carl\\OneDrive - Polytechnic University of the Philippines\\Documents\\WEB DEV AUTH\\Potatochips\\booking_management\\vendor\\laravel\\framework\\src\\Illuminate\\Foundation\\Http\\Kernel.php(175): Illuminate\\Pipeline\\Pipeline->then(Object(Closure))
#44 C:\\Users\\Carl\\OneDrive - Polytechnic University of the Philippines\\Documents\\WEB DEV AUTH\\Potatochips\\booking_management\\vendor\\laravel\\framework\\src\\Illuminate\\Foundation\\Http\\Kernel.php(144): Illuminate\\Foundation\\Http\\Kernel->sendRequestThroughRouter(Object(Illuminate\\Http\\Request))
#45 C:\\Users\\Carl\\OneDrive - Polytechnic University of the Philippines\\Documents\\WEB DEV AUTH\\Potatochips\\booking_management\\public\\index.php(51): Illuminate\\Foundation\\Http\\Kernel->handle(Object(Illuminate\\Http\\Request))
#46 C:\\Users\\Carl\\OneDrive - Polytechnic University of the Philippines\\Documents\\WEB DEV AUTH\\Potatochips\\booking_management\\vendor\\laravel\\framework\\src\\Illuminate\\Foundation\\resources\\server.php(16): require_once('C:\\\\Users\\\\Carl\\\\O...')
#47 {main}
"} 
[2025-01-28 23:17:53] local.ERROR: Undefined array key "data" {"userId":1,"exception":"[object] (ErrorException(code: 0): Undefined array key \"data\" at C:\\Users\\Carl\\OneDrive - Polytechnic University of the Philippines\\Documents\\WEB DEV AUTH\\Potatochips\\booking_management\\app\\Services\\PayMongoService.php:65)
[stacktrace]
#0 C:\\Users\\Carl\\OneDrive - Polytechnic University of the Philippines\\Documents\\WEB DEV AUTH\\Potatochips\\booking_management\\vendor\\laravel\\framework\\src\\Illuminate\\Foundation\\Bootstrap\\HandleExceptions.php(254): Illuminate\\Foundation\\Bootstrap\\HandleExceptions->handleError(2, 'Undefined array...', 'C:\\\\Users\\\\Carl\\\\O...', 65)
#1 C:\\Users\\Carl\\OneDrive - Polytechnic University of the Philippines\\Documents\\WEB DEV AUTH\\Potatochips\\booking_management\\app\\Services\\PayMongoService.php(65): Illuminate\\Foundation\\Bootstrap\\HandleExceptions->Illuminate\\Foundation\\Bootstrap\\{closure}(2, 'Undefined array...', 'C:\\\\Users\\\\Carl\\\\O...', 65)
#2 C:\\Users\\Carl\\OneDrive - Polytechnic University of the Philippines\\Documents\\WEB DEV AUTH\\Potatochips\\booking_management\\app\\Http\\Controllers\\PaymentController.php(27): App\\Services\\PayMongoService->processPayment(Array)
#3 C:\\Users\\Carl\\OneDrive - Polytechnic University of the Philippines\\Documents\\WEB DEV AUTH\\Potatochips\\booking_management\\vendor\\laravel\\framework\\src\\Illuminate\\Routing\\Controller.php(54): App\\Http\\Controllers\\PaymentController->pay(Object(Illuminate\\Http\\Request))
#4 C:\\Users\\Carl\\OneDrive - Polytechnic University of the Philippines\\Documents\\WEB DEV AUTH\\Potatochips\\booking_management\\vendor\\laravel\\framework\\src\\Illuminate\\Routing\\ControllerDispatcher.php(43): Illuminate\\Routing\\Controller->callAction('pay', Array)
#5 C:\\Users\\Carl\\OneDrive - Polytechnic University of the Philippines\\Documents\\WEB DEV AUTH\\Potatochips\\booking_management\\vendor\\laravel\\framework\\src\\Illuminate\\Routing\\Route.php(259): Illuminate\\Routing\\ControllerDispatcher->dispatch(Object(Illuminate\\Routing\\Route), Object(App\\Http\\Controllers\\PaymentController), 'pay')
#6 C:\\Users\\Carl\\OneDrive - Polytechnic University of the Philippines\\Documents\\WEB DEV AUTH\\Potatochips\\booking_management\\vendor\\laravel\\framework\\src\\Illuminate\\Routing\\Route.php(205): Illuminate\\Routing\\Route->runController()
#7 C:\\Users\\Carl\\OneDrive - Polytechnic University of the Philippines\\Documents\\WEB DEV AUTH\\Potatochips\\booking_management\\vendor\\laravel\\framework\\src\\Illuminate\\Routing\\Router.php(799): Illuminate\\Routing\\Route->run()
#8 C:\\Users\\Carl\\OneDrive - Polytechnic University of the Philippines\\Documents\\WEB DEV AUTH\\Potatochips\\booking_management\\vendor\\laravel\\framework\\src\\Illuminate\\Pipeline\\Pipeline.php(141): Illuminate\\Routing\\Router->Illuminate\\Routing\\{closure}(Object(Illuminate\\Http\\Request))
#9 C:\\Users\\Carl\\OneDrive - Polytechnic University of the Philippines\\Documents\\WEB DEV AUTH\\Potatochips\\booking_management\\vendor\\laravel\\framework\\src\\Illuminate\\Routing\\Middleware\\SubstituteBindings.php(50): Illuminate\\Pipeline\\Pipeline->Illuminate\\Pipeline\\{closure}(Object(Illuminate\\Http\\Request))
#10 C:\\Users\\Carl\\OneDrive - Polytechnic University of the Philippines\\Documents\\WEB DEV AUTH\\Potatochips\\booking_management\\vendor\\laravel\\framework\\src\\Illuminate\\Pipeline\\Pipeline.php(180): Illuminate\\Routing\\Middleware\\SubstituteBindings->handle(Object(Illuminate\\Http\\Request), Object(Closure))
#11 C:\\Users\\Carl\\OneDrive - Polytechnic University of the Philippines\\Documents\\WEB DEV AUTH\\Potatochips\\booking_management\\vendor\\laravel\\framework\\src\\Illuminate\\Auth\\Middleware\\Authenticate.php(57): Illuminate\\Pipeline\\Pipeline->Illuminate\\Pipeline\\{closure}(Object(Illuminate\\Http\\Request))
#12 C:\\Users\\Carl\\OneDrive - Polytechnic University of the Philippines\\Documents\\WEB DEV AUTH\\Potatochips\\booking_management\\vendor\\laravel\\framework\\src\\Illuminate\\Pipeline\\Pipeline.php(180): Illuminate\\Auth\\Middleware\\Authenticate->handle(Object(Illuminate\\Http\\Request), Object(Closure), 'customer')
#13 C:\\Users\\Carl\\OneDrive - Polytechnic University of the Philippines\\Documents\\WEB DEV AUTH\\Potatochips\\booking_management\\vendor\\laravel\\framework\\src\\Illuminate\\Foundation\\Http\\Middleware\\VerifyCsrfToken.php(78): Illuminate\\Pipeline\\Pipeline->Illuminate\\Pipeline\\{closure}(Object(Illuminate\\Http\\Request))
#14 C:\\Users\\Carl\\OneDrive - Polytechnic University of the Philippines\\Documents\\WEB DEV AUTH\\Potatochips\\booking_management\\vendor\\laravel\\framework\\src\\Illuminate\\Pipeline\\Pipeline.php(180): Illuminate\\Foundation\\Http\\Middleware\\VerifyCsrfToken->handle(Object(Illuminate\\Http\\Request), Object(Closure))
#15 C:\\Users\\Carl\\OneDrive - Polytechnic University of the Philippines\\Documents\\WEB DEV AUTH\\Potatochips\\booking_management\\vendor\\laravel\\framework\\src\\Illuminate\\View\\Middleware\\ShareErrorsFromSession.php(49): Illuminate\\Pipeline\\Pipeline->Illuminate\\Pipeline\\{closure}(Object(Illuminate\\Http\\Request))
#16 C:\\Users\\Carl\\OneDrive - Polytechnic University of the Philippines\\Documents\\WEB DEV AUTH\\Potatochips\\booking_management\\vendor\\laravel\\framework\\src\\Illuminate\\Pipeline\\Pipeline.php(180): Illuminate\\View\\Middleware\\ShareErrorsFromSession->handle(Object(Illuminate\\Http\\Request), Object(Closure))
#17 C:\\Users\\Carl\\OneDrive - Polytechnic University of the Philippines\\Documents\\WEB DEV AUTH\\Potatochips\\booking_management\\vendor\\laravel\\framework\\src\\Illuminate\\Session\\Middleware\\StartSession.php(121): Illuminate\\Pipeline\\Pipeline->Illuminate\\Pipeline\\{closure}(Object(Illuminate\\Http\\Request))
#18 C:\\Users\\Carl\\OneDrive - Polytechnic University of the Philippines\\Documents\\WEB DEV AUTH\\Potatochips\\booking_management\\vendor\\laravel\\framework\\src\\Illuminate\\Session\\Middleware\\StartSession.php(64): Illuminate\\Session\\Middleware\\StartSession->handleStatefulRequest(Object(Illuminate\\Http\\Request), Object(Illuminate\\Session\\Store), Object(Closure))
#19 C:\\Users\\Carl\\OneDrive - Polytechnic University of the Philippines\\Documents\\WEB DEV AUTH\\Potatochips\\booking_management\\vendor\\laravel\\framework\\src\\Illuminate\\Pipeline\\Pipeline.php(180): Illuminate\\Session\\Middleware\\StartSession->handle(Object(Illuminate\\Http\\Request), Object(Closure))
#20 C:\\Users\\Carl\\OneDrive - Polytechnic University of the Philippines\\Documents\\WEB DEV AUTH\\Potatochips\\booking_management\\vendor\\laravel\\framework\\src\\Illuminate\\Cookie\\Middleware\\AddQueuedCookiesToResponse.php(37): Illuminate\\Pipeline\\Pipeline->Illuminate\\Pipeline\\{closure}(Object(Illuminate\\Http\\Request))
#21 C:\\Users\\Carl\\OneDrive - Polytechnic University of the Philippines\\Documents\\WEB DEV AUTH\\Potatochips\\booking_management\\vendor\\laravel\\framework\\src\\Illuminate\\Pipeline\\Pipeline.php(180): Illuminate\\Cookie\\Middleware\\AddQueuedCookiesToResponse->handle(Object(Illuminate\\Http\\Request), Object(Closure))
#22 C:\\Users\\Carl\\OneDrive - Polytechnic University of the Philippines\\Documents\\WEB DEV AUTH\\Potatochips\\booking_management\\vendor\\laravel\\framework\\src\\Illuminate\\Cookie\\Middleware\\EncryptCookies.php(67): Illuminate\\Pipeline\\Pipeline->Illuminate\\Pipeline\\{closure}(Object(Illuminate\\Http\\Request))
#23 C:\\Users\\Carl\\OneDrive - Polytechnic University of the Philippines\\Documents\\WEB DEV AUTH\\Potatochips\\booking_management\\vendor\\laravel\\framework\\src\\Illuminate\\Pipeline\\Pipeline.php(180): Illuminate\\Cookie\\Middleware\\EncryptCookies->handle(Object(Illuminate\\Http\\Request), Object(Closure))
#24 C:\\Users\\Carl\\OneDrive - Polytechnic University of the Philippines\\Documents\\WEB DEV AUTH\\Potatochips\\booking_management\\vendor\\laravel\\framework\\src\\Illuminate\\Pipeline\\Pipeline.php(116): Illuminate\\Pipeline\\Pipeline->Illuminate\\Pipeline\\{closure}(Object(Illuminate\\Http\\Request))
#25 C:\\Users\\Carl\\OneDrive - Polytechnic University of the Philippines\\Documents\\WEB DEV AUTH\\Potatochips\\booking_management\\vendor\\laravel\\framework\\src\\Illuminate\\Routing\\Router.php(798): Illuminate\\Pipeline\\Pipeline->then(Object(Closure))
#26 C:\\Users\\Carl\\OneDrive - Polytechnic University of the Philippines\\Documents\\WEB DEV AUTH\\Potatochips\\booking_management\\vendor\\laravel\\framework\\src\\Illuminate\\Routing\\Router.php(777): Illuminate\\Routing\\Router->runRouteWithinStack(Object(Illuminate\\Routing\\Route), Object(Illuminate\\Http\\Request))
#27 C:\\Users\\Carl\\OneDrive - Polytechnic University of the Philippines\\Documents\\WEB DEV AUTH\\Potatochips\\booking_management\\vendor\\laravel\\framework\\src\\Illuminate\\Routing\\Router.php(741): Illuminate\\Routing\\Router->runRoute(Object(Illuminate\\Http\\Request), Object(Illuminate\\Routing\\Route))
#28 C:\\Users\\Carl\\OneDrive - Polytechnic University of the Philippines\\Documents\\WEB DEV AUTH\\Potatochips\\booking_management\\vendor\\laravel\\framework\\src\\Illuminate\\Routing\\Router.php(730): Illuminate\\Routing\\Router->dispatchToRoute(Object(Illuminate\\Http\\Request))
#29 C:\\Users\\Carl\\OneDrive - Polytechnic University of the Philippines\\Documents\\WEB DEV AUTH\\Potatochips\\booking_management\\vendor\\laravel\\framework\\src\\Illuminate\\Foundation\\Http\\Kernel.php(200): Illuminate\\Routing\\Router->dispatch(Object(Illuminate\\Http\\Request))
#30 C:\\Users\\Carl\\OneDrive - Polytechnic University of the Philippines\\Documents\\WEB DEV AUTH\\Potatochips\\booking_management\\vendor\\laravel\\framework\\src\\Illuminate\\Pipeline\\Pipeline.php(141): Illuminate\\Foundation\\Http\\Kernel->Illuminate\\Foundation\\Http\\{closure}(Object(Illuminate\\Http\\Request))
#31 C:\\Users\\Carl\\OneDrive - Polytechnic University of the Philippines\\Documents\\WEB DEV AUTH\\Potatochips\\booking_management\\vendor\\laravel\\framework\\src\\Illuminate\\Foundation\\Http\\Middleware\\TransformsRequest.php(21): Illuminate\\Pipeline\\Pipeline->Illuminate\\Pipeline\\{closure}(Object(Illuminate\\Http\\Request))
#32 C:\\Users\\Carl\\OneDrive - Polytechnic University of the Philippines\\Documents\\WEB DEV AUTH\\Potatochips\\booking_management\\vendor\\laravel\\framework\\src\\Illuminate\\Foundation\\Http\\Middleware\\ConvertEmptyStringsToNull.php(31): Illuminate\\Foundation\\Http\\Middleware\\TransformsRequest->handle(Object(Illuminate\\Http\\Request), Object(Closure))
#33 C:\\Users\\Carl\\OneDrive - Polytechnic University of the Philippines\\Documents\\WEB DEV AUTH\\Potatochips\\booking_management\\vendor\\laravel\\framework\\src\\Illuminate\\Pipeline\\Pipeline.php(180): Illuminate\\Foundation\\Http\\Middleware\\ConvertEmptyStringsToNull->handle(Object(Illuminate\\Http\\Request), Object(Closure))
#34 C:\\Users\\Carl\\OneDrive - Polytechnic University of the Philippines\\Documents\\WEB DEV AUTH\\Potatochips\\booking_management\\vendor\\laravel\\framework\\src\\Illuminate\\Foundation\\Http\\Middleware\\TransformsRequest.php(21): Illuminate\\Pipeline\\Pipeline->Illuminate\\Pipeline\\{closure}(Object(Illuminate\\Http\\Request))
#35 C:\\Users\\Carl\\OneDrive - Polytechnic University of the Philippines\\Documents\\WEB DEV AUTH\\Potatochips\\booking_management\\vendor\\laravel\\framework\\src\\Illuminate\\Foundation\\Http\\Middleware\\TrimStrings.php(40): Illuminate\\Foundation\\Http\\Middleware\\TransformsRequest->handle(Object(Illuminate\\Http\\Request), Object(Closure))
#36 C:\\Users\\Carl\\OneDrive - Polytechnic University of the Philippines\\Documents\\WEB DEV AUTH\\Potatochips\\booking_management\\vendor\\laravel\\framework\\src\\Illuminate\\Pipeline\\Pipeline.php(180): Illuminate\\Foundation\\Http\\Middleware\\TrimStrings->handle(Object(Illuminate\\Http\\Request), Object(Closure))
#37 C:\\Users\\Carl\\OneDrive - Polytechnic University of the Philippines\\Documents\\WEB DEV AUTH\\Potatochips\\booking_management\\vendor\\laravel\\framework\\src\\Illuminate\\Foundation\\Http\\Middleware\\ValidatePostSize.php(27): Illuminate\\Pipeline\\Pipeline->Illuminate\\Pipeline\\{closure}(Object(Illuminate\\Http\\Request))
#38 C:\\Users\\Carl\\OneDrive - Polytechnic University of the Philippines\\Documents\\WEB DEV AUTH\\Potatochips\\booking_management\\vendor\\laravel\\framework\\src\\Illuminate\\Pipeline\\Pipeline.php(180): Illuminate\\Foundation\\Http\\Middleware\\ValidatePostSize->handle(Object(Illuminate\\Http\\Request), Object(Closure))
#39 C:\\Users\\Carl\\OneDrive - Polytechnic University of the Philippines\\Documents\\WEB DEV AUTH\\Potatochips\\booking_management\\vendor\\laravel\\framework\\src\\Illuminate\\Foundation\\Http\\Middleware\\PreventRequestsDuringMaintenance.php(86): Illuminate\\Pipeline\\Pipeline->Illuminate\\Pipeline\\{closure}(Object(Illuminate\\Http\\Request))
#40 C:\\Users\\Carl\\OneDrive - Polytechnic University of the Philippines\\Documents\\WEB DEV AUTH\\Potatochips\\booking_management\\vendor\\laravel\\framework\\src\\Illuminate\\Pipeline\\Pipeline.php(180): Illuminate\\Foundation\\Http\\Middleware\\PreventRequestsDuringMaintenance->handle(Object(Illuminate\\Http\\Request), Object(Closure))
#41 C:\\Users\\Carl\\OneDrive - Polytechnic University of the Philippines\\Documents\\WEB DEV AUTH\\Potatochips\\booking_management\\vendor\\laravel\\framework\\src\\Illuminate\\Http\\Middleware\\HandleCors.php(49): Illuminate\\Pipeline\\Pipeline->Illuminate\\Pipeline\\{closure}(Object(Illuminate\\Http\\Request))
#42 C:\\Users\\Carl\\OneDrive - Polytechnic University of the Philippines\\Documents\\WEB DEV AUTH\\Potatochips\\booking_management\\vendor\\laravel\\framework\\src\\Illuminate\\Pipeline\\Pipeline.php(180): Illuminate\\Http\\Middleware\\HandleCors->handle(Object(Illuminate\\Http\\Request), Object(Closure))
#43 C:\\Users\\Carl\\OneDrive - Polytechnic University of the Philippines\\Documents\\WEB DEV AUTH\\Potatochips\\booking_management\\vendor\\laravel\\framework\\src\\Illuminate\\Http\\Middleware\\TrustProxies.php(39): Illuminate\\Pipeline\\Pipeline->Illuminate\\Pipeline\\{closure}(Object(Illuminate\\Http\\Request))
#44 C:\\Users\\Carl\\OneDrive - Polytechnic University of the Philippines\\Documents\\WEB DEV AUTH\\Potatochips\\booking_management\\vendor\\laravel\\framework\\src\\Illuminate\\Pipeline\\Pipeline.php(180): Illuminate\\Http\\Middleware\\TrustProxies->handle(Object(Illuminate\\Http\\Request), Object(Closure))
#45 C:\\Users\\Carl\\OneDrive - Polytechnic University of the Philippines\\Documents\\WEB DEV AUTH\\Potatochips\\booking_management\\vendor\\laravel\\framework\\src\\Illuminate\\Pipeline\\Pipeline.php(116): Illuminate\\Pipeline\\Pipeline->Illuminate\\Pipeline\\{closure}(Object(Illuminate\\Http\\Request))
#46 C:\\Users\\Carl\\OneDrive - Polytechnic University of the Philippines\\Documents\\WEB DEV AUTH\\Potatochips\\booking_management\\vendor\\laravel\\framework\\src\\Illuminate\\Foundation\\Http\\Kernel.php(175): Illuminate\\Pipeline\\Pipeline->then(Object(Closure))
#47 C:\\Users\\Carl\\OneDrive - Polytechnic University of the Philippines\\Documents\\WEB DEV AUTH\\Potatochips\\booking_management\\vendor\\laravel\\framework\\src\\Illuminate\\Foundation\\Http\\Kernel.php(144): Illuminate\\Foundation\\Http\\Kernel->sendRequestThroughRouter(Object(Illuminate\\Http\\Request))
#48 C:\\Users\\Carl\\OneDrive - Polytechnic University of the Philippines\\Documents\\WEB DEV AUTH\\Potatochips\\booking_management\\public\\index.php(51): Illuminate\\Foundation\\Http\\Kernel->handle(Object(Illuminate\\Http\\Request))
#49 C:\\Users\\Carl\\OneDrive - Polytechnic University of the Philippines\\Documents\\WEB DEV AUTH\\Potatochips\\booking_management\\vendor\\laravel\\framework\\src\\Illuminate\\Foundation\\resources\\server.php(16): require_once('C:\\\\Users\\\\Carl\\\\O...')
#50 {main}
"} 
[2025-01-28 23:22:27] local.ERROR: Undefined variable $validatedData {"userId":1,"exception":"[object] (ErrorException(code: 0): Undefined variable $validatedData at C:\\Users\\Carl\\OneDrive - Polytechnic University of the Philippines\\Documents\\WEB DEV AUTH\\Potatochips\\booking_management\\app\\Http\\Controllers\\PaymentController.php:26)
[stacktrace]
#0 C:\\Users\\Carl\\OneDrive - Polytechnic University of the Philippines\\Documents\\WEB DEV AUTH\\Potatochips\\booking_management\\vendor\\laravel\\framework\\src\\Illuminate\\Foundation\\Bootstrap\\HandleExceptions.php(254): Illuminate\\Foundation\\Bootstrap\\HandleExceptions->handleError(2, 'Undefined varia...', 'C:\\\\Users\\\\Carl\\\\O...', 26)
#1 C:\\Users\\Carl\\OneDrive - Polytechnic University of the Philippines\\Documents\\WEB DEV AUTH\\Potatochips\\booking_management\\app\\Http\\Controllers\\PaymentController.php(26): Illuminate\\Foundation\\Bootstrap\\HandleExceptions->Illuminate\\Foundation\\Bootstrap\\{closure}(2, 'Undefined varia...', 'C:\\\\Users\\\\Carl\\\\O...', 26)
#2 C:\\Users\\Carl\\OneDrive - Polytechnic University of the Philippines\\Documents\\WEB DEV AUTH\\Potatochips\\booking_management\\vendor\\laravel\\framework\\src\\Illuminate\\Routing\\Controller.php(54): App\\Http\\Controllers\\PaymentController->pay(Object(Illuminate\\Http\\Request))
#3 C:\\Users\\Carl\\OneDrive - Polytechnic University of the Philippines\\Documents\\WEB DEV AUTH\\Potatochips\\booking_management\\vendor\\laravel\\framework\\src\\Illuminate\\Routing\\ControllerDispatcher.php(43): Illuminate\\Routing\\Controller->callAction('pay', Array)
#4 C:\\Users\\Carl\\OneDrive - Polytechnic University of the Philippines\\Documents\\WEB DEV AUTH\\Potatochips\\booking_management\\vendor\\laravel\\framework\\src\\Illuminate\\Routing\\Route.php(259): Illuminate\\Routing\\ControllerDispatcher->dispatch(Object(Illuminate\\Routing\\Route), Object(App\\Http\\Controllers\\PaymentController), 'pay')
#5 C:\\Users\\Carl\\OneDrive - Polytechnic University of the Philippines\\Documents\\WEB DEV AUTH\\Potatochips\\booking_management\\vendor\\laravel\\framework\\src\\Illuminate\\Routing\\Route.php(205): Illuminate\\Routing\\Route->runController()
#6 C:\\Users\\Carl\\OneDrive - Polytechnic University of the Philippines\\Documents\\WEB DEV AUTH\\Potatochips\\booking_management\\vendor\\laravel\\framework\\src\\Illuminate\\Routing\\Router.php(799): Illuminate\\Routing\\Route->run()
#7 C:\\Users\\Carl\\OneDrive - Polytechnic University of the Philippines\\Documents\\WEB DEV AUTH\\Potatochips\\booking_management\\vendor\\laravel\\framework\\src\\Illuminate\\Pipeline\\Pipeline.php(141): Illuminate\\Routing\\Router->Illuminate\\Routing\\{closure}(Object(Illuminate\\Http\\Request))
#8 C:\\Users\\Carl\\OneDrive - Polytechnic University of the Philippines\\Documents\\WEB DEV AUTH\\Potatochips\\booking_management\\vendor\\laravel\\framework\\src\\Illuminate\\Routing\\Middleware\\SubstituteBindings.php(50): Illuminate\\Pipeline\\Pipeline->Illuminate\\Pipeline\\{closure}(Object(Illuminate\\Http\\Request))
#9 C:\\Users\\Carl\\OneDrive - Polytechnic University of the Philippines\\Documents\\WEB DEV AUTH\\Potatochips\\booking_management\\vendor\\laravel\\framework\\src\\Illuminate\\Pipeline\\Pipeline.php(180): Illuminate\\Routing\\Middleware\\SubstituteBindings->handle(Object(Illuminate\\Http\\Request), Object(Closure))
#10 C:\\Users\\Carl\\OneDrive - Polytechnic University of the Philippines\\Documents\\WEB DEV AUTH\\Potatochips\\booking_management\\vendor\\laravel\\framework\\src\\Illuminate\\Auth\\Middleware\\Authenticate.php(57): Illuminate\\Pipeline\\Pipeline->Illuminate\\Pipeline\\{closure}(Object(Illuminate\\Http\\Request))
#11 C:\\Users\\Carl\\OneDrive - Polytechnic University of the Philippines\\Documents\\WEB DEV AUTH\\Potatochips\\booking_management\\vendor\\laravel\\framework\\src\\Illuminate\\Pipeline\\Pipeline.php(180): Illuminate\\Auth\\Middleware\\Authenticate->handle(Object(Illuminate\\Http\\Request), Object(Closure), 'customer')
#12 C:\\Users\\Carl\\OneDrive - Polytechnic University of the Philippines\\Documents\\WEB DEV AUTH\\Potatochips\\booking_management\\vendor\\laravel\\framework\\src\\Illuminate\\Foundation\\Http\\Middleware\\VerifyCsrfToken.php(78): Illuminate\\Pipeline\\Pipeline->Illuminate\\Pipeline\\{closure}(Object(Illuminate\\Http\\Request))
#13 C:\\Users\\Carl\\OneDrive - Polytechnic University of the Philippines\\Documents\\WEB DEV AUTH\\Potatochips\\booking_management\\vendor\\laravel\\framework\\src\\Illuminate\\Pipeline\\Pipeline.php(180): Illuminate\\Foundation\\Http\\Middleware\\VerifyCsrfToken->handle(Object(Illuminate\\Http\\Request), Object(Closure))
#14 C:\\Users\\Carl\\OneDrive - Polytechnic University of the Philippines\\Documents\\WEB DEV AUTH\\Potatochips\\booking_management\\vendor\\laravel\\framework\\src\\Illuminate\\View\\Middleware\\ShareErrorsFromSession.php(49): Illuminate\\Pipeline\\Pipeline->Illuminate\\Pipeline\\{closure}(Object(Illuminate\\Http\\Request))
#15 C:\\Users\\Carl\\OneDrive - Polytechnic University of the Philippines\\Documents\\WEB DEV AUTH\\Potatochips\\booking_management\\vendor\\laravel\\framework\\src\\Illuminate\\Pipeline\\Pipeline.php(180): Illuminate\\View\\Middleware\\ShareErrorsFromSession->handle(Object(Illuminate\\Http\\Request), Object(Closure))
#16 C:\\Users\\Carl\\OneDrive - Polytechnic University of the Philippines\\Documents\\WEB DEV AUTH\\Potatochips\\booking_management\\vendor\\laravel\\framework\\src\\Illuminate\\Session\\Middleware\\StartSession.php(121): Illuminate\\Pipeline\\Pipeline->Illuminate\\Pipeline\\{closure}(Object(Illuminate\\Http\\Request))
#17 C:\\Users\\Carl\\OneDrive - Polytechnic University of the Philippines\\Documents\\WEB DEV AUTH\\Potatochips\\booking_management\\vendor\\laravel\\framework\\src\\Illuminate\\Session\\Middleware\\StartSession.php(64): Illuminate\\Session\\Middleware\\StartSession->handleStatefulRequest(Object(Illuminate\\Http\\Request), Object(Illuminate\\Session\\Store), Object(Closure))
#18 C:\\Users\\Carl\\OneDrive - Polytechnic University of the Philippines\\Documents\\WEB DEV AUTH\\Potatochips\\booking_management\\vendor\\laravel\\framework\\src\\Illuminate\\Pipeline\\Pipeline.php(180): Illuminate\\Session\\Middleware\\StartSession->handle(Object(Illuminate\\Http\\Request), Object(Closure))
#19 C:\\Users\\Carl\\OneDrive - Polytechnic University of the Philippines\\Documents\\WEB DEV AUTH\\Potatochips\\booking_management\\vendor\\laravel\\framework\\src\\Illuminate\\Cookie\\Middleware\\AddQueuedCookiesToResponse.php(37): Illuminate\\Pipeline\\Pipeline->Illuminate\\Pipeline\\{closure}(Object(Illuminate\\Http\\Request))
#20 C:\\Users\\Carl\\OneDrive - Polytechnic University of the Philippines\\Documents\\WEB DEV AUTH\\Potatochips\\booking_management\\vendor\\laravel\\framework\\src\\Illuminate\\Pipeline\\Pipeline.php(180): Illuminate\\Cookie\\Middleware\\AddQueuedCookiesToResponse->handle(Object(Illuminate\\Http\\Request), Object(Closure))
#21 C:\\Users\\Carl\\OneDrive - Polytechnic University of the Philippines\\Documents\\WEB DEV AUTH\\Potatochips\\booking_management\\vendor\\laravel\\framework\\src\\Illuminate\\Cookie\\Middleware\\EncryptCookies.php(67): Illuminate\\Pipeline\\Pipeline->Illuminate\\Pipeline\\{closure}(Object(Illuminate\\Http\\Request))
#22 C:\\Users\\Carl\\OneDrive - Polytechnic University of the Philippines\\Documents\\WEB DEV AUTH\\Potatochips\\booking_management\\vendor\\laravel\\framework\\src\\Illuminate\\Pipeline\\Pipeline.php(180): Illuminate\\Cookie\\Middleware\\EncryptCookies->handle(Object(Illuminate\\Http\\Request), Object(Closure))
#23 C:\\Users\\Carl\\OneDrive - Polytechnic University of the Philippines\\Documents\\WEB DEV AUTH\\Potatochips\\booking_management\\vendor\\laravel\\framework\\src\\Illuminate\\Pipeline\\Pipeline.php(116): Illuminate\\Pipeline\\Pipeline->Illuminate\\Pipeline\\{closure}(Object(Illuminate\\Http\\Request))
#24 C:\\Users\\Carl\\OneDrive - Polytechnic University of the Philippines\\Documents\\WEB DEV AUTH\\Potatochips\\booking_management\\vendor\\laravel\\framework\\src\\Illuminate\\Routing\\Router.php(798): Illuminate\\Pipeline\\Pipeline->then(Object(Closure))
#25 C:\\Users\\Carl\\OneDrive - Polytechnic University of the Philippines\\Documents\\WEB DEV AUTH\\Potatochips\\booking_management\\vendor\\laravel\\framework\\src\\Illuminate\\Routing\\Router.php(777): Illuminate\\Routing\\Router->runRouteWithinStack(Object(Illuminate\\Routing\\Route), Object(Illuminate\\Http\\Request))
#26 C:\\Users\\Carl\\OneDrive - Polytechnic University of the Philippines\\Documents\\WEB DEV AUTH\\Potatochips\\booking_management\\vendor\\laravel\\framework\\src\\Illuminate\\Routing\\Router.php(741): Illuminate\\Routing\\Router->runRoute(Object(Illuminate\\Http\\Request), Object(Illuminate\\Routing\\Route))
#27 C:\\Users\\Carl\\OneDrive - Polytechnic University of the Philippines\\Documents\\WEB DEV AUTH\\Potatochips\\booking_management\\vendor\\laravel\\framework\\src\\Illuminate\\Routing\\Router.php(730): Illuminate\\Routing\\Router->dispatchToRoute(Object(Illuminate\\Http\\Request))
#28 C:\\Users\\Carl\\OneDrive - Polytechnic University of the Philippines\\Documents\\WEB DEV AUTH\\Potatochips\\booking_management\\vendor\\laravel\\framework\\src\\Illuminate\\Foundation\\Http\\Kernel.php(200): Illuminate\\Routing\\Router->dispatch(Object(Illuminate\\Http\\Request))
#29 C:\\Users\\Carl\\OneDrive - Polytechnic University of the Philippines\\Documents\\WEB DEV AUTH\\Potatochips\\booking_management\\vendor\\laravel\\framework\\src\\Illuminate\\Pipeline\\Pipeline.php(141): Illuminate\\Foundation\\Http\\Kernel->Illuminate\\Foundation\\Http\\{closure}(Object(Illuminate\\Http\\Request))
#30 C:\\Users\\Carl\\OneDrive - Polytechnic University of the Philippines\\Documents\\WEB DEV AUTH\\Potatochips\\booking_management\\vendor\\laravel\\framework\\src\\Illuminate\\Foundation\\Http\\Middleware\\TransformsRequest.php(21): Illuminate\\Pipeline\\Pipeline->Illuminate\\Pipeline\\{closure}(Object(Illuminate\\Http\\Request))
#31 C:\\Users\\Carl\\OneDrive - Polytechnic University of the Philippines\\Documents\\WEB DEV AUTH\\Potatochips\\booking_management\\vendor\\laravel\\framework\\src\\Illuminate\\Foundation\\Http\\Middleware\\ConvertEmptyStringsToNull.php(31): Illuminate\\Foundation\\Http\\Middleware\\TransformsRequest->handle(Object(Illuminate\\Http\\Request), Object(Closure))
#32 C:\\Users\\Carl\\OneDrive - Polytechnic University of the Philippines\\Documents\\WEB DEV AUTH\\Potatochips\\booking_management\\vendor\\laravel\\framework\\src\\Illuminate\\Pipeline\\Pipeline.php(180): Illuminate\\Foundation\\Http\\Middleware\\ConvertEmptyStringsToNull->handle(Object(Illuminate\\Http\\Request), Object(Closure))
#33 C:\\Users\\Carl\\OneDrive - Polytechnic University of the Philippines\\Documents\\WEB DEV AUTH\\Potatochips\\booking_management\\vendor\\laravel\\framework\\src\\Illuminate\\Foundation\\Http\\Middleware\\TransformsRequest.php(21): Illuminate\\Pipeline\\Pipeline->Illuminate\\Pipeline\\{closure}(Object(Illuminate\\Http\\Request))
#34 C:\\Users\\Carl\\OneDrive - Polytechnic University of the Philippines\\Documents\\WEB DEV AUTH\\Potatochips\\booking_management\\vendor\\laravel\\framework\\src\\Illuminate\\Foundation\\Http\\Middleware\\TrimStrings.php(40): Illuminate\\Foundation\\Http\\Middleware\\TransformsRequest->handle(Object(Illuminate\\Http\\Request), Object(Closure))
#35 C:\\Users\\Carl\\OneDrive - Polytechnic University of the Philippines\\Documents\\WEB DEV AUTH\\Potatochips\\booking_management\\vendor\\laravel\\framework\\src\\Illuminate\\Pipeline\\Pipeline.php(180): Illuminate\\Foundation\\Http\\Middleware\\TrimStrings->handle(Object(Illuminate\\Http\\Request), Object(Closure))
#36 C:\\Users\\Carl\\OneDrive - Polytechnic University of the Philippines\\Documents\\WEB DEV AUTH\\Potatochips\\booking_management\\vendor\\laravel\\framework\\src\\Illuminate\\Foundation\\Http\\Middleware\\ValidatePostSize.php(27): Illuminate\\Pipeline\\Pipeline->Illuminate\\Pipeline\\{closure}(Object(Illuminate\\Http\\Request))
#37 C:\\Users\\Carl\\OneDrive - Polytechnic University of the Philippines\\Documents\\WEB DEV AUTH\\Potatochips\\booking_management\\vendor\\laravel\\framework\\src\\Illuminate\\Pipeline\\Pipeline.php(180): Illuminate\\Foundation\\Http\\Middleware\\ValidatePostSize->handle(Object(Illuminate\\Http\\Request), Object(Closure))
#38 C:\\Users\\Carl\\OneDrive - Polytechnic University of the Philippines\\Documents\\WEB DEV AUTH\\Potatochips\\booking_management\\vendor\\laravel\\framework\\src\\Illuminate\\Foundation\\Http\\Middleware\\PreventRequestsDuringMaintenance.php(86): Illuminate\\Pipeline\\Pipeline->Illuminate\\Pipeline\\{closure}(Object(Illuminate\\Http\\Request))
#39 C:\\Users\\Carl\\OneDrive - Polytechnic University of the Philippines\\Documents\\WEB DEV AUTH\\Potatochips\\booking_management\\vendor\\laravel\\framework\\src\\Illuminate\\Pipeline\\Pipeline.php(180): Illuminate\\Foundation\\Http\\Middleware\\PreventRequestsDuringMaintenance->handle(Object(Illuminate\\Http\\Request), Object(Closure))
#40 C:\\Users\\Carl\\OneDrive - Polytechnic University of the Philippines\\Documents\\WEB DEV AUTH\\Potatochips\\booking_management\\vendor\\laravel\\framework\\src\\Illuminate\\Http\\Middleware\\HandleCors.php(49): Illuminate\\Pipeline\\Pipeline->Illuminate\\Pipeline\\{closure}(Object(Illuminate\\Http\\Request))
#41 C:\\Users\\Carl\\OneDrive - Polytechnic University of the Philippines\\Documents\\WEB DEV AUTH\\Potatochips\\booking_management\\vendor\\laravel\\framework\\src\\Illuminate\\Pipeline\\Pipeline.php(180): Illuminate\\Http\\Middleware\\HandleCors->handle(Object(Illuminate\\Http\\Request), Object(Closure))
#42 C:\\Users\\Carl\\OneDrive - Polytechnic University of the Philippines\\Documents\\WEB DEV AUTH\\Potatochips\\booking_management\\vendor\\laravel\\framework\\src\\Illuminate\\Http\\Middleware\\TrustProxies.php(39): Illuminate\\Pipeline\\Pipeline->Illuminate\\Pipeline\\{closure}(Object(Illuminate\\Http\\Request))
#43 C:\\Users\\Carl\\OneDrive - Polytechnic University of the Philippines\\Documents\\WEB DEV AUTH\\Potatochips\\booking_management\\vendor\\laravel\\framework\\src\\Illuminate\\Pipeline\\Pipeline.php(180): Illuminate\\Http\\Middleware\\TrustProxies->handle(Object(Illuminate\\Http\\Request), Object(Closure))
#44 C:\\Users\\Carl\\OneDrive - Polytechnic University of the Philippines\\Documents\\WEB DEV AUTH\\Potatochips\\booking_management\\vendor\\laravel\\framework\\src\\Illuminate\\Pipeline\\Pipeline.php(116): Illuminate\\Pipeline\\Pipeline->Illuminate\\Pipeline\\{closure}(Object(Illuminate\\Http\\Request))
#45 C:\\Users\\Carl\\OneDrive - Polytechnic University of the Philippines\\Documents\\WEB DEV AUTH\\Potatochips\\booking_management\\vendor\\laravel\\framework\\src\\Illuminate\\Foundation\\Http\\Kernel.php(175): Illuminate\\Pipeline\\Pipeline->then(Object(Closure))
#46 C:\\Users\\Carl\\OneDrive - Polytechnic University of the Philippines\\Documents\\WEB DEV AUTH\\Potatochips\\booking_management\\vendor\\laravel\\framework\\src\\Illuminate\\Foundation\\Http\\Kernel.php(144): Illuminate\\Foundation\\Http\\Kernel->sendRequestThroughRouter(Object(Illuminate\\Http\\Request))
#47 C:\\Users\\Carl\\OneDrive - Polytechnic University of the Philippines\\Documents\\WEB DEV AUTH\\Potatochips\\booking_management\\public\\index.php(51): Illuminate\\Foundation\\Http\\Kernel->handle(Object(Illuminate\\Http\\Request))
#48 C:\\Users\\Carl\\OneDrive - Polytechnic University of the Philippines\\Documents\\WEB DEV AUTH\\Potatochips\\booking_management\\vendor\\laravel\\framework\\src\\Illuminate\\Foundation\\resources\\server.php(16): require_once('C:\\\\Users\\\\Carl\\\\O...')
#49 {main}
"} 
[2025-01-28 23:22:28] local.ERROR: Undefined variable $validatedData {"userId":1,"exception":"[object] (ErrorException(code: 0): Undefined variable $validatedData at C:\\Users\\Carl\\OneDrive - Polytechnic University of the Philippines\\Documents\\WEB DEV AUTH\\Potatochips\\booking_management\\app\\Http\\Controllers\\PaymentController.php:26)
[stacktrace]
#0 C:\\Users\\Carl\\OneDrive - Polytechnic University of the Philippines\\Documents\\WEB DEV AUTH\\Potatochips\\booking_management\\vendor\\laravel\\framework\\src\\Illuminate\\Foundation\\Bootstrap\\HandleExceptions.php(254): Illuminate\\Foundation\\Bootstrap\\HandleExceptions->handleError(2, 'Undefined varia...', 'C:\\\\Users\\\\Carl\\\\O...', 26)
#1 C:\\Users\\Carl\\OneDrive - Polytechnic University of the Philippines\\Documents\\WEB DEV AUTH\\Potatochips\\booking_management\\app\\Http\\Controllers\\PaymentController.php(26): Illuminate\\Foundation\\Bootstrap\\HandleExceptions->Illuminate\\Foundation\\Bootstrap\\{closure}(2, 'Undefined varia...', 'C:\\\\Users\\\\Carl\\\\O...', 26)
#2 C:\\Users\\Carl\\OneDrive - Polytechnic University of the Philippines\\Documents\\WEB DEV AUTH\\Potatochips\\booking_management\\vendor\\laravel\\framework\\src\\Illuminate\\Routing\\Controller.php(54): App\\Http\\Controllers\\PaymentController->pay(Object(Illuminate\\Http\\Request))
#3 C:\\Users\\Carl\\OneDrive - Polytechnic University of the Philippines\\Documents\\WEB DEV AUTH\\Potatochips\\booking_management\\vendor\\laravel\\framework\\src\\Illuminate\\Routing\\ControllerDispatcher.php(43): Illuminate\\Routing\\Controller->callAction('pay', Array)
#4 C:\\Users\\Carl\\OneDrive - Polytechnic University of the Philippines\\Documents\\WEB DEV AUTH\\Potatochips\\booking_management\\vendor\\laravel\\framework\\src\\Illuminate\\Routing\\Route.php(259): Illuminate\\Routing\\ControllerDispatcher->dispatch(Object(Illuminate\\Routing\\Route), Object(App\\Http\\Controllers\\PaymentController), 'pay')
#5 C:\\Users\\Carl\\OneDrive - Polytechnic University of the Philippines\\Documents\\WEB DEV AUTH\\Potatochips\\booking_management\\vendor\\laravel\\framework\\src\\Illuminate\\Routing\\Route.php(205): Illuminate\\Routing\\Route->runController()
#6 C:\\Users\\Carl\\OneDrive - Polytechnic University of the Philippines\\Documents\\WEB DEV AUTH\\Potatochips\\booking_management\\vendor\\laravel\\framework\\src\\Illuminate\\Routing\\Router.php(799): Illuminate\\Routing\\Route->run()
#7 C:\\Users\\Carl\\OneDrive - Polytechnic University of the Philippines\\Documents\\WEB DEV AUTH\\Potatochips\\booking_management\\vendor\\laravel\\framework\\src\\Illuminate\\Pipeline\\Pipeline.php(141): Illuminate\\Routing\\Router->Illuminate\\Routing\\{closure}(Object(Illuminate\\Http\\Request))
#8 C:\\Users\\Carl\\OneDrive - Polytechnic University of the Philippines\\Documents\\WEB DEV AUTH\\Potatochips\\booking_management\\vendor\\laravel\\framework\\src\\Illuminate\\Routing\\Middleware\\SubstituteBindings.php(50): Illuminate\\Pipeline\\Pipeline->Illuminate\\Pipeline\\{closure}(Object(Illuminate\\Http\\Request))
#9 C:\\Users\\Carl\\OneDrive - Polytechnic University of the Philippines\\Documents\\WEB DEV AUTH\\Potatochips\\booking_management\\vendor\\laravel\\framework\\src\\Illuminate\\Pipeline\\Pipeline.php(180): Illuminate\\Routing\\Middleware\\SubstituteBindings->handle(Object(Illuminate\\Http\\Request), Object(Closure))
#10 C:\\Users\\Carl\\OneDrive - Polytechnic University of the Philippines\\Documents\\WEB DEV AUTH\\Potatochips\\booking_management\\vendor\\laravel\\framework\\src\\Illuminate\\Auth\\Middleware\\Authenticate.php(57): Illuminate\\Pipeline\\Pipeline->Illuminate\\Pipeline\\{closure}(Object(Illuminate\\Http\\Request))
#11 C:\\Users\\Carl\\OneDrive - Polytechnic University of the Philippines\\Documents\\WEB DEV AUTH\\Potatochips\\booking_management\\vendor\\laravel\\framework\\src\\Illuminate\\Pipeline\\Pipeline.php(180): Illuminate\\Auth\\Middleware\\Authenticate->handle(Object(Illuminate\\Http\\Request), Object(Closure), 'customer')
#12 C:\\Users\\Carl\\OneDrive - Polytechnic University of the Philippines\\Documents\\WEB DEV AUTH\\Potatochips\\booking_management\\vendor\\laravel\\framework\\src\\Illuminate\\Foundation\\Http\\Middleware\\VerifyCsrfToken.php(78): Illuminate\\Pipeline\\Pipeline->Illuminate\\Pipeline\\{closure}(Object(Illuminate\\Http\\Request))
#13 C:\\Users\\Carl\\OneDrive - Polytechnic University of the Philippines\\Documents\\WEB DEV AUTH\\Potatochips\\booking_management\\vendor\\laravel\\framework\\src\\Illuminate\\Pipeline\\Pipeline.php(180): Illuminate\\Foundation\\Http\\Middleware\\VerifyCsrfToken->handle(Object(Illuminate\\Http\\Request), Object(Closure))
#14 C:\\Users\\Carl\\OneDrive - Polytechnic University of the Philippines\\Documents\\WEB DEV AUTH\\Potatochips\\booking_management\\vendor\\laravel\\framework\\src\\Illuminate\\View\\Middleware\\ShareErrorsFromSession.php(49): Illuminate\\Pipeline\\Pipeline->Illuminate\\Pipeline\\{closure}(Object(Illuminate\\Http\\Request))
#15 C:\\Users\\Carl\\OneDrive - Polytechnic University of the Philippines\\Documents\\WEB DEV AUTH\\Potatochips\\booking_management\\vendor\\laravel\\framework\\src\\Illuminate\\Pipeline\\Pipeline.php(180): Illuminate\\View\\Middleware\\ShareErrorsFromSession->handle(Object(Illuminate\\Http\\Request), Object(Closure))
#16 C:\\Users\\Carl\\OneDrive - Polytechnic University of the Philippines\\Documents\\WEB DEV AUTH\\Potatochips\\booking_management\\vendor\\laravel\\framework\\src\\Illuminate\\Session\\Middleware\\StartSession.php(121): Illuminate\\Pipeline\\Pipeline->Illuminate\\Pipeline\\{closure}(Object(Illuminate\\Http\\Request))
#17 C:\\Users\\Carl\\OneDrive - Polytechnic University of the Philippines\\Documents\\WEB DEV AUTH\\Potatochips\\booking_management\\vendor\\laravel\\framework\\src\\Illuminate\\Session\\Middleware\\StartSession.php(64): Illuminate\\Session\\Middleware\\StartSession->handleStatefulRequest(Object(Illuminate\\Http\\Request), Object(Illuminate\\Session\\Store), Object(Closure))
#18 C:\\Users\\Carl\\OneDrive - Polytechnic University of the Philippines\\Documents\\WEB DEV AUTH\\Potatochips\\booking_management\\vendor\\laravel\\framework\\src\\Illuminate\\Pipeline\\Pipeline.php(180): Illuminate\\Session\\Middleware\\StartSession->handle(Object(Illuminate\\Http\\Request), Object(Closure))
#19 C:\\Users\\Carl\\OneDrive - Polytechnic University of the Philippines\\Documents\\WEB DEV AUTH\\Potatochips\\booking_management\\vendor\\laravel\\framework\\src\\Illuminate\\Cookie\\Middleware\\AddQueuedCookiesToResponse.php(37): Illuminate\\Pipeline\\Pipeline->Illuminate\\Pipeline\\{closure}(Object(Illuminate\\Http\\Request))
#20 C:\\Users\\Carl\\OneDrive - Polytechnic University of the Philippines\\Documents\\WEB DEV AUTH\\Potatochips\\booking_management\\vendor\\laravel\\framework\\src\\Illuminate\\Pipeline\\Pipeline.php(180): Illuminate\\Cookie\\Middleware\\AddQueuedCookiesToResponse->handle(Object(Illuminate\\Http\\Request), Object(Closure))
#21 C:\\Users\\Carl\\OneDrive - Polytechnic University of the Philippines\\Documents\\WEB DEV AUTH\\Potatochips\\booking_management\\vendor\\laravel\\framework\\src\\Illuminate\\Cookie\\Middleware\\EncryptCookies.php(67): Illuminate\\Pipeline\\Pipeline->Illuminate\\Pipeline\\{closure}(Object(Illuminate\\Http\\Request))
#22 C:\\Users\\Carl\\OneDrive - Polytechnic University of the Philippines\\Documents\\WEB DEV AUTH\\Potatochips\\booking_management\\vendor\\laravel\\framework\\src\\Illuminate\\Pipeline\\Pipeline.php(180): Illuminate\\Cookie\\Middleware\\EncryptCookies->handle(Object(Illuminate\\Http\\Request), Object(Closure))
#23 C:\\Users\\Carl\\OneDrive - Polytechnic University of the Philippines\\Documents\\WEB DEV AUTH\\Potatochips\\booking_management\\vendor\\laravel\\framework\\src\\Illuminate\\Pipeline\\Pipeline.php(116): Illuminate\\Pipeline\\Pipeline->Illuminate\\Pipeline\\{closure}(Object(Illuminate\\Http\\Request))
#24 C:\\Users\\Carl\\OneDrive - Polytechnic University of the Philippines\\Documents\\WEB DEV AUTH\\Potatochips\\booking_management\\vendor\\laravel\\framework\\src\\Illuminate\\Routing\\Router.php(798): Illuminate\\Pipeline\\Pipeline->then(Object(Closure))
#25 C:\\Users\\Carl\\OneDrive - Polytechnic University of the Philippines\\Documents\\WEB DEV AUTH\\Potatochips\\booking_management\\vendor\\laravel\\framework\\src\\Illuminate\\Routing\\Router.php(777): Illuminate\\Routing\\Router->runRouteWithinStack(Object(Illuminate\\Routing\\Route), Object(Illuminate\\Http\\Request))
#26 C:\\Users\\Carl\\OneDrive - Polytechnic University of the Philippines\\Documents\\WEB DEV AUTH\\Potatochips\\booking_management\\vendor\\laravel\\framework\\src\\Illuminate\\Routing\\Router.php(741): Illuminate\\Routing\\Router->runRoute(Object(Illuminate\\Http\\Request), Object(Illuminate\\Routing\\Route))
#27 C:\\Users\\Carl\\OneDrive - Polytechnic University of the Philippines\\Documents\\WEB DEV AUTH\\Potatochips\\booking_management\\vendor\\laravel\\framework\\src\\Illuminate\\Routing\\Router.php(730): Illuminate\\Routing\\Router->dispatchToRoute(Object(Illuminate\\Http\\Request))
#28 C:\\Users\\Carl\\OneDrive - Polytechnic University of the Philippines\\Documents\\WEB DEV AUTH\\Potatochips\\booking_management\\vendor\\laravel\\framework\\src\\Illuminate\\Foundation\\Http\\Kernel.php(200): Illuminate\\Routing\\Router->dispatch(Object(Illuminate\\Http\\Request))
#29 C:\\Users\\Carl\\OneDrive - Polytechnic University of the Philippines\\Documents\\WEB DEV AUTH\\Potatochips\\booking_management\\vendor\\laravel\\framework\\src\\Illuminate\\Pipeline\\Pipeline.php(141): Illuminate\\Foundation\\Http\\Kernel->Illuminate\\Foundation\\Http\\{closure}(Object(Illuminate\\Http\\Request))
#30 C:\\Users\\Carl\\OneDrive - Polytechnic University of the Philippines\\Documents\\WEB DEV AUTH\\Potatochips\\booking_management\\vendor\\laravel\\framework\\src\\Illuminate\\Foundation\\Http\\Middleware\\TransformsRequest.php(21): Illuminate\\Pipeline\\Pipeline->Illuminate\\Pipeline\\{closure}(Object(Illuminate\\Http\\Request))
#31 C:\\Users\\Carl\\OneDrive - Polytechnic University of the Philippines\\Documents\\WEB DEV AUTH\\Potatochips\\booking_management\\vendor\\laravel\\framework\\src\\Illuminate\\Foundation\\Http\\Middleware\\ConvertEmptyStringsToNull.php(31): Illuminate\\Foundation\\Http\\Middleware\\TransformsRequest->handle(Object(Illuminate\\Http\\Request), Object(Closure))
#32 C:\\Users\\Carl\\OneDrive - Polytechnic University of the Philippines\\Documents\\WEB DEV AUTH\\Potatochips\\booking_management\\vendor\\laravel\\framework\\src\\Illuminate\\Pipeline\\Pipeline.php(180): Illuminate\\Foundation\\Http\\Middleware\\ConvertEmptyStringsToNull->handle(Object(Illuminate\\Http\\Request), Object(Closure))
#33 C:\\Users\\Carl\\OneDrive - Polytechnic University of the Philippines\\Documents\\WEB DEV AUTH\\Potatochips\\booking_management\\vendor\\laravel\\framework\\src\\Illuminate\\Foundation\\Http\\Middleware\\TransformsRequest.php(21): Illuminate\\Pipeline\\Pipeline->Illuminate\\Pipeline\\{closure}(Object(Illuminate\\Http\\Request))
#34 C:\\Users\\Carl\\OneDrive - Polytechnic University of the Philippines\\Documents\\WEB DEV AUTH\\Potatochips\\booking_management\\vendor\\laravel\\framework\\src\\Illuminate\\Foundation\\Http\\Middleware\\TrimStrings.php(40): Illuminate\\Foundation\\Http\\Middleware\\TransformsRequest->handle(Object(Illuminate\\Http\\Request), Object(Closure))
#35 C:\\Users\\Carl\\OneDrive - Polytechnic University of the Philippines\\Documents\\WEB DEV AUTH\\Potatochips\\booking_management\\vendor\\laravel\\framework\\src\\Illuminate\\Pipeline\\Pipeline.php(180): Illuminate\\Foundation\\Http\\Middleware\\TrimStrings->handle(Object(Illuminate\\Http\\Request), Object(Closure))
#36 C:\\Users\\Carl\\OneDrive - Polytechnic University of the Philippines\\Documents\\WEB DEV AUTH\\Potatochips\\booking_management\\vendor\\laravel\\framework\\src\\Illuminate\\Foundation\\Http\\Middleware\\ValidatePostSize.php(27): Illuminate\\Pipeline\\Pipeline->Illuminate\\Pipeline\\{closure}(Object(Illuminate\\Http\\Request))
#37 C:\\Users\\Carl\\OneDrive - Polytechnic University of the Philippines\\Documents\\WEB DEV AUTH\\Potatochips\\booking_management\\vendor\\laravel\\framework\\src\\Illuminate\\Pipeline\\Pipeline.php(180): Illuminate\\Foundation\\Http\\Middleware\\ValidatePostSize->handle(Object(Illuminate\\Http\\Request), Object(Closure))
#38 C:\\Users\\Carl\\OneDrive - Polytechnic University of the Philippines\\Documents\\WEB DEV AUTH\\Potatochips\\booking_management\\vendor\\laravel\\framework\\src\\Illuminate\\Foundation\\Http\\Middleware\\PreventRequestsDuringMaintenance.php(86): Illuminate\\Pipeline\\Pipeline->Illuminate\\Pipeline\\{closure}(Object(Illuminate\\Http\\Request))
#39 C:\\Users\\Carl\\OneDrive - Polytechnic University of the Philippines\\Documents\\WEB DEV AUTH\\Potatochips\\booking_management\\vendor\\laravel\\framework\\src\\Illuminate\\Pipeline\\Pipeline.php(180): Illuminate\\Foundation\\Http\\Middleware\\PreventRequestsDuringMaintenance->handle(Object(Illuminate\\Http\\Request), Object(Closure))
#40 C:\\Users\\Carl\\OneDrive - Polytechnic University of the Philippines\\Documents\\WEB DEV AUTH\\Potatochips\\booking_management\\vendor\\laravel\\framework\\src\\Illuminate\\Http\\Middleware\\HandleCors.php(49): Illuminate\\Pipeline\\Pipeline->Illuminate\\Pipeline\\{closure}(Object(Illuminate\\Http\\Request))
#41 C:\\Users\\Carl\\OneDrive - Polytechnic University of the Philippines\\Documents\\WEB DEV AUTH\\Potatochips\\booking_management\\vendor\\laravel\\framework\\src\\Illuminate\\Pipeline\\Pipeline.php(180): Illuminate\\Http\\Middleware\\HandleCors->handle(Object(Illuminate\\Http\\Request), Object(Closure))
#42 C:\\Users\\Carl\\OneDrive - Polytechnic University of the Philippines\\Documents\\WEB DEV AUTH\\Potatochips\\booking_management\\vendor\\laravel\\framework\\src\\Illuminate\\Http\\Middleware\\TrustProxies.php(39): Illuminate\\Pipeline\\Pipeline->Illuminate\\Pipeline\\{closure}(Object(Illuminate\\Http\\Request))
#43 C:\\Users\\Carl\\OneDrive - Polytechnic University of the Philippines\\Documents\\WEB DEV AUTH\\Potatochips\\booking_management\\vendor\\laravel\\framework\\src\\Illuminate\\Pipeline\\Pipeline.php(180): Illuminate\\Http\\Middleware\\TrustProxies->handle(Object(Illuminate\\Http\\Request), Object(Closure))
#44 C:\\Users\\Carl\\OneDrive - Polytechnic University of the Philippines\\Documents\\WEB DEV AUTH\\Potatochips\\booking_management\\vendor\\laravel\\framework\\src\\Illuminate\\Pipeline\\Pipeline.php(116): Illuminate\\Pipeline\\Pipeline->Illuminate\\Pipeline\\{closure}(Object(Illuminate\\Http\\Request))
#45 C:\\Users\\Carl\\OneDrive - Polytechnic University of the Philippines\\Documents\\WEB DEV AUTH\\Potatochips\\booking_management\\vendor\\laravel\\framework\\src\\Illuminate\\Foundation\\Http\\Kernel.php(175): Illuminate\\Pipeline\\Pipeline->then(Object(Closure))
#46 C:\\Users\\Carl\\OneDrive - Polytechnic University of the Philippines\\Documents\\WEB DEV AUTH\\Potatochips\\booking_management\\vendor\\laravel\\framework\\src\\Illuminate\\Foundation\\Http\\Kernel.php(144): Illuminate\\Foundation\\Http\\Kernel->sendRequestThroughRouter(Object(Illuminate\\Http\\Request))
#47 C:\\Users\\Carl\\OneDrive - Polytechnic University of the Philippines\\Documents\\WEB DEV AUTH\\Potatochips\\booking_management\\public\\index.php(51): Illuminate\\Foundation\\Http\\Kernel->handle(Object(Illuminate\\Http\\Request))
#48 C:\\Users\\Carl\\OneDrive - Polytechnic University of the Philippines\\Documents\\WEB DEV AUTH\\Potatochips\\booking_management\\vendor\\laravel\\framework\\src\\Illuminate\\Foundation\\resources\\server.php(16): require_once('C:\\\\Users\\\\Carl\\\\O...')
#49 {main}
"} 
[2025-01-28 23:24:58] local.ERROR: Undefined array key "data" {"userId":1,"exception":"[object] (ErrorException(code: 0): Undefined array key \"data\" at C:\\Users\\Carl\\OneDrive - Polytechnic University of the Philippines\\Documents\\WEB DEV AUTH\\Potatochips\\booking_management\\app\\Services\\PayMongoService.php:65)
[stacktrace]
#0 C:\\Users\\Carl\\OneDrive - Polytechnic University of the Philippines\\Documents\\WEB DEV AUTH\\Potatochips\\booking_management\\vendor\\laravel\\framework\\src\\Illuminate\\Foundation\\Bootstrap\\HandleExceptions.php(254): Illuminate\\Foundation\\Bootstrap\\HandleExceptions->handleError(2, 'Undefined array...', 'C:\\\\Users\\\\Carl\\\\O...', 65)
#1 C:\\Users\\Carl\\OneDrive - Polytechnic University of the Philippines\\Documents\\WEB DEV AUTH\\Potatochips\\booking_management\\app\\Services\\PayMongoService.php(65): Illuminate\\Foundation\\Bootstrap\\HandleExceptions->Illuminate\\Foundation\\Bootstrap\\{closure}(2, 'Undefined array...', 'C:\\\\Users\\\\Carl\\\\O...', 65)
#2 C:\\Users\\Carl\\OneDrive - Polytechnic University of the Philippines\\Documents\\WEB DEV AUTH\\Potatochips\\booking_management\\app\\Http\\Controllers\\PaymentController.php(81): App\\Services\\PayMongoService->processPayment(Array)
#3 C:\\Users\\Carl\\OneDrive - Polytechnic University of the Philippines\\Documents\\WEB DEV AUTH\\Potatochips\\booking_management\\vendor\\laravel\\framework\\src\\Illuminate\\Routing\\Controller.php(54): App\\Http\\Controllers\\PaymentController->pay(Object(Illuminate\\Http\\Request))
#4 C:\\Users\\Carl\\OneDrive - Polytechnic University of the Philippines\\Documents\\WEB DEV AUTH\\Potatochips\\booking_management\\vendor\\laravel\\framework\\src\\Illuminate\\Routing\\ControllerDispatcher.php(43): Illuminate\\Routing\\Controller->callAction('pay', Array)
#5 C:\\Users\\Carl\\OneDrive - Polytechnic University of the Philippines\\Documents\\WEB DEV AUTH\\Potatochips\\booking_management\\vendor\\laravel\\framework\\src\\Illuminate\\Routing\\Route.php(259): Illuminate\\Routing\\ControllerDispatcher->dispatch(Object(Illuminate\\Routing\\Route), Object(App\\Http\\Controllers\\PaymentController), 'pay')
#6 C:\\Users\\Carl\\OneDrive - Polytechnic University of the Philippines\\Documents\\WEB DEV AUTH\\Potatochips\\booking_management\\vendor\\laravel\\framework\\src\\Illuminate\\Routing\\Route.php(205): Illuminate\\Routing\\Route->runController()
#7 C:\\Users\\Carl\\OneDrive - Polytechnic University of the Philippines\\Documents\\WEB DEV AUTH\\Potatochips\\booking_management\\vendor\\laravel\\framework\\src\\Illuminate\\Routing\\Router.php(799): Illuminate\\Routing\\Route->run()
#8 C:\\Users\\Carl\\OneDrive - Polytechnic University of the Philippines\\Documents\\WEB DEV AUTH\\Potatochips\\booking_management\\vendor\\laravel\\framework\\src\\Illuminate\\Pipeline\\Pipeline.php(141): Illuminate\\Routing\\Router->Illuminate\\Routing\\{closure}(Object(Illuminate\\Http\\Request))
#9 C:\\Users\\Carl\\OneDrive - Polytechnic University of the Philippines\\Documents\\WEB DEV AUTH\\Potatochips\\booking_management\\vendor\\laravel\\framework\\src\\Illuminate\\Routing\\Middleware\\SubstituteBindings.php(50): Illuminate\\Pipeline\\Pipeline->Illuminate\\Pipeline\\{closure}(Object(Illuminate\\Http\\Request))
#10 C:\\Users\\Carl\\OneDrive - Polytechnic University of the Philippines\\Documents\\WEB DEV AUTH\\Potatochips\\booking_management\\vendor\\laravel\\framework\\src\\Illuminate\\Pipeline\\Pipeline.php(180): Illuminate\\Routing\\Middleware\\SubstituteBindings->handle(Object(Illuminate\\Http\\Request), Object(Closure))
#11 C:\\Users\\Carl\\OneDrive - Polytechnic University of the Philippines\\Documents\\WEB DEV AUTH\\Potatochips\\booking_management\\vendor\\laravel\\framework\\src\\Illuminate\\Auth\\Middleware\\Authenticate.php(57): Illuminate\\Pipeline\\Pipeline->Illuminate\\Pipeline\\{closure}(Object(Illuminate\\Http\\Request))
#12 C:\\Users\\Carl\\OneDrive - Polytechnic University of the Philippines\\Documents\\WEB DEV AUTH\\Potatochips\\booking_management\\vendor\\laravel\\framework\\src\\Illuminate\\Pipeline\\Pipeline.php(180): Illuminate\\Auth\\Middleware\\Authenticate->handle(Object(Illuminate\\Http\\Request), Object(Closure), 'customer')
#13 C:\\Users\\Carl\\OneDrive - Polytechnic University of the Philippines\\Documents\\WEB DEV AUTH\\Potatochips\\booking_management\\vendor\\laravel\\framework\\src\\Illuminate\\Foundation\\Http\\Middleware\\VerifyCsrfToken.php(78): Illuminate\\Pipeline\\Pipeline->Illuminate\\Pipeline\\{closure}(Object(Illuminate\\Http\\Request))
#14 C:\\Users\\Carl\\OneDrive - Polytechnic University of the Philippines\\Documents\\WEB DEV AUTH\\Potatochips\\booking_management\\vendor\\laravel\\framework\\src\\Illuminate\\Pipeline\\Pipeline.php(180): Illuminate\\Foundation\\Http\\Middleware\\VerifyCsrfToken->handle(Object(Illuminate\\Http\\Request), Object(Closure))
#15 C:\\Users\\Carl\\OneDrive - Polytechnic University of the Philippines\\Documents\\WEB DEV AUTH\\Potatochips\\booking_management\\vendor\\laravel\\framework\\src\\Illuminate\\View\\Middleware\\ShareErrorsFromSession.php(49): Illuminate\\Pipeline\\Pipeline->Illuminate\\Pipeline\\{closure}(Object(Illuminate\\Http\\Request))
#16 C:\\Users\\Carl\\OneDrive - Polytechnic University of the Philippines\\Documents\\WEB DEV AUTH\\Potatochips\\booking_management\\vendor\\laravel\\framework\\src\\Illuminate\\Pipeline\\Pipeline.php(180): Illuminate\\View\\Middleware\\ShareErrorsFromSession->handle(Object(Illuminate\\Http\\Request), Object(Closure))
#17 C:\\Users\\Carl\\OneDrive - Polytechnic University of the Philippines\\Documents\\WEB DEV AUTH\\Potatochips\\booking_management\\vendor\\laravel\\framework\\src\\Illuminate\\Session\\Middleware\\StartSession.php(121): Illuminate\\Pipeline\\Pipeline->Illuminate\\Pipeline\\{closure}(Object(Illuminate\\Http\\Request))
#18 C:\\Users\\Carl\\OneDrive - Polytechnic University of the Philippines\\Documents\\WEB DEV AUTH\\Potatochips\\booking_management\\vendor\\laravel\\framework\\src\\Illuminate\\Session\\Middleware\\StartSession.php(64): Illuminate\\Session\\Middleware\\StartSession->handleStatefulRequest(Object(Illuminate\\Http\\Request), Object(Illuminate\\Session\\Store), Object(Closure))
#19 C:\\Users\\Carl\\OneDrive - Polytechnic University of the Philippines\\Documents\\WEB DEV AUTH\\Potatochips\\booking_management\\vendor\\laravel\\framework\\src\\Illuminate\\Pipeline\\Pipeline.php(180): Illuminate\\Session\\Middleware\\StartSession->handle(Object(Illuminate\\Http\\Request), Object(Closure))
#20 C:\\Users\\Carl\\OneDrive - Polytechnic University of the Philippines\\Documents\\WEB DEV AUTH\\Potatochips\\booking_management\\vendor\\laravel\\framework\\src\\Illuminate\\Cookie\\Middleware\\AddQueuedCookiesToResponse.php(37): Illuminate\\Pipeline\\Pipeline->Illuminate\\Pipeline\\{closure}(Object(Illuminate\\Http\\Request))
#21 C:\\Users\\Carl\\OneDrive - Polytechnic University of the Philippines\\Documents\\WEB DEV AUTH\\Potatochips\\booking_management\\vendor\\laravel\\framework\\src\\Illuminate\\Pipeline\\Pipeline.php(180): Illuminate\\Cookie\\Middleware\\AddQueuedCookiesToResponse->handle(Object(Illuminate\\Http\\Request), Object(Closure))
#22 C:\\Users\\Carl\\OneDrive - Polytechnic University of the Philippines\\Documents\\WEB DEV AUTH\\Potatochips\\booking_management\\vendor\\laravel\\framework\\src\\Illuminate\\Cookie\\Middleware\\EncryptCookies.php(67): Illuminate\\Pipeline\\Pipeline->Illuminate\\Pipeline\\{closure}(Object(Illuminate\\Http\\Request))
#23 C:\\Users\\Carl\\OneDrive - Polytechnic University of the Philippines\\Documents\\WEB DEV AUTH\\Potatochips\\booking_management\\vendor\\laravel\\framework\\src\\Illuminate\\Pipeline\\Pipeline.php(180): Illuminate\\Cookie\\Middleware\\EncryptCookies->handle(Object(Illuminate\\Http\\Request), Object(Closure))
#24 C:\\Users\\Carl\\OneDrive - Polytechnic University of the Philippines\\Documents\\WEB DEV AUTH\\Potatochips\\booking_management\\vendor\\laravel\\framework\\src\\Illuminate\\Pipeline\\Pipeline.php(116): Illuminate\\Pipeline\\Pipeline->Illuminate\\Pipeline\\{closure}(Object(Illuminate\\Http\\Request))
#25 C:\\Users\\Carl\\OneDrive - Polytechnic University of the Philippines\\Documents\\WEB DEV AUTH\\Potatochips\\booking_management\\vendor\\laravel\\framework\\src\\Illuminate\\Routing\\Router.php(798): Illuminate\\Pipeline\\Pipeline->then(Object(Closure))
#26 C:\\Users\\Carl\\OneDrive - Polytechnic University of the Philippines\\Documents\\WEB DEV AUTH\\Potatochips\\booking_management\\vendor\\laravel\\framework\\src\\Illuminate\\Routing\\Router.php(777): Illuminate\\Routing\\Router->runRouteWithinStack(Object(Illuminate\\Routing\\Route), Object(Illuminate\\Http\\Request))
#27 C:\\Users\\Carl\\OneDrive - Polytechnic University of the Philippines\\Documents\\WEB DEV AUTH\\Potatochips\\booking_management\\vendor\\laravel\\framework\\src\\Illuminate\\Routing\\Router.php(741): Illuminate\\Routing\\Router->runRoute(Object(Illuminate\\Http\\Request), Object(Illuminate\\Routing\\Route))
#28 C:\\Users\\Carl\\OneDrive - Polytechnic University of the Philippines\\Documents\\WEB DEV AUTH\\Potatochips\\booking_management\\vendor\\laravel\\framework\\src\\Illuminate\\Routing\\Router.php(730): Illuminate\\Routing\\Router->dispatchToRoute(Object(Illuminate\\Http\\Request))
#29 C:\\Users\\Carl\\OneDrive - Polytechnic University of the Philippines\\Documents\\WEB DEV AUTH\\Potatochips\\booking_management\\vendor\\laravel\\framework\\src\\Illuminate\\Foundation\\Http\\Kernel.php(200): Illuminate\\Routing\\Router->dispatch(Object(Illuminate\\Http\\Request))
#30 C:\\Users\\Carl\\OneDrive - Polytechnic University of the Philippines\\Documents\\WEB DEV AUTH\\Potatochips\\booking_management\\vendor\\laravel\\framework\\src\\Illuminate\\Pipeline\\Pipeline.php(141): Illuminate\\Foundation\\Http\\Kernel->Illuminate\\Foundation\\Http\\{closure}(Object(Illuminate\\Http\\Request))
#31 C:\\Users\\Carl\\OneDrive - Polytechnic University of the Philippines\\Documents\\WEB DEV AUTH\\Potatochips\\booking_management\\vendor\\laravel\\framework\\src\\Illuminate\\Foundation\\Http\\Middleware\\TransformsRequest.php(21): Illuminate\\Pipeline\\Pipeline->Illuminate\\Pipeline\\{closure}(Object(Illuminate\\Http\\Request))
#32 C:\\Users\\Carl\\OneDrive - Polytechnic University of the Philippines\\Documents\\WEB DEV AUTH\\Potatochips\\booking_management\\vendor\\laravel\\framework\\src\\Illuminate\\Foundation\\Http\\Middleware\\ConvertEmptyStringsToNull.php(31): Illuminate\\Foundation\\Http\\Middleware\\TransformsRequest->handle(Object(Illuminate\\Http\\Request), Object(Closure))
#33 C:\\Users\\Carl\\OneDrive - Polytechnic University of the Philippines\\Documents\\WEB DEV AUTH\\Potatochips\\booking_management\\vendor\\laravel\\framework\\src\\Illuminate\\Pipeline\\Pipeline.php(180): Illuminate\\Foundation\\Http\\Middleware\\ConvertEmptyStringsToNull->handle(Object(Illuminate\\Http\\Request), Object(Closure))
#34 C:\\Users\\Carl\\OneDrive - Polytechnic University of the Philippines\\Documents\\WEB DEV AUTH\\Potatochips\\booking_management\\vendor\\laravel\\framework\\src\\Illuminate\\Foundation\\Http\\Middleware\\TransformsRequest.php(21): Illuminate\\Pipeline\\Pipeline->Illuminate\\Pipeline\\{closure}(Object(Illuminate\\Http\\Request))
#35 C:\\Users\\Carl\\OneDrive - Polytechnic University of the Philippines\\Documents\\WEB DEV AUTH\\Potatochips\\booking_management\\vendor\\laravel\\framework\\src\\Illuminate\\Foundation\\Http\\Middleware\\TrimStrings.php(40): Illuminate\\Foundation\\Http\\Middleware\\TransformsRequest->handle(Object(Illuminate\\Http\\Request), Object(Closure))
#36 C:\\Users\\Carl\\OneDrive - Polytechnic University of the Philippines\\Documents\\WEB DEV AUTH\\Potatochips\\booking_management\\vendor\\laravel\\framework\\src\\Illuminate\\Pipeline\\Pipeline.php(180): Illuminate\\Foundation\\Http\\Middleware\\TrimStrings->handle(Object(Illuminate\\Http\\Request), Object(Closure))
#37 C:\\Users\\Carl\\OneDrive - Polytechnic University of the Philippines\\Documents\\WEB DEV AUTH\\Potatochips\\booking_management\\vendor\\laravel\\framework\\src\\Illuminate\\Foundation\\Http\\Middleware\\ValidatePostSize.php(27): Illuminate\\Pipeline\\Pipeline->Illuminate\\Pipeline\\{closure}(Object(Illuminate\\Http\\Request))
#38 C:\\Users\\Carl\\OneDrive - Polytechnic University of the Philippines\\Documents\\WEB DEV AUTH\\Potatochips\\booking_management\\vendor\\laravel\\framework\\src\\Illuminate\\Pipeline\\Pipeline.php(180): Illuminate\\Foundation\\Http\\Middleware\\ValidatePostSize->handle(Object(Illuminate\\Http\\Request), Object(Closure))
#39 C:\\Users\\Carl\\OneDrive - Polytechnic University of the Philippines\\Documents\\WEB DEV AUTH\\Potatochips\\booking_management\\vendor\\laravel\\framework\\src\\Illuminate\\Foundation\\Http\\Middleware\\PreventRequestsDuringMaintenance.php(86): Illuminate\\Pipeline\\Pipeline->Illuminate\\Pipeline\\{closure}(Object(Illuminate\\Http\\Request))
#40 C:\\Users\\Carl\\OneDrive - Polytechnic University of the Philippines\\Documents\\WEB DEV AUTH\\Potatochips\\booking_management\\vendor\\laravel\\framework\\src\\Illuminate\\Pipeline\\Pipeline.php(180): Illuminate\\Foundation\\Http\\Middleware\\PreventRequestsDuringMaintenance->handle(Object(Illuminate\\Http\\Request), Object(Closure))
#41 C:\\Users\\Carl\\OneDrive - Polytechnic University of the Philippines\\Documents\\WEB DEV AUTH\\Potatochips\\booking_management\\vendor\\laravel\\framework\\src\\Illuminate\\Http\\Middleware\\HandleCors.php(49): Illuminate\\Pipeline\\Pipeline->Illuminate\\Pipeline\\{closure}(Object(Illuminate\\Http\\Request))
#42 C:\\Users\\Carl\\OneDrive - Polytechnic University of the Philippines\\Documents\\WEB DEV AUTH\\Potatochips\\booking_management\\vendor\\laravel\\framework\\src\\Illuminate\\Pipeline\\Pipeline.php(180): Illuminate\\Http\\Middleware\\HandleCors->handle(Object(Illuminate\\Http\\Request), Object(Closure))
#43 C:\\Users\\Carl\\OneDrive - Polytechnic University of the Philippines\\Documents\\WEB DEV AUTH\\Potatochips\\booking_management\\vendor\\laravel\\framework\\src\\Illuminate\\Http\\Middleware\\TrustProxies.php(39): Illuminate\\Pipeline\\Pipeline->Illuminate\\Pipeline\\{closure}(Object(Illuminate\\Http\\Request))
#44 C:\\Users\\Carl\\OneDrive - Polytechnic University of the Philippines\\Documents\\WEB DEV AUTH\\Potatochips\\booking_management\\vendor\\laravel\\framework\\src\\Illuminate\\Pipeline\\Pipeline.php(180): Illuminate\\Http\\Middleware\\TrustProxies->handle(Object(Illuminate\\Http\\Request), Object(Closure))
#45 C:\\Users\\Carl\\OneDrive - Polytechnic University of the Philippines\\Documents\\WEB DEV AUTH\\Potatochips\\booking_management\\vendor\\laravel\\framework\\src\\Illuminate\\Pipeline\\Pipeline.php(116): Illuminate\\Pipeline\\Pipeline->Illuminate\\Pipeline\\{closure}(Object(Illuminate\\Http\\Request))
#46 C:\\Users\\Carl\\OneDrive - Polytechnic University of the Philippines\\Documents\\WEB DEV AUTH\\Potatochips\\booking_management\\vendor\\laravel\\framework\\src\\Illuminate\\Foundation\\Http\\Kernel.php(175): Illuminate\\Pipeline\\Pipeline->then(Object(Closure))
#47 C:\\Users\\Carl\\OneDrive - Polytechnic University of the Philippines\\Documents\\WEB DEV AUTH\\Potatochips\\booking_management\\vendor\\laravel\\framework\\src\\Illuminate\\Foundation\\Http\\Kernel.php(144): Illuminate\\Foundation\\Http\\Kernel->sendRequestThroughRouter(Object(Illuminate\\Http\\Request))
#48 C:\\Users\\Carl\\OneDrive - Polytechnic University of the Philippines\\Documents\\WEB DEV AUTH\\Potatochips\\booking_management\\public\\index.php(51): Illuminate\\Foundation\\Http\\Kernel->handle(Object(Illuminate\\Http\\Request))
#49 C:\\Users\\Carl\\OneDrive - Polytechnic University of the Philippines\\Documents\\WEB DEV AUTH\\Potatochips\\booking_management\\vendor\\laravel\\framework\\src\\Illuminate\\Foundation\\resources\\server.php(16): require_once('C:\\\\Users\\\\Carl\\\\O...')
#50 {main}
"} 
[2025-01-28 23:25:33] local.ERROR: Undefined array key "data" {"userId":1,"exception":"[object] (ErrorException(code: 0): Undefined array key \"data\" at C:\\Users\\Carl\\OneDrive - Polytechnic University of the Philippines\\Documents\\WEB DEV AUTH\\Potatochips\\booking_management\\app\\Services\\PayMongoService.php:65)
[stacktrace]
#0 C:\\Users\\Carl\\OneDrive - Polytechnic University of the Philippines\\Documents\\WEB DEV AUTH\\Potatochips\\booking_management\\vendor\\laravel\\framework\\src\\Illuminate\\Foundation\\Bootstrap\\HandleExceptions.php(254): Illuminate\\Foundation\\Bootstrap\\HandleExceptions->handleError(2, 'Undefined array...', 'C:\\\\Users\\\\Carl\\\\O...', 65)
#1 C:\\Users\\Carl\\OneDrive - Polytechnic University of the Philippines\\Documents\\WEB DEV AUTH\\Potatochips\\booking_management\\app\\Services\\PayMongoService.php(65): Illuminate\\Foundation\\Bootstrap\\HandleExceptions->Illuminate\\Foundation\\Bootstrap\\{closure}(2, 'Undefined array...', 'C:\\\\Users\\\\Carl\\\\O...', 65)
#2 C:\\Users\\Carl\\OneDrive - Polytechnic University of the Philippines\\Documents\\WEB DEV AUTH\\Potatochips\\booking_management\\app\\Http\\Controllers\\PaymentController.php(81): App\\Services\\PayMongoService->processPayment(Array)
#3 C:\\Users\\Carl\\OneDrive - Polytechnic University of the Philippines\\Documents\\WEB DEV AUTH\\Potatochips\\booking_management\\vendor\\laravel\\framework\\src\\Illuminate\\Routing\\Controller.php(54): App\\Http\\Controllers\\PaymentController->pay(Object(Illuminate\\Http\\Request))
#4 C:\\Users\\Carl\\OneDrive - Polytechnic University of the Philippines\\Documents\\WEB DEV AUTH\\Potatochips\\booking_management\\vendor\\laravel\\framework\\src\\Illuminate\\Routing\\ControllerDispatcher.php(43): Illuminate\\Routing\\Controller->callAction('pay', Array)
#5 C:\\Users\\Carl\\OneDrive - Polytechnic University of the Philippines\\Documents\\WEB DEV AUTH\\Potatochips\\booking_management\\vendor\\laravel\\framework\\src\\Illuminate\\Routing\\Route.php(259): Illuminate\\Routing\\ControllerDispatcher->dispatch(Object(Illuminate\\Routing\\Route), Object(App\\Http\\Controllers\\PaymentController), 'pay')
#6 C:\\Users\\Carl\\OneDrive - Polytechnic University of the Philippines\\Documents\\WEB DEV AUTH\\Potatochips\\booking_management\\vendor\\laravel\\framework\\src\\Illuminate\\Routing\\Route.php(205): Illuminate\\Routing\\Route->runController()
#7 C:\\Users\\Carl\\OneDrive - Polytechnic University of the Philippines\\Documents\\WEB DEV AUTH\\Potatochips\\booking_management\\vendor\\laravel\\framework\\src\\Illuminate\\Routing\\Router.php(799): Illuminate\\Routing\\Route->run()
#8 C:\\Users\\Carl\\OneDrive - Polytechnic University of the Philippines\\Documents\\WEB DEV AUTH\\Potatochips\\booking_management\\vendor\\laravel\\framework\\src\\Illuminate\\Pipeline\\Pipeline.php(141): Illuminate\\Routing\\Router->Illuminate\\Routing\\{closure}(Object(Illuminate\\Http\\Request))
#9 C:\\Users\\Carl\\OneDrive - Polytechnic University of the Philippines\\Documents\\WEB DEV AUTH\\Potatochips\\booking_management\\vendor\\laravel\\framework\\src\\Illuminate\\Routing\\Middleware\\SubstituteBindings.php(50): Illuminate\\Pipeline\\Pipeline->Illuminate\\Pipeline\\{closure}(Object(Illuminate\\Http\\Request))
#10 C:\\Users\\Carl\\OneDrive - Polytechnic University of the Philippines\\Documents\\WEB DEV AUTH\\Potatochips\\booking_management\\vendor\\laravel\\framework\\src\\Illuminate\\Pipeline\\Pipeline.php(180): Illuminate\\Routing\\Middleware\\SubstituteBindings->handle(Object(Illuminate\\Http\\Request), Object(Closure))
#11 C:\\Users\\Carl\\OneDrive - Polytechnic University of the Philippines\\Documents\\WEB DEV AUTH\\Potatochips\\booking_management\\vendor\\laravel\\framework\\src\\Illuminate\\Auth\\Middleware\\Authenticate.php(57): Illuminate\\Pipeline\\Pipeline->Illuminate\\Pipeline\\{closure}(Object(Illuminate\\Http\\Request))
#12 C:\\Users\\Carl\\OneDrive - Polytechnic University of the Philippines\\Documents\\WEB DEV AUTH\\Potatochips\\booking_management\\vendor\\laravel\\framework\\src\\Illuminate\\Pipeline\\Pipeline.php(180): Illuminate\\Auth\\Middleware\\Authenticate->handle(Object(Illuminate\\Http\\Request), Object(Closure), 'customer')
#13 C:\\Users\\Carl\\OneDrive - Polytechnic University of the Philippines\\Documents\\WEB DEV AUTH\\Potatochips\\booking_management\\vendor\\laravel\\framework\\src\\Illuminate\\Foundation\\Http\\Middleware\\VerifyCsrfToken.php(78): Illuminate\\Pipeline\\Pipeline->Illuminate\\Pipeline\\{closure}(Object(Illuminate\\Http\\Request))
#14 C:\\Users\\Carl\\OneDrive - Polytechnic University of the Philippines\\Documents\\WEB DEV AUTH\\Potatochips\\booking_management\\vendor\\laravel\\framework\\src\\Illuminate\\Pipeline\\Pipeline.php(180): Illuminate\\Foundation\\Http\\Middleware\\VerifyCsrfToken->handle(Object(Illuminate\\Http\\Request), Object(Closure))
#15 C:\\Users\\Carl\\OneDrive - Polytechnic University of the Philippines\\Documents\\WEB DEV AUTH\\Potatochips\\booking_management\\vendor\\laravel\\framework\\src\\Illuminate\\View\\Middleware\\ShareErrorsFromSession.php(49): Illuminate\\Pipeline\\Pipeline->Illuminate\\Pipeline\\{closure}(Object(Illuminate\\Http\\Request))
#16 C:\\Users\\Carl\\OneDrive - Polytechnic University of the Philippines\\Documents\\WEB DEV AUTH\\Potatochips\\booking_management\\vendor\\laravel\\framework\\src\\Illuminate\\Pipeline\\Pipeline.php(180): Illuminate\\View\\Middleware\\ShareErrorsFromSession->handle(Object(Illuminate\\Http\\Request), Object(Closure))
#17 C:\\Users\\Carl\\OneDrive - Polytechnic University of the Philippines\\Documents\\WEB DEV AUTH\\Potatochips\\booking_management\\vendor\\laravel\\framework\\src\\Illuminate\\Session\\Middleware\\StartSession.php(121): Illuminate\\Pipeline\\Pipeline->Illuminate\\Pipeline\\{closure}(Object(Illuminate\\Http\\Request))
#18 C:\\Users\\Carl\\OneDrive - Polytechnic University of the Philippines\\Documents\\WEB DEV AUTH\\Potatochips\\booking_management\\vendor\\laravel\\framework\\src\\Illuminate\\Session\\Middleware\\StartSession.php(64): Illuminate\\Session\\Middleware\\StartSession->handleStatefulRequest(Object(Illuminate\\Http\\Request), Object(Illuminate\\Session\\Store), Object(Closure))
#19 C:\\Users\\Carl\\OneDrive - Polytechnic University of the Philippines\\Documents\\WEB DEV AUTH\\Potatochips\\booking_management\\vendor\\laravel\\framework\\src\\Illuminate\\Pipeline\\Pipeline.php(180): Illuminate\\Session\\Middleware\\StartSession->handle(Object(Illuminate\\Http\\Request), Object(Closure))
#20 C:\\Users\\Carl\\OneDrive - Polytechnic University of the Philippines\\Documents\\WEB DEV AUTH\\Potatochips\\booking_management\\vendor\\laravel\\framework\\src\\Illuminate\\Cookie\\Middleware\\AddQueuedCookiesToResponse.php(37): Illuminate\\Pipeline\\Pipeline->Illuminate\\Pipeline\\{closure}(Object(Illuminate\\Http\\Request))
#21 C:\\Users\\Carl\\OneDrive - Polytechnic University of the Philippines\\Documents\\WEB DEV AUTH\\Potatochips\\booking_management\\vendor\\laravel\\framework\\src\\Illuminate\\Pipeline\\Pipeline.php(180): Illuminate\\Cookie\\Middleware\\AddQueuedCookiesToResponse->handle(Object(Illuminate\\Http\\Request), Object(Closure))
#22 C:\\Users\\Carl\\OneDrive - Polytechnic University of the Philippines\\Documents\\WEB DEV AUTH\\Potatochips\\booking_management\\vendor\\laravel\\framework\\src\\Illuminate\\Cookie\\Middleware\\EncryptCookies.php(67): Illuminate\\Pipeline\\Pipeline->Illuminate\\Pipeline\\{closure}(Object(Illuminate\\Http\\Request))
#23 C:\\Users\\Carl\\OneDrive - Polytechnic University of the Philippines\\Documents\\WEB DEV AUTH\\Potatochips\\booking_management\\vendor\\laravel\\framework\\src\\Illuminate\\Pipeline\\Pipeline.php(180): Illuminate\\Cookie\\Middleware\\EncryptCookies->handle(Object(Illuminate\\Http\\Request), Object(Closure))
#24 C:\\Users\\Carl\\OneDrive - Polytechnic University of the Philippines\\Documents\\WEB DEV AUTH\\Potatochips\\booking_management\\vendor\\laravel\\framework\\src\\Illuminate\\Pipeline\\Pipeline.php(116): Illuminate\\Pipeline\\Pipeline->Illuminate\\Pipeline\\{closure}(Object(Illuminate\\Http\\Request))
#25 C:\\Users\\Carl\\OneDrive - Polytechnic University of the Philippines\\Documents\\WEB DEV AUTH\\Potatochips\\booking_management\\vendor\\laravel\\framework\\src\\Illuminate\\Routing\\Router.php(798): Illuminate\\Pipeline\\Pipeline->then(Object(Closure))
#26 C:\\Users\\Carl\\OneDrive - Polytechnic University of the Philippines\\Documents\\WEB DEV AUTH\\Potatochips\\booking_management\\vendor\\laravel\\framework\\src\\Illuminate\\Routing\\Router.php(777): Illuminate\\Routing\\Router->runRouteWithinStack(Object(Illuminate\\Routing\\Route), Object(Illuminate\\Http\\Request))
#27 C:\\Users\\Carl\\OneDrive - Polytechnic University of the Philippines\\Documents\\WEB DEV AUTH\\Potatochips\\booking_management\\vendor\\laravel\\framework\\src\\Illuminate\\Routing\\Router.php(741): Illuminate\\Routing\\Router->runRoute(Object(Illuminate\\Http\\Request), Object(Illuminate\\Routing\\Route))
#28 C:\\Users\\Carl\\OneDrive - Polytechnic University of the Philippines\\Documents\\WEB DEV AUTH\\Potatochips\\booking_management\\vendor\\laravel\\framework\\src\\Illuminate\\Routing\\Router.php(730): Illuminate\\Routing\\Router->dispatchToRoute(Object(Illuminate\\Http\\Request))
#29 C:\\Users\\Carl\\OneDrive - Polytechnic University of the Philippines\\Documents\\WEB DEV AUTH\\Potatochips\\booking_management\\vendor\\laravel\\framework\\src\\Illuminate\\Foundation\\Http\\Kernel.php(200): Illuminate\\Routing\\Router->dispatch(Object(Illuminate\\Http\\Request))
#30 C:\\Users\\Carl\\OneDrive - Polytechnic University of the Philippines\\Documents\\WEB DEV AUTH\\Potatochips\\booking_management\\vendor\\laravel\\framework\\src\\Illuminate\\Pipeline\\Pipeline.php(141): Illuminate\\Foundation\\Http\\Kernel->Illuminate\\Foundation\\Http\\{closure}(Object(Illuminate\\Http\\Request))
#31 C:\\Users\\Carl\\OneDrive - Polytechnic University of the Philippines\\Documents\\WEB DEV AUTH\\Potatochips\\booking_management\\vendor\\laravel\\framework\\src\\Illuminate\\Foundation\\Http\\Middleware\\TransformsRequest.php(21): Illuminate\\Pipeline\\Pipeline->Illuminate\\Pipeline\\{closure}(Object(Illuminate\\Http\\Request))
#32 C:\\Users\\Carl\\OneDrive - Polytechnic University of the Philippines\\Documents\\WEB DEV AUTH\\Potatochips\\booking_management\\vendor\\laravel\\framework\\src\\Illuminate\\Foundation\\Http\\Middleware\\ConvertEmptyStringsToNull.php(31): Illuminate\\Foundation\\Http\\Middleware\\TransformsRequest->handle(Object(Illuminate\\Http\\Request), Object(Closure))
#33 C:\\Users\\Carl\\OneDrive - Polytechnic University of the Philippines\\Documents\\WEB DEV AUTH\\Potatochips\\booking_management\\vendor\\laravel\\framework\\src\\Illuminate\\Pipeline\\Pipeline.php(180): Illuminate\\Foundation\\Http\\Middleware\\ConvertEmptyStringsToNull->handle(Object(Illuminate\\Http\\Request), Object(Closure))
#34 C:\\Users\\Carl\\OneDrive - Polytechnic University of the Philippines\\Documents\\WEB DEV AUTH\\Potatochips\\booking_management\\vendor\\laravel\\framework\\src\\Illuminate\\Foundation\\Http\\Middleware\\TransformsRequest.php(21): Illuminate\\Pipeline\\Pipeline->Illuminate\\Pipeline\\{closure}(Object(Illuminate\\Http\\Request))
#35 C:\\Users\\Carl\\OneDrive - Polytechnic University of the Philippines\\Documents\\WEB DEV AUTH\\Potatochips\\booking_management\\vendor\\laravel\\framework\\src\\Illuminate\\Foundation\\Http\\Middleware\\TrimStrings.php(40): Illuminate\\Foundation\\Http\\Middleware\\TransformsRequest->handle(Object(Illuminate\\Http\\Request), Object(Closure))
#36 C:\\Users\\Carl\\OneDrive - Polytechnic University of the Philippines\\Documents\\WEB DEV AUTH\\Potatochips\\booking_management\\vendor\\laravel\\framework\\src\\Illuminate\\Pipeline\\Pipeline.php(180): Illuminate\\Foundation\\Http\\Middleware\\TrimStrings->handle(Object(Illuminate\\Http\\Request), Object(Closure))
#37 C:\\Users\\Carl\\OneDrive - Polytechnic University of the Philippines\\Documents\\WEB DEV AUTH\\Potatochips\\booking_management\\vendor\\laravel\\framework\\src\\Illuminate\\Foundation\\Http\\Middleware\\ValidatePostSize.php(27): Illuminate\\Pipeline\\Pipeline->Illuminate\\Pipeline\\{closure}(Object(Illuminate\\Http\\Request))
#38 C:\\Users\\Carl\\OneDrive - Polytechnic University of the Philippines\\Documents\\WEB DEV AUTH\\Potatochips\\booking_management\\vendor\\laravel\\framework\\src\\Illuminate\\Pipeline\\Pipeline.php(180): Illuminate\\Foundation\\Http\\Middleware\\ValidatePostSize->handle(Object(Illuminate\\Http\\Request), Object(Closure))
#39 C:\\Users\\Carl\\OneDrive - Polytechnic University of the Philippines\\Documents\\WEB DEV AUTH\\Potatochips\\booking_management\\vendor\\laravel\\framework\\src\\Illuminate\\Foundation\\Http\\Middleware\\PreventRequestsDuringMaintenance.php(86): Illuminate\\Pipeline\\Pipeline->Illuminate\\Pipeline\\{closure}(Object(Illuminate\\Http\\Request))
#40 C:\\Users\\Carl\\OneDrive - Polytechnic University of the Philippines\\Documents\\WEB DEV AUTH\\Potatochips\\booking_management\\vendor\\laravel\\framework\\src\\Illuminate\\Pipeline\\Pipeline.php(180): Illuminate\\Foundation\\Http\\Middleware\\PreventRequestsDuringMaintenance->handle(Object(Illuminate\\Http\\Request), Object(Closure))
#41 C:\\Users\\Carl\\OneDrive - Polytechnic University of the Philippines\\Documents\\WEB DEV AUTH\\Potatochips\\booking_management\\vendor\\laravel\\framework\\src\\Illuminate\\Http\\Middleware\\HandleCors.php(49): Illuminate\\Pipeline\\Pipeline->Illuminate\\Pipeline\\{closure}(Object(Illuminate\\Http\\Request))
#42 C:\\Users\\Carl\\OneDrive - Polytechnic University of the Philippines\\Documents\\WEB DEV AUTH\\Potatochips\\booking_management\\vendor\\laravel\\framework\\src\\Illuminate\\Pipeline\\Pipeline.php(180): Illuminate\\Http\\Middleware\\HandleCors->handle(Object(Illuminate\\Http\\Request), Object(Closure))
#43 C:\\Users\\Carl\\OneDrive - Polytechnic University of the Philippines\\Documents\\WEB DEV AUTH\\Potatochips\\booking_management\\vendor\\laravel\\framework\\src\\Illuminate\\Http\\Middleware\\TrustProxies.php(39): Illuminate\\Pipeline\\Pipeline->Illuminate\\Pipeline\\{closure}(Object(Illuminate\\Http\\Request))
#44 C:\\Users\\Carl\\OneDrive - Polytechnic University of the Philippines\\Documents\\WEB DEV AUTH\\Potatochips\\booking_management\\vendor\\laravel\\framework\\src\\Illuminate\\Pipeline\\Pipeline.php(180): Illuminate\\Http\\Middleware\\TrustProxies->handle(Object(Illuminate\\Http\\Request), Object(Closure))
#45 C:\\Users\\Carl\\OneDrive - Polytechnic University of the Philippines\\Documents\\WEB DEV AUTH\\Potatochips\\booking_management\\vendor\\laravel\\framework\\src\\Illuminate\\Pipeline\\Pipeline.php(116): Illuminate\\Pipeline\\Pipeline->Illuminate\\Pipeline\\{closure}(Object(Illuminate\\Http\\Request))
#46 C:\\Users\\Carl\\OneDrive - Polytechnic University of the Philippines\\Documents\\WEB DEV AUTH\\Potatochips\\booking_management\\vendor\\laravel\\framework\\src\\Illuminate\\Foundation\\Http\\Kernel.php(175): Illuminate\\Pipeline\\Pipeline->then(Object(Closure))
#47 C:\\Users\\Carl\\OneDrive - Polytechnic University of the Philippines\\Documents\\WEB DEV AUTH\\Potatochips\\booking_management\\vendor\\laravel\\framework\\src\\Illuminate\\Foundation\\Http\\Kernel.php(144): Illuminate\\Foundation\\Http\\Kernel->sendRequestThroughRouter(Object(Illuminate\\Http\\Request))
#48 C:\\Users\\Carl\\OneDrive - Polytechnic University of the Philippines\\Documents\\WEB DEV AUTH\\Potatochips\\booking_management\\public\\index.php(51): Illuminate\\Foundation\\Http\\Kernel->handle(Object(Illuminate\\Http\\Request))
#49 C:\\Users\\Carl\\OneDrive - Polytechnic University of the Philippines\\Documents\\WEB DEV AUTH\\Potatochips\\booking_management\\vendor\\laravel\\framework\\src\\Illuminate\\Foundation\\resources\\server.php(16): require_once('C:\\\\Users\\\\Carl\\\\O...')
#50 {main}
"} 
[2025-01-28 23:35:31] local.INFO: Incoming Booking Data:  
[2025-01-28 23:35:32] local.INFO: Incoming Booking Data: {"checkInDate":"2025-01-31","checkOutDate":"2025-02-01","adults":"1","children":"0","bookings":[{"id":"6","name":"Kubo with room","price":"1800","details":"A cozy kubo with a room, perfect for small families or groups."}],"totalPrice":1800,"guestInfo":{"firstName":"Carl","lastName":"Bergado","gender":"male","birthdate":"2001-05-07","email":"carlbergado67.5@gmail.com","phone":"9205357783","address":"Nuvista San Jose","specialRequests":null}} 
[2025-01-28 23:35:32] local.INFO: Validated Data: {"totalPrice":1800,"checkInDate":"2025-01-31","checkOutDate":"2025-02-01","adults":"1","children":"0","guestInfo":{"firstName":"Carl","lastName":"Bergado","gender":"male","birthdate":"2001-05-07","email":"carlbergado67.5@gmail.com","phone":"9205357783","address":"Nuvista San Jose","specialRequests":null},"bookings":[{"id":"6","name":"Kubo with room","price":"1800","details":"A cozy kubo with a room, perfect for small families or groups."}]} 
[2025-01-28 23:35:32] local.INFO: PayMongo Request Data: {"data":{"attributes":{"line_items":[{"currency":"PHP","amount":180000,"description":"A cozy kubo with a room, perfect for small families or groups.","name":"Kubo with room","quantity":1}],"payment_method_types":["card","gcash","paymaya","grab_pay","dob","dob_ubp","brankas_bdo","brankas_landbank","brankas_metrobank"],"success_url":"http://127.0.0.1:8000/customer/reservations","cancel_url":"http://localhost:8000/cancel","description":"Online Booking"}}} 
[2025-01-28 23:35:33] local.INFO: PayMongo API Response: {"data":{"id":"cs_3cpBqHsjnmbNGZFTGV3v1qsb","type":"checkout_session","attributes":{"billing":{"address":{"city":null,"country":null,"line1":null,"line2":null,"postal_code":null,"state":null},"email":null,"name":null,"phone":null},"billing_information_fields_editable":"enabled","cancel_url":"http://localhost:8000/cancel","checkout_url":"https://checkout.paymongo.com/cs_3cpBqHsjnmbNGZFTGV3v1qsb_client_raJt7EGJvH57j4xGP7EaKjJC#cGtfdGVzdF9KUVhlR25UcTlMOVcyOEVwNUtrdjRTZkw=","client_key":"cs_3cpBqHsjnmbNGZFTGV3v1qsb_client_raJt7EGJvH57j4xGP7EaKjJC","customer_email":null,"description":"Online Booking","line_items":[{"amount":180000,"currency":"PHP","description":"A cozy kubo with a room, perfect for small families or groups.","images":[],"name":"Kubo with room","quantity":1}],"livemode":false,"merchant":"Hacienda JenSen Farm Resort","payments":[],"payment_intent":{"id":"pi_CfrCh38XMKGudgAthNpAop5t","type":"payment_intent","attributes":{"amount":180000,"capture_type":"automatic","client_key":"pi_CfrCh38XMKGudgAthNpAop5t_client_B7rHCtFvmSZB9qs7C3vCDeX8","currency":"PHP","description":"Online Booking","livemode":false,"original_amount":180000,"statement_descriptor":"Hacienda JenSen Farm Resort","status":"awaiting_payment_method","last_payment_error":null,"payment_method_allowed":["grab_pay","paymaya","brankas","dob","gcash","card"],"payments":[],"next_action":null,"payment_method_options":{"card":{"request_three_d_secure":"any"}},"metadata":null,"setup_future_usage":null,"created_at":1738107332,"updated_at":1738107332}},"payment_method_types":["dob_ubp","gcash","brankas_bdo","paymaya","grab_pay","dob","brankas_metrobank","card","brankas_landbank"],"reference_number":null,"send_email_receipt":false,"show_description":true,"show_line_items":true,"status":"active","success_url":"http://127.0.0.1:8000/customer/reservations","created_at":1738107332,"updated_at":1738107332,"metadata":null}}} 
[2025-01-28 23:36:04] local.INFO: PayMongo Success Response: {"data":{"id":"cs_3cpBqHsjnmbNGZFTGV3v1qsb","type":"checkout_session","attributes":{"billing":{"address":{"city":null,"country":null,"line1":null,"line2":null,"postal_code":null,"state":null},"email":null,"name":null,"phone":null},"billing_information_fields_editable":"enabled","cancel_url":"http://localhost:8000/cancel","checkout_url":"https://checkout.paymongo.com/cs_3cpBqHsjnmbNGZFTGV3v1qsb_client_raJt7EGJvH57j4xGP7EaKjJC#cGtfdGVzdF9KUVhlR25UcTlMOVcyOEVwNUtrdjRTZkw=","client_key":"cs_3cpBqHsjnmbNGZFTGV3v1qsb_client_raJt7EGJvH57j4xGP7EaKjJC","customer_email":null,"description":"Online Booking","line_items":[{"amount":180000,"currency":"PHP","description":"A cozy kubo with a room, perfect for small families or groups.","images":[],"name":"Kubo with room","quantity":1}],"livemode":false,"merchant":"Hacienda JenSen Farm Resort","origin":null,"paid_at":1738107347,"payments":[{"id":"pay_5QXsaeoA5ibwjGxmGnpP3Dkf","type":"payment","attributes":{"access_url":null,"amount":180000,"balance_transaction_id":"bal_txn_c52gXkhhGgKJ4X1c8vEAo3Ue","billing":{"address":{"city":"","country":"","line1":"","line2":"","postal_code":"","state":""},"email":"carlbergado67.5@gmail.com","name":"Chirs","phone":"9205357783"},"currency":"PHP","description":"Online Booking","disputed":false,"external_reference_number":null,"fee":4500,"instant_settlement":null,"livemode":false,"net_amount":175500,"origin":"api","payment_intent_id":"pi_CfrCh38XMKGudgAthNpAop5t","payout":null,"source":{"id":"src_PqRrMS3MdiYEQ2ZdKMHz88VY","type":"gcash"},"statement_descriptor":"Hacienda JenSen Farm Resort","status":"paid","tax_amount":null,"metadata":null,"promotion":null,"refunds":[],"taxes":[],"available_at":1738573200,"created_at":1738107348,"credited_at":1738746000,"paid_at":1738107347,"updated_at":1738107348}}],"payment_intent":{"id":"pi_CfrCh38XMKGudgAthNpAop5t","type":"payment_intent","attributes":{"amount":180000,"capture_type":"automatic","client_key":"pi_CfrCh38XMKGudgAthNpAop5t_client_B7rHCtFvmSZB9qs7C3vCDeX8","currency":"PHP","description":"Online Booking","livemode":false,"original_amount":180000,"statement_descriptor":"Hacienda JenSen Farm Resort","status":"succeeded","last_payment_error":null,"payment_method_allowed":["grab_pay","paymaya","brankas","dob","gcash","card"],"payments":[{"id":"pay_5QXsaeoA5ibwjGxmGnpP3Dkf","type":"payment","attributes":{"access_url":null,"amount":180000,"balance_transaction_id":"bal_txn_c52gXkhhGgKJ4X1c8vEAo3Ue","billing":{"address":"Over 9 levels deep, aborting normalization","email":"Over 9 levels deep, aborting normalization","name":"Over 9 levels deep, aborting normalization","phone":"Over 9 levels deep, aborting normalization"},"currency":"PHP","description":"Online Booking","disputed":false,"external_reference_number":null,"fee":4500,"instant_settlement":null,"livemode":false,"net_amount":175500,"origin":"api","payment_intent_id":"pi_CfrCh38XMKGudgAthNpAop5t","payout":null,"source":{"id":"Over 9 levels deep, aborting normalization","type":"Over 9 levels deep, aborting normalization"},"statement_descriptor":"Hacienda JenSen Farm Resort","status":"paid","tax_amount":null,"metadata":null,"promotion":null,"refunds":[],"taxes":[],"available_at":1738573200,"created_at":1738107348,"credited_at":1738746000,"paid_at":1738107347,"updated_at":1738107348}}],"next_action":null,"payment_method_options":{"card":{"request_three_d_secure":"any"}},"metadata":null,"setup_future_usage":null,"created_at":1738107332,"updated_at":1738107348}},"payment_method_types":["dob_ubp","gcash","brankas_bdo","paymaya","grab_pay","dob","brankas_metrobank","card","brankas_landbank"],"payment_method_used":"gcash","reference_number":null,"send_email_receipt":false,"show_description":true,"show_line_items":true,"status":"active","success_url":"http://127.0.0.1:8000/customer/reservations","created_at":1738107332,"updated_at":1738107332,"metadata":null}}} 
[2025-01-28 23:48:31] local.INFO: Incoming Booking Data:  
[2025-01-28 23:48:31] local.INFO: Incoming Booking Data: {"checkInDate":"2025-01-30","checkOutDate":"2025-01-31","adults":"1","children":"0","bookings":[{"id":"6","name":"Kubo with room","price":"1800","details":"A cozy kubo with a room, perfect for small families or groups."}],"totalPrice":1800,"guestInfo":{"firstName":"Carl","lastName":"Bergado","gender":"male","birthdate":"2003-05-12","email":"carlbergado67.5@gmail.com","phone":"9205357783","address":"Nuvista San Jose","specialRequests":null}} 
[2025-01-28 23:48:31] local.INFO: Validated Data: {"totalPrice":1800,"checkInDate":"2025-01-30","checkOutDate":"2025-01-31","adults":"1","children":"0","guestInfo":{"firstName":"Carl","lastName":"Bergado","gender":"male","birthdate":"2003-05-12","email":"carlbergado67.5@gmail.com","phone":"9205357783","address":"Nuvista San Jose","specialRequests":null},"bookings":[{"id":"6","name":"Kubo with room","price":"1800","details":"A cozy kubo with a room, perfect for small families or groups."}]} 
[2025-01-28 23:48:31] local.INFO: PayMongo Request Data: {"data":{"attributes":{"line_items":[{"currency":"PHP","amount":180000,"description":"A cozy kubo with a room, perfect for small families or groups.","name":"Kubo with room","quantity":1}],"payment_method_types":["card","gcash","paymaya","grab_pay","dob","dob_ubp","brankas_bdo","brankas_landbank","brankas_metrobank"],"success_url":"http://127.0.0.1:8000/customer/reservations","cancel_url":"http://localhost:8000/cancel","description":"Online Booking"}}} 
[2025-01-28 23:48:32] local.INFO: PayMongo API Response: {"data":{"id":"cs_BNQn3Drgh73X38wzrmwtjr91","type":"checkout_session","attributes":{"billing":{"address":{"city":null,"country":null,"line1":null,"line2":null,"postal_code":null,"state":null},"email":null,"name":null,"phone":null},"billing_information_fields_editable":"enabled","cancel_url":"http://localhost:8000/cancel","checkout_url":"https://checkout.paymongo.com/cs_BNQn3Drgh73X38wzrmwtjr91_client_bfmGn28Jhnkydf1hLhmbGUDU#cGtfdGVzdF9KUVhlR25UcTlMOVcyOEVwNUtrdjRTZkw=","client_key":"cs_BNQn3Drgh73X38wzrmwtjr91_client_bfmGn28Jhnkydf1hLhmbGUDU","customer_email":null,"description":"Online Booking","line_items":[{"amount":180000,"currency":"PHP","description":"A cozy kubo with a room, perfect for small families or groups.","images":[],"name":"Kubo with room","quantity":1}],"livemode":false,"merchant":"Hacienda JenSen Farm Resort","payments":[],"payment_intent":{"id":"pi_e8RkVdp8sdxFDtnc27CQg7Nm","type":"payment_intent","attributes":{"amount":180000,"capture_type":"automatic","client_key":"pi_e8RkVdp8sdxFDtnc27CQg7Nm_client_bmw7pnAVgUVBUpvvTAw9LojX","currency":"PHP","description":"Online Booking","livemode":false,"original_amount":180000,"statement_descriptor":"Hacienda JenSen Farm Resort","status":"awaiting_payment_method","last_payment_error":null,"payment_method_allowed":["paymaya","card","brankas","gcash","dob","grab_pay"],"payments":[],"next_action":null,"payment_method_options":{"card":{"request_three_d_secure":"any"}},"metadata":null,"setup_future_usage":null,"created_at":1738108112,"updated_at":1738108112}},"payment_method_types":["dob_ubp","gcash","dob","brankas_bdo","brankas_metrobank","card","paymaya","grab_pay","brankas_landbank"],"reference_number":null,"send_email_receipt":false,"show_description":true,"show_line_items":true,"status":"active","success_url":"http://127.0.0.1:8000/customer/reservations","created_at":1738108112,"updated_at":1738108112,"metadata":null}}} 
[2025-01-28 23:52:31] local.INFO: Incoming Booking Data:  
[2025-01-28 23:52:32] local.INFO: Incoming Booking Data: {"checkInDate":"2025-01-30","checkOutDate":"2025-01-31","adults":"1","children":"0","bookings":[{"id":"6","name":"Kubo with room","price":"1800","details":"A cozy kubo with a room, perfect for small families or groups."}],"totalPrice":1800,"guestInfo":{"firstName":"Carl","lastName":"Bergado","gender":"male","birthdate":"2002-05-06","email":"carlbergado67.5@gmail.com","phone":"9205357783","address":"Nuvista San Jose","specialRequests":null}} 
[2025-01-28 23:52:32] local.INFO: Validated Data: {"totalPrice":1800,"checkInDate":"2025-01-30","checkOutDate":"2025-01-31","adults":"1","children":"0","guestInfo":{"firstName":"Carl","lastName":"Bergado","gender":"male","birthdate":"2002-05-06","email":"carlbergado67.5@gmail.com","phone":"9205357783","address":"Nuvista San Jose","specialRequests":null},"bookings":[{"id":"6","name":"Kubo with room","price":"1800","details":"A cozy kubo with a room, perfect for small families or groups."}]} 
[2025-01-28 23:52:32] local.INFO: PayMongo Request Data: {"data":{"attributes":{"line_items":[{"currency":"PHP","amount":180000,"description":"A cozy kubo with a room, perfect for small families or groups.","name":"Kubo with room","quantity":1}],"payment_method_types":["card","gcash","paymaya","grab_pay","dob","dob_ubp","brankas_bdo","brankas_landbank","brankas_metrobank"],"success_url":"http://127.0.0.1:8000/customer/reservations","cancel_url":"http://localhost:8000/cancel","description":"Online Booking"}}} 
[2025-01-28 23:52:32] local.INFO: PayMongo API Response: {"data":{"id":"cs_2FoWu4sEeC8sprqVETeRWvHi","type":"checkout_session","attributes":{"billing":{"address":{"city":null,"country":null,"line1":null,"line2":null,"postal_code":null,"state":null},"email":null,"name":null,"phone":null},"billing_information_fields_editable":"enabled","cancel_url":"http://localhost:8000/cancel","checkout_url":"https://checkout.paymongo.com/cs_2FoWu4sEeC8sprqVETeRWvHi_client_Q3NiePbg2SBhrN1XZe4EDy9P#cGtfdGVzdF9KUVhlR25UcTlMOVcyOEVwNUtrdjRTZkw=","client_key":"cs_2FoWu4sEeC8sprqVETeRWvHi_client_Q3NiePbg2SBhrN1XZe4EDy9P","customer_email":null,"description":"Online Booking","line_items":[{"amount":180000,"currency":"PHP","description":"A cozy kubo with a room, perfect for small families or groups.","images":[],"name":"Kubo with room","quantity":1}],"livemode":false,"merchant":"Hacienda JenSen Farm Resort","payments":[],"payment_intent":{"id":"pi_zNuEeGiLwC6t2J9GPC7acPLw","type":"payment_intent","attributes":{"amount":180000,"capture_type":"automatic","client_key":"pi_zNuEeGiLwC6t2J9GPC7acPLw_client_e9EVqJDiFFNzxvGjzenVAVMZ","currency":"PHP","description":"Online Booking","livemode":false,"original_amount":180000,"statement_descriptor":"Hacienda JenSen Farm Resort","status":"awaiting_payment_method","last_payment_error":null,"payment_method_allowed":["dob","gcash","brankas","card","grab_pay","paymaya"],"payments":[],"next_action":null,"payment_method_options":{"card":{"request_three_d_secure":"any"}},"metadata":null,"setup_future_usage":null,"created_at":1738108351,"updated_at":1738108351}},"payment_method_types":["dob","brankas_metrobank","dob_ubp","card","grab_pay","paymaya","gcash","brankas_bdo","brankas_landbank"],"reference_number":null,"send_email_receipt":false,"show_description":true,"show_line_items":true,"status":"active","success_url":"http://127.0.0.1:8000/customer/reservations","created_at":1738108352,"updated_at":1738108352,"metadata":null}}} 
[2025-01-28 23:55:43] local.INFO: PayMongo Success Response: {"data":{"id":"cs_2FoWu4sEeC8sprqVETeRWvHi","type":"checkout_session","attributes":{"billing":{"address":{"city":null,"country":null,"line1":null,"line2":null,"postal_code":null,"state":null},"email":null,"name":null,"phone":null},"billing_information_fields_editable":"enabled","cancel_url":"http://localhost:8000/cancel","checkout_url":"https://checkout.paymongo.com/cs_2FoWu4sEeC8sprqVETeRWvHi_client_Q3NiePbg2SBhrN1XZe4EDy9P#cGtfdGVzdF9KUVhlR25UcTlMOVcyOEVwNUtrdjRTZkw=","client_key":"cs_2FoWu4sEeC8sprqVETeRWvHi_client_Q3NiePbg2SBhrN1XZe4EDy9P","customer_email":null,"description":"Online Booking","line_items":[{"amount":180000,"currency":"PHP","description":"A cozy kubo with a room, perfect for small families or groups.","images":[],"name":"Kubo with room","quantity":1}],"livemode":false,"merchant":"Hacienda JenSen Farm Resort","origin":null,"paid_at":1738108363,"payments":[{"id":"pay_1DSg4ondcF5AKHGYNSmnuPPL","type":"payment","attributes":{"access_url":null,"amount":180000,"balance_transaction_id":"bal_txn_zg2ydHSkoZbXj5UazSnFGx9c","billing":{"address":{"city":"","country":"","line1":"","line2":"","postal_code":"","state":""},"email":"carlbergado67.5@gmail.com","name":"Chirs","phone":"9205357783"},"currency":"PHP","description":"Online Booking","disputed":false,"external_reference_number":null,"fee":4500,"instant_settlement":null,"livemode":false,"net_amount":175500,"origin":"api","payment_intent_id":"pi_zNuEeGiLwC6t2J9GPC7acPLw","payout":null,"source":{"id":"src_SuBgbejuZNfix4BhtoDnAer4","type":"gcash"},"statement_descriptor":"Hacienda JenSen Farm Resort","status":"paid","tax_amount":null,"metadata":null,"promotion":null,"refunds":[],"taxes":[],"available_at":1738573200,"created_at":1738108363,"credited_at":1738746000,"paid_at":1738108363,"updated_at":1738108363}}],"payment_intent":{"id":"pi_zNuEeGiLwC6t2J9GPC7acPLw","type":"payment_intent","attributes":{"amount":180000,"capture_type":"automatic","client_key":"pi_zNuEeGiLwC6t2J9GPC7acPLw_client_e9EVqJDiFFNzxvGjzenVAVMZ","currency":"PHP","description":"Online Booking","livemode":false,"original_amount":180000,"statement_descriptor":"Hacienda JenSen Farm Resort","status":"succeeded","last_payment_error":null,"payment_method_allowed":["dob","gcash","brankas","card","grab_pay","paymaya"],"payments":[{"id":"pay_1DSg4ondcF5AKHGYNSmnuPPL","type":"payment","attributes":{"access_url":null,"amount":180000,"balance_transaction_id":"bal_txn_zg2ydHSkoZbXj5UazSnFGx9c","billing":{"address":"Over 9 levels deep, aborting normalization","email":"Over 9 levels deep, aborting normalization","name":"Over 9 levels deep, aborting normalization","phone":"Over 9 levels deep, aborting normalization"},"currency":"PHP","description":"Online Booking","disputed":false,"external_reference_number":null,"fee":4500,"instant_settlement":null,"livemode":false,"net_amount":175500,"origin":"api","payment_intent_id":"pi_zNuEeGiLwC6t2J9GPC7acPLw","payout":null,"source":{"id":"Over 9 levels deep, aborting normalization","type":"Over 9 levels deep, aborting normalization"},"statement_descriptor":"Hacienda JenSen Farm Resort","status":"paid","tax_amount":null,"metadata":null,"promotion":null,"refunds":[],"taxes":[],"available_at":1738573200,"created_at":1738108363,"credited_at":1738746000,"paid_at":1738108363,"updated_at":1738108363}}],"next_action":null,"payment_method_options":{"card":{"request_three_d_secure":"any"}},"metadata":null,"setup_future_usage":null,"created_at":1738108351,"updated_at":1738108363}},"payment_method_types":["dob","brankas_metrobank","dob_ubp","card","grab_pay","paymaya","gcash","brankas_bdo","brankas_landbank"],"payment_method_used":"gcash","reference_number":null,"send_email_receipt":false,"show_description":true,"show_line_items":true,"status":"active","success_url":"http://127.0.0.1:8000/customer/reservations","created_at":1738108352,"updated_at":1738108352,"metadata":null}}} 
[2025-01-28 23:55:43] local.ERROR: PayMongo Success Error: {"error":"Payment status is not successful."} 
[2025-01-28 23:59:44] local.INFO: Incoming Booking Data:  
[2025-01-28 23:59:44] local.INFO: Incoming Booking Data: {"checkInDate":"2025-01-30","checkOutDate":"2025-01-31","adults":"1","children":"0","bookings":[{"id":"6","name":"Kubo with room","price":"1800","details":"A cozy kubo with a room, perfect for small families or groups."}],"totalPrice":1800,"guestInfo":{"firstName":"Carl","lastName":"Bergado","gender":"male","birthdate":"2003-05-05","email":"carlbergado67.5@gmail.com","phone":"9205357783","address":"Nuvista San Jose","specialRequests":null}} 
[2025-01-28 23:59:44] local.INFO: Validated Data: {"totalPrice":1800,"checkInDate":"2025-01-30","checkOutDate":"2025-01-31","adults":"1","children":"0","guestInfo":{"firstName":"Carl","lastName":"Bergado","gender":"male","birthdate":"2003-05-05","email":"carlbergado67.5@gmail.com","phone":"9205357783","address":"Nuvista San Jose","specialRequests":null},"bookings":[{"id":"6","name":"Kubo with room","price":"1800","details":"A cozy kubo with a room, perfect for small families or groups."}]} 
[2025-01-28 23:59:44] local.INFO: PayMongo Request Data: {"data":{"attributes":{"line_items":[{"currency":"PHP","amount":180000,"description":"A cozy kubo with a room, perfect for small families or groups.","name":"Kubo with room","quantity":1}],"payment_method_types":["card","gcash","paymaya","grab_pay","dob","dob_ubp","brankas_bdo","brankas_landbank","brankas_metrobank"],"success_url":"http://127.0.0.1:8000/customer/reservations","cancel_url":"http://localhost:8000/cancel","description":"Online Booking"}}} 
[2025-01-28 23:59:45] local.INFO: PayMongo API Response: {"data":{"id":"cs_tgX57g2hSdcCgCVJjnzXmQ3t","type":"checkout_session","attributes":{"billing":{"address":{"city":null,"country":null,"line1":null,"line2":null,"postal_code":null,"state":null},"email":null,"name":null,"phone":null},"billing_information_fields_editable":"enabled","cancel_url":"http://localhost:8000/cancel","checkout_url":"https://checkout.paymongo.com/cs_tgX57g2hSdcCgCVJjnzXmQ3t_client_t4LvZcXLrsuwaLEFWidAZ1Gh#cGtfdGVzdF9KUVhlR25UcTlMOVcyOEVwNUtrdjRTZkw=","client_key":"cs_tgX57g2hSdcCgCVJjnzXmQ3t_client_t4LvZcXLrsuwaLEFWidAZ1Gh","customer_email":null,"description":"Online Booking","line_items":[{"amount":180000,"currency":"PHP","description":"A cozy kubo with a room, perfect for small families or groups.","images":[],"name":"Kubo with room","quantity":1}],"livemode":false,"merchant":"Hacienda JenSen Farm Resort","payments":[],"payment_intent":{"id":"pi_HaUuG2zcuL8sCs5MKZMsib9v","type":"payment_intent","attributes":{"amount":180000,"capture_type":"automatic","client_key":"pi_HaUuG2zcuL8sCs5MKZMsib9v_client_YFYRm3Y8mCLk6BSEfKXVSXZN","currency":"PHP","description":"Online Booking","livemode":false,"original_amount":180000,"statement_descriptor":"Hacienda JenSen Farm Resort","status":"awaiting_payment_method","last_payment_error":null,"payment_method_allowed":["paymaya","dob","gcash","grab_pay","brankas","card"],"payments":[],"next_action":null,"payment_method_options":{"card":{"request_three_d_secure":"any"}},"metadata":null,"setup_future_usage":null,"created_at":1738108784,"updated_at":1738108784}},"payment_method_types":["card","dob_ubp","paymaya","brankas_metrobank","dob","grab_pay","brankas_landbank","brankas_bdo","gcash"],"reference_number":null,"send_email_receipt":false,"show_description":true,"show_line_items":true,"status":"active","success_url":"http://127.0.0.1:8000/customer/reservations","created_at":1738108784,"updated_at":1738108784,"metadata":null}}} 
[2025-01-29 00:01:15] local.INFO: PayMongo Success Response: {"data":{"id":"cs_tgX57g2hSdcCgCVJjnzXmQ3t","type":"checkout_session","attributes":{"billing":{"address":{"city":null,"country":null,"line1":null,"line2":null,"postal_code":null,"state":null},"email":null,"name":null,"phone":null},"billing_information_fields_editable":"enabled","cancel_url":"http://localhost:8000/cancel","checkout_url":"https://checkout.paymongo.com/cs_tgX57g2hSdcCgCVJjnzXmQ3t_client_t4LvZcXLrsuwaLEFWidAZ1Gh#cGtfdGVzdF9KUVhlR25UcTlMOVcyOEVwNUtrdjRTZkw=","client_key":"cs_tgX57g2hSdcCgCVJjnzXmQ3t_client_t4LvZcXLrsuwaLEFWidAZ1Gh","customer_email":null,"description":"Online Booking","line_items":[{"amount":180000,"currency":"PHP","description":"A cozy kubo with a room, perfect for small families or groups.","images":[],"name":"Kubo with room","quantity":1}],"livemode":false,"merchant":"Hacienda JenSen Farm Resort","origin":null,"paid_at":1738108794,"payments":[{"id":"pay_iMq3GSUawz1rhK4PDtLTMbfZ","type":"payment","attributes":{"access_url":null,"amount":180000,"balance_transaction_id":"bal_txn_6kLH8LzR2DvkRkv3KucnPvVo","billing":{"address":{"city":"","country":"","line1":"","line2":"","postal_code":"","state":""},"email":"carlbergado67.5@gmail.com","name":"Chirs","phone":"9205357783"},"currency":"PHP","description":"Online Booking","disputed":false,"external_reference_number":null,"fee":4500,"instant_settlement":null,"livemode":false,"net_amount":175500,"origin":"api","payment_intent_id":"pi_HaUuG2zcuL8sCs5MKZMsib9v","payout":null,"source":{"id":"src_d1k6SK93EAY5TG8UWymp4bw3","type":"gcash"},"statement_descriptor":"Hacienda JenSen Farm Resort","status":"paid","tax_amount":null,"metadata":null,"promotion":null,"refunds":[],"taxes":[],"available_at":1738573200,"created_at":1738108794,"credited_at":1738746000,"paid_at":1738108794,"updated_at":1738108794}}],"payment_intent":{"id":"pi_HaUuG2zcuL8sCs5MKZMsib9v","type":"payment_intent","attributes":{"amount":180000,"capture_type":"automatic","client_key":"pi_HaUuG2zcuL8sCs5MKZMsib9v_client_YFYRm3Y8mCLk6BSEfKXVSXZN","currency":"PHP","description":"Online Booking","livemode":false,"original_amount":180000,"statement_descriptor":"Hacienda JenSen Farm Resort","status":"succeeded","last_payment_error":null,"payment_method_allowed":["paymaya","dob","gcash","grab_pay","brankas","card"],"payments":[{"id":"pay_iMq3GSUawz1rhK4PDtLTMbfZ","type":"payment","attributes":{"access_url":null,"amount":180000,"balance_transaction_id":"bal_txn_6kLH8LzR2DvkRkv3KucnPvVo","billing":{"address":"Over 9 levels deep, aborting normalization","email":"Over 9 levels deep, aborting normalization","name":"Over 9 levels deep, aborting normalization","phone":"Over 9 levels deep, aborting normalization"},"currency":"PHP","description":"Online Booking","disputed":false,"external_reference_number":null,"fee":4500,"instant_settlement":null,"livemode":false,"net_amount":175500,"origin":"api","payment_intent_id":"pi_HaUuG2zcuL8sCs5MKZMsib9v","payout":null,"source":{"id":"Over 9 levels deep, aborting normalization","type":"Over 9 levels deep, aborting normalization"},"statement_descriptor":"Hacienda JenSen Farm Resort","status":"paid","tax_amount":null,"metadata":null,"promotion":null,"refunds":[],"taxes":[],"available_at":1738573200,"created_at":1738108794,"credited_at":1738746000,"paid_at":1738108794,"updated_at":1738108794}}],"next_action":null,"payment_method_options":{"card":{"request_three_d_secure":"any"}},"metadata":null,"setup_future_usage":null,"created_at":1738108784,"updated_at":1738108794}},"payment_method_types":["card","dob_ubp","paymaya","brankas_metrobank","dob","grab_pay","brankas_landbank","brankas_bdo","gcash"],"payment_method_used":"gcash","reference_number":null,"send_email_receipt":false,"show_description":true,"show_line_items":true,"status":"active","success_url":"http://127.0.0.1:8000/customer/reservations","created_at":1738108784,"updated_at":1738108784,"metadata":null}}} 
[2025-01-29 00:01:15] local.ERROR: PayMongo Success Error: {"error":"Payment status is not successful."} 
[2025-01-29 00:24:57] local.INFO: Incoming Booking Data:  
[2025-01-29 00:24:57] local.INFO: Incoming Booking Data: {"checkInDate":"2025-01-30","checkOutDate":"2025-01-31","adults":"1","children":"0","bookings":[{"id":"6","name":"Kubo with room","price":"1800","details":"A cozy kubo with a room, perfect for small families or groups."}],"totalPrice":1800,"guestInfo":{"firstName":"Carl","lastName":"Bergado","gender":"male","birthdate":"2003-06-10","email":"carlbergado67.5@gmail.com","phone":"9205357783","address":"Nuvista San Jose","specialRequests":null}} 
[2025-01-29 00:24:57] local.INFO: Validated Data: {"totalPrice":1800,"checkInDate":"2025-01-30","checkOutDate":"2025-01-31","adults":"1","children":"0","guestInfo":{"firstName":"Carl","lastName":"Bergado","gender":"male","birthdate":"2003-06-10","email":"carlbergado67.5@gmail.com","phone":"9205357783","address":"Nuvista San Jose","specialRequests":null},"bookings":[{"id":"6","name":"Kubo with room","price":"1800","details":"A cozy kubo with a room, perfect for small families or groups."}]} 
[2025-01-29 00:24:57] local.INFO: PayMongo Request Data: {"data":{"attributes":{"line_items":[{"currency":"PHP","amount":180000,"description":"A cozy kubo with a room, perfect for small families or groups.","name":"Kubo with room","quantity":1}],"payment_method_types":["card","gcash","paymaya","grab_pay","dob","dob_ubp","brankas_bdo","brankas_landbank","brankas_metrobank"],"success_url":"http://localhost:8000/success","cancel_url":"http://localhost:8000/cancel","description":"Online Booking"}}} 
[2025-01-29 00:24:59] local.INFO: PayMongo API Response: {"data":{"id":"cs_vCr66Sbw92SVmS8rFHvUbCsR","type":"checkout_session","attributes":{"billing":{"address":{"city":null,"country":null,"line1":null,"line2":null,"postal_code":null,"state":null},"email":null,"name":null,"phone":null},"billing_information_fields_editable":"enabled","cancel_url":"http://localhost:8000/cancel","checkout_url":"https://checkout.paymongo.com/cs_vCr66Sbw92SVmS8rFHvUbCsR_client_iCpQxriW4eEiYw1UD7qKh142#cGtfdGVzdF9KUVhlR25UcTlMOVcyOEVwNUtrdjRTZkw=","client_key":"cs_vCr66Sbw92SVmS8rFHvUbCsR_client_iCpQxriW4eEiYw1UD7qKh142","customer_email":null,"description":"Online Booking","line_items":[{"amount":180000,"currency":"PHP","description":"A cozy kubo with a room, perfect for small families or groups.","images":[],"name":"Kubo with room","quantity":1}],"livemode":false,"merchant":"Hacienda JenSen Farm Resort","payments":[],"payment_intent":{"id":"pi_28Sp34fzw4gxro8z6dMUA1ur","type":"payment_intent","attributes":{"amount":180000,"capture_type":"automatic","client_key":"pi_28Sp34fzw4gxro8z6dMUA1ur_client_7msdbUkk8p2UWtm2X5itaFnB","currency":"PHP","description":"Online Booking","livemode":false,"original_amount":180000,"statement_descriptor":"Hacienda JenSen Farm Resort","status":"awaiting_payment_method","last_payment_error":null,"payment_method_allowed":["dob","card","paymaya","grab_pay","brankas","gcash"],"payments":[],"next_action":null,"payment_method_options":{"card":{"request_three_d_secure":"any"}},"metadata":null,"setup_future_usage":null,"created_at":1738110298,"updated_at":1738110298}},"payment_method_types":["grab_pay","dob_ubp","dob","gcash","brankas_landbank","card","brankas_bdo","paymaya","brankas_metrobank"],"reference_number":null,"send_email_receipt":false,"show_description":true,"show_line_items":true,"status":"active","success_url":"http://localhost:8000/success","created_at":1738110298,"updated_at":1738110298,"metadata":null}}} 
[2025-01-29 00:31:29] local.INFO: Incoming Booking Data:  
[2025-01-29 00:31:30] local.INFO: Incoming Booking Data: {"checkInDate":"2025-01-31","checkOutDate":"2025-02-01","adults":"1","children":"0","bookings":[{"id":"6","name":"Kubo with room","price":"1800","details":"A cozy kubo with a room, perfect for small families or groups."}],"totalPrice":1800,"guestInfo":{"firstName":"Carl","lastName":"Bergado","gender":"male","birthdate":"2001-05-15","email":"carlbergado67.5@gmail.com","phone":"9205357783","address":"Nuvista San Jose","specialRequests":null}} 
[2025-01-29 00:31:30] local.INFO: Validated Data: {"totalPrice":1800,"checkInDate":"2025-01-31","checkOutDate":"2025-02-01","adults":"1","children":"0","guestInfo":{"firstName":"Carl","lastName":"Bergado","gender":"male","birthdate":"2001-05-15","email":"carlbergado67.5@gmail.com","phone":"9205357783","address":"Nuvista San Jose","specialRequests":null},"bookings":[{"id":"6","name":"Kubo with room","price":"1800","details":"A cozy kubo with a room, perfect for small families or groups."}]} 
[2025-01-29 00:31:30] local.INFO: PayMongo Request Data: {"data":{"attributes":{"line_items":[{"currency":"PHP","amount":180000,"description":"A cozy kubo with a room, perfect for small families or groups.","name":"Kubo with room","quantity":1}],"payment_method_types":["card","gcash","paymaya","grab_pay","dob","dob_ubp","brankas_bdo","brankas_landbank","brankas_metrobank"],"success_url":"http://localhost:8000/success","cancel_url":"http://localhost:8000/cancel","description":"Online Booking"}}} 
[2025-01-29 00:31:30] local.INFO: PayMongo API Response: {"data":{"id":"cs_pW4V3etTy93oBhFbf8gyJaXG","type":"checkout_session","attributes":{"billing":{"address":{"city":null,"country":null,"line1":null,"line2":null,"postal_code":null,"state":null},"email":null,"name":null,"phone":null},"billing_information_fields_editable":"enabled","cancel_url":"http://localhost:8000/cancel","checkout_url":"https://checkout.paymongo.com/cs_pW4V3etTy93oBhFbf8gyJaXG_client_q4a3KHucmXtwcTK2FEPCLXEA#cGtfdGVzdF9KUVhlR25UcTlMOVcyOEVwNUtrdjRTZkw=","client_key":"cs_pW4V3etTy93oBhFbf8gyJaXG_client_q4a3KHucmXtwcTK2FEPCLXEA","customer_email":null,"description":"Online Booking","line_items":[{"amount":180000,"currency":"PHP","description":"A cozy kubo with a room, perfect for small families or groups.","images":[],"name":"Kubo with room","quantity":1}],"livemode":false,"merchant":"Hacienda JenSen Farm Resort","payments":[],"payment_intent":{"id":"pi_4ixWqiEvqmD49xtFSzKh7c5c","type":"payment_intent","attributes":{"amount":180000,"capture_type":"automatic","client_key":"pi_4ixWqiEvqmD49xtFSzKh7c5c_client_Kn7VUMCrZZUonnQhad3oZupA","currency":"PHP","description":"Online Booking","livemode":false,"original_amount":180000,"statement_descriptor":"Hacienda JenSen Farm Resort","status":"awaiting_payment_method","last_payment_error":null,"payment_method_allowed":["brankas","dob","grab_pay","card","gcash","paymaya"],"payments":[],"next_action":null,"payment_method_options":{"card":{"request_three_d_secure":"any"}},"metadata":null,"setup_future_usage":null,"created_at":1738110689,"updated_at":1738110689}},"payment_method_types":["brankas_bdo","brankas_metrobank","grab_pay","dob_ubp","paymaya","brankas_landbank","dob","gcash","card"],"reference_number":null,"send_email_receipt":false,"show_description":true,"show_line_items":true,"status":"active","success_url":"http://localhost:8000/success","created_at":1738110689,"updated_at":1738110689,"metadata":null}}} 
[2025-01-29 00:31:46] local.INFO: PayMongo Success Response: {"data":{"id":"cs_pW4V3etTy93oBhFbf8gyJaXG","type":"checkout_session","attributes":{"billing":{"address":{"city":null,"country":null,"line1":null,"line2":null,"postal_code":null,"state":null},"email":null,"name":null,"phone":null},"billing_information_fields_editable":"enabled","cancel_url":"http://localhost:8000/cancel","checkout_url":"https://checkout.paymongo.com/cs_pW4V3etTy93oBhFbf8gyJaXG_client_q4a3KHucmXtwcTK2FEPCLXEA#cGtfdGVzdF9KUVhlR25UcTlMOVcyOEVwNUtrdjRTZkw=","client_key":"cs_pW4V3etTy93oBhFbf8gyJaXG_client_q4a3KHucmXtwcTK2FEPCLXEA","customer_email":null,"description":"Online Booking","line_items":[{"amount":180000,"currency":"PHP","description":"A cozy kubo with a room, perfect for small families or groups.","images":[],"name":"Kubo with room","quantity":1}],"livemode":false,"merchant":"Hacienda JenSen Farm Resort","origin":null,"paid_at":1738110701,"payments":[{"id":"pay_vghcCBYdb9xC43JFhZraxckU","type":"payment","attributes":{"access_url":null,"amount":180000,"balance_transaction_id":"bal_txn_NMEE2bxntMg56tDb97QzK94R","billing":{"address":{"city":"","country":"","line1":"","line2":"","postal_code":"","state":""},"email":"carlbergado67.5@gmail.com","name":"Chirs","phone":"9205357783"},"currency":"PHP","description":"Online Booking","disputed":false,"external_reference_number":null,"fee":4500,"instant_settlement":null,"livemode":false,"net_amount":175500,"origin":"api","payment_intent_id":"pi_4ixWqiEvqmD49xtFSzKh7c5c","payout":null,"source":{"id":"src_vQuhLsoRHfXeQxfFNjsYN9hv","type":"gcash"},"statement_descriptor":"Hacienda JenSen Farm Resort","status":"paid","tax_amount":null,"metadata":null,"promotion":null,"refunds":[],"taxes":[],"available_at":1738573200,"created_at":1738110702,"credited_at":1738746000,"paid_at":1738110701,"updated_at":1738110702}}],"payment_intent":{"id":"pi_4ixWqiEvqmD49xtFSzKh7c5c","type":"payment_intent","attributes":{"amount":180000,"capture_type":"automatic","client_key":"pi_4ixWqiEvqmD49xtFSzKh7c5c_client_Kn7VUMCrZZUonnQhad3oZupA","currency":"PHP","description":"Online Booking","livemode":false,"original_amount":180000,"statement_descriptor":"Hacienda JenSen Farm Resort","status":"succeeded","last_payment_error":null,"payment_method_allowed":["brankas","dob","grab_pay","card","gcash","paymaya"],"payments":[{"id":"pay_vghcCBYdb9xC43JFhZraxckU","type":"payment","attributes":{"access_url":null,"amount":180000,"balance_transaction_id":"bal_txn_NMEE2bxntMg56tDb97QzK94R","billing":{"address":"Over 9 levels deep, aborting normalization","email":"Over 9 levels deep, aborting normalization","name":"Over 9 levels deep, aborting normalization","phone":"Over 9 levels deep, aborting normalization"},"currency":"PHP","description":"Online Booking","disputed":false,"external_reference_number":null,"fee":4500,"instant_settlement":null,"livemode":false,"net_amount":175500,"origin":"api","payment_intent_id":"pi_4ixWqiEvqmD49xtFSzKh7c5c","payout":null,"source":{"id":"Over 9 levels deep, aborting normalization","type":"Over 9 levels deep, aborting normalization"},"statement_descriptor":"Hacienda JenSen Farm Resort","status":"paid","tax_amount":null,"metadata":null,"promotion":null,"refunds":[],"taxes":[],"available_at":1738573200,"created_at":1738110702,"credited_at":1738746000,"paid_at":1738110701,"updated_at":1738110702}}],"next_action":null,"payment_method_options":{"card":{"request_three_d_secure":"any"}},"metadata":null,"setup_future_usage":null,"created_at":1738110689,"updated_at":1738110702}},"payment_method_types":["brankas_bdo","brankas_metrobank","grab_pay","dob_ubp","paymaya","brankas_landbank","dob","gcash","card"],"payment_method_used":"gcash","reference_number":null,"send_email_receipt":false,"show_description":true,"show_line_items":true,"status":"active","success_url":"http://localhost:8000/success","created_at":1738110689,"updated_at":1738110689,"metadata":null}}} 
[2025-01-29 00:31:46] local.INFO: Payment Status: {"status":"paid"} 
[2025-01-29 00:31:46] local.ERROR: PayMongo Success Error: {"error":"SQLSTATE[23000]: [Microsoft][ODBC Driver 17 for SQL Server][SQL Server]Cannot insert the value NULL into column 'firstName', table 'PHP_Testing.dbo.guests'; column does not allow nulls. INSERT fails. (Connection: sqlsrv, SQL: insert into [guests] ([email], [gender], [birthdate], [phone], [address], [updated_at], [created_at]) values (carlbergado67.5@gmail.com, male, 2001-05-15, 9205357783, Nuvista San Jose, 2025-01-29 00:31:46.027, 2025-01-29 00:31:46.027))"} 
[2025-01-29 00:40:08] local.INFO: Incoming Booking Data:  
[2025-01-29 00:40:08] local.INFO: Incoming Booking Data: {"checkInDate":"2025-01-30","checkOutDate":"2025-01-31","adults":"1","children":"0","bookings":[{"id":"6","name":"Kubo with room","price":"1800","details":"A cozy kubo with a room, perfect for small families or groups."}],"totalPrice":1800,"guestInfo":{"firstName":"Carl","lastName":"Bergado","gender":"male","birthdate":"2001-01-23","email":"carlbergado67.5@gmail.com","phone":"9205357783","address":"Nuvista San Jose","specialRequests":null}} 
[2025-01-29 00:40:08] local.INFO: Validated Data: {"totalPrice":1800,"checkInDate":"2025-01-30","checkOutDate":"2025-01-31","adults":"1","children":"0","guestInfo":{"firstName":"Carl","lastName":"Bergado","gender":"male","birthdate":"2001-01-23","email":"carlbergado67.5@gmail.com","phone":"9205357783","address":"Nuvista San Jose","specialRequests":null},"bookings":[{"id":"6","name":"Kubo with room","price":"1800","details":"A cozy kubo with a room, perfect for small families or groups."}]} 
[2025-01-29 00:40:08] local.INFO: PayMongo Request Data: {"data":{"attributes":{"line_items":[{"currency":"PHP","amount":180000,"description":"A cozy kubo with a room, perfect for small families or groups.","name":"Kubo with room","quantity":1}],"payment_method_types":["card","gcash","paymaya","grab_pay","dob","dob_ubp","brankas_bdo","brankas_landbank","brankas_metrobank"],"success_url":"http://localhost:8000/success","cancel_url":"http://localhost:8000/cancel","description":"Online Booking"}}} 
[2025-01-29 00:40:08] local.INFO: PayMongo API Response: {"data":{"id":"cs_aFsGmuNhDZ3yLT1dPGpRs3Up","type":"checkout_session","attributes":{"billing":{"address":{"city":null,"country":null,"line1":null,"line2":null,"postal_code":null,"state":null},"email":null,"name":null,"phone":null},"billing_information_fields_editable":"enabled","cancel_url":"http://localhost:8000/cancel","checkout_url":"https://checkout.paymongo.com/cs_aFsGmuNhDZ3yLT1dPGpRs3Up_client_cbYnYjQgAHbELTxg8eXw11xK#cGtfdGVzdF9KUVhlR25UcTlMOVcyOEVwNUtrdjRTZkw=","client_key":"cs_aFsGmuNhDZ3yLT1dPGpRs3Up_client_cbYnYjQgAHbELTxg8eXw11xK","customer_email":null,"description":"Online Booking","line_items":[{"amount":180000,"currency":"PHP","description":"A cozy kubo with a room, perfect for small families or groups.","images":[],"name":"Kubo with room","quantity":1}],"livemode":false,"merchant":"Hacienda JenSen Farm Resort","payments":[],"payment_intent":{"id":"pi_cwZv3LppKZ3eaHik9emV9bZp","type":"payment_intent","attributes":{"amount":180000,"capture_type":"automatic","client_key":"pi_cwZv3LppKZ3eaHik9emV9bZp_client_4iAkyY763ov6ynVXUPWEiErY","currency":"PHP","description":"Online Booking","livemode":false,"original_amount":180000,"statement_descriptor":"Hacienda JenSen Farm Resort","status":"awaiting_payment_method","last_payment_error":null,"payment_method_allowed":["dob","paymaya","card","grab_pay","gcash","brankas"],"payments":[],"next_action":null,"payment_method_options":{"card":{"request_three_d_secure":"any"}},"metadata":null,"setup_future_usage":null,"created_at":1738111208,"updated_at":1738111208}},"payment_method_types":["gcash","grab_pay","brankas_bdo","dob_ubp","card","paymaya","dob","brankas_landbank","brankas_metrobank"],"reference_number":null,"send_email_receipt":false,"show_description":true,"show_line_items":true,"status":"active","success_url":"http://localhost:8000/success","created_at":1738111208,"updated_at":1738111208,"metadata":null}}} 
[2025-01-29 00:40:22] local.INFO: PayMongo Success Response: {"data":{"id":"cs_aFsGmuNhDZ3yLT1dPGpRs3Up","type":"checkout_session","attributes":{"billing":{"address":{"city":null,"country":null,"line1":null,"line2":null,"postal_code":null,"state":null},"email":null,"name":null,"phone":null},"billing_information_fields_editable":"enabled","cancel_url":"http://localhost:8000/cancel","checkout_url":"https://checkout.paymongo.com/cs_aFsGmuNhDZ3yLT1dPGpRs3Up_client_cbYnYjQgAHbELTxg8eXw11xK#cGtfdGVzdF9KUVhlR25UcTlMOVcyOEVwNUtrdjRTZkw=","client_key":"cs_aFsGmuNhDZ3yLT1dPGpRs3Up_client_cbYnYjQgAHbELTxg8eXw11xK","customer_email":null,"description":"Online Booking","line_items":[{"amount":180000,"currency":"PHP","description":"A cozy kubo with a room, perfect for small families or groups.","images":[],"name":"Kubo with room","quantity":1}],"livemode":false,"merchant":"Hacienda JenSen Farm Resort","origin":null,"paid_at":1738111219,"payments":[{"id":"pay_onVyNkDr2AjqDio2erpssNXK","type":"payment","attributes":{"access_url":null,"amount":180000,"balance_transaction_id":"bal_txn_9g8hjtEJCRZ5K8JzF7pSfBDX","billing":{"address":{"city":"","country":"","line1":"","line2":"","postal_code":"","state":""},"email":"carlbergado67.5@gmail.com","name":"Chirs","phone":"9205357783"},"currency":"PHP","description":"Online Booking","disputed":false,"external_reference_number":null,"fee":4500,"instant_settlement":null,"livemode":false,"net_amount":175500,"origin":"api","payment_intent_id":"pi_cwZv3LppKZ3eaHik9emV9bZp","payout":null,"source":{"id":"src_tu37cBPFiypWcF9MJdF8JNhN","type":"gcash"},"statement_descriptor":"Hacienda JenSen Farm Resort","status":"paid","tax_amount":null,"metadata":null,"promotion":null,"refunds":[],"taxes":[],"available_at":1738573200,"created_at":1738111219,"credited_at":1738746000,"paid_at":1738111219,"updated_at":1738111219}}],"payment_intent":{"id":"pi_cwZv3LppKZ3eaHik9emV9bZp","type":"payment_intent","attributes":{"amount":180000,"capture_type":"automatic","client_key":"pi_cwZv3LppKZ3eaHik9emV9bZp_client_4iAkyY763ov6ynVXUPWEiErY","currency":"PHP","description":"Online Booking","livemode":false,"original_amount":180000,"statement_descriptor":"Hacienda JenSen Farm Resort","status":"succeeded","last_payment_error":null,"payment_method_allowed":["dob","paymaya","card","grab_pay","gcash","brankas"],"payments":[{"id":"pay_onVyNkDr2AjqDio2erpssNXK","type":"payment","attributes":{"access_url":null,"amount":180000,"balance_transaction_id":"bal_txn_9g8hjtEJCRZ5K8JzF7pSfBDX","billing":{"address":"Over 9 levels deep, aborting normalization","email":"Over 9 levels deep, aborting normalization","name":"Over 9 levels deep, aborting normalization","phone":"Over 9 levels deep, aborting normalization"},"currency":"PHP","description":"Online Booking","disputed":false,"external_reference_number":null,"fee":4500,"instant_settlement":null,"livemode":false,"net_amount":175500,"origin":"api","payment_intent_id":"pi_cwZv3LppKZ3eaHik9emV9bZp","payout":null,"source":{"id":"Over 9 levels deep, aborting normalization","type":"Over 9 levels deep, aborting normalization"},"statement_descriptor":"Hacienda JenSen Farm Resort","status":"paid","tax_amount":null,"metadata":null,"promotion":null,"refunds":[],"taxes":[],"available_at":1738573200,"created_at":1738111219,"credited_at":1738746000,"paid_at":1738111219,"updated_at":1738111219}}],"next_action":null,"payment_method_options":{"card":{"request_three_d_secure":"any"}},"metadata":null,"setup_future_usage":null,"created_at":1738111208,"updated_at":1738111219}},"payment_method_types":["gcash","grab_pay","brankas_bdo","dob_ubp","card","paymaya","dob","brankas_landbank","brankas_metrobank"],"payment_method_used":"gcash","reference_number":null,"send_email_receipt":false,"show_description":true,"show_line_items":true,"status":"active","success_url":"http://localhost:8000/success","created_at":1738111208,"updated_at":1738111208,"metadata":null}}} 
[2025-01-29 00:40:22] local.INFO: Payment Status: {"status":"paid"} 
[2025-01-29 00:40:22] local.INFO: Guest Info: {"firstName":"Carl","lastName":"Bergado","gender":"male","birthdate":"2001-01-23","email":"carlbergado67.5@gmail.com","phone":"9205357783","address":"Nuvista San Jose","specialRequests":null} 
[2025-01-29 00:40:22] local.ERROR: PayMongo Success Error: {"error":"SQLSTATE[23000]: [Microsoft][ODBC Driver 17 for SQL Server][SQL Server]Cannot insert the value NULL into column 'firstName', table 'PHP_Testing.dbo.guests'; column does not allow nulls. INSERT fails. (Connection: sqlsrv, SQL: insert into [guests] ([email], [gender], [birthdate], [phone], [address], [updated_at], [created_at]) values (carlbergado67.5@gmail.com, male, 2001-01-23, 9205357783, Nuvista San Jose, 2025-01-29 00:40:22.930, 2025-01-29 00:40:22.930))"} 
[2025-01-29 00:43:50] local.INFO: Incoming Booking Data:  
[2025-01-29 00:43:50] local.INFO: Incoming Booking Data: {"checkInDate":"2025-01-30","checkOutDate":"2025-01-31","adults":"1","children":"0","bookings":[{"id":"6","name":"Kubo with room","price":"1800","details":"A cozy kubo with a room, perfect for small families or groups."}],"totalPrice":1800,"guestInfo":{"firstName":"Carl","lastName":"Bergado","gender":"male","birthdate":"2003-05-11","email":"carlbergado67.5@gmail.com","phone":"9205357783","address":"Nuvista San Jose","specialRequests":null}} 
[2025-01-29 00:43:50] local.INFO: Validated Data: {"totalPrice":1800,"checkInDate":"2025-01-30","checkOutDate":"2025-01-31","adults":"1","children":"0","guestInfo":{"firstName":"Carl","lastName":"Bergado","gender":"male","birthdate":"2003-05-11","email":"carlbergado67.5@gmail.com","phone":"9205357783","address":"Nuvista San Jose","specialRequests":null},"bookings":[{"id":"6","name":"Kubo with room","price":"1800","details":"A cozy kubo with a room, perfect for small families or groups."}]} 
[2025-01-29 00:43:50] local.INFO: PayMongo Request Data: {"data":{"attributes":{"line_items":[{"currency":"PHP","amount":180000,"description":"A cozy kubo with a room, perfect for small families or groups.","name":"Kubo with room","quantity":1}],"payment_method_types":["card","gcash","paymaya","grab_pay","dob","dob_ubp","brankas_bdo","brankas_landbank","brankas_metrobank"],"success_url":"http://localhost:8000/success","cancel_url":"http://localhost:8000/cancel","description":"Online Booking"}}} 
[2025-01-29 00:43:51] local.INFO: PayMongo API Response: {"data":{"id":"cs_3dJQLJU7QAkHm4U9FBK2uY9s","type":"checkout_session","attributes":{"billing":{"address":{"city":null,"country":null,"line1":null,"line2":null,"postal_code":null,"state":null},"email":null,"name":null,"phone":null},"billing_information_fields_editable":"enabled","cancel_url":"http://localhost:8000/cancel","checkout_url":"https://checkout.paymongo.com/cs_3dJQLJU7QAkHm4U9FBK2uY9s_client_od4jUMohRX1A5jK528KAWz2K#cGtfdGVzdF9KUVhlR25UcTlMOVcyOEVwNUtrdjRTZkw=","client_key":"cs_3dJQLJU7QAkHm4U9FBK2uY9s_client_od4jUMohRX1A5jK528KAWz2K","customer_email":null,"description":"Online Booking","line_items":[{"amount":180000,"currency":"PHP","description":"A cozy kubo with a room, perfect for small families or groups.","images":[],"name":"Kubo with room","quantity":1}],"livemode":false,"merchant":"Hacienda JenSen Farm Resort","payments":[],"payment_intent":{"id":"pi_zfAV7fcJSdjrDhDp9Pj9hdjG","type":"payment_intent","attributes":{"amount":180000,"capture_type":"automatic","client_key":"pi_zfAV7fcJSdjrDhDp9Pj9hdjG_client_SQe1v3i95GDUSnXPF9CeRtRT","currency":"PHP","description":"Online Booking","livemode":false,"original_amount":180000,"statement_descriptor":"Hacienda JenSen Farm Resort","status":"awaiting_payment_method","last_payment_error":null,"payment_method_allowed":["card","brankas","gcash","dob","paymaya","grab_pay"],"payments":[],"next_action":null,"payment_method_options":{"card":{"request_three_d_secure":"any"}},"metadata":null,"setup_future_usage":null,"created_at":1738111430,"updated_at":1738111430}},"payment_method_types":["brankas_landbank","dob","brankas_metrobank","gcash","brankas_bdo","grab_pay","card","paymaya","dob_ubp"],"reference_number":null,"send_email_receipt":false,"show_description":true,"show_line_items":true,"status":"active","success_url":"http://localhost:8000/success","created_at":1738111430,"updated_at":1738111430,"metadata":null}}} 
[2025-01-29 00:44:03] local.INFO: PayMongo Success Response: {"data":{"id":"cs_3dJQLJU7QAkHm4U9FBK2uY9s","type":"checkout_session","attributes":{"billing":{"address":{"city":null,"country":null,"line1":null,"line2":null,"postal_code":null,"state":null},"email":null,"name":null,"phone":null},"billing_information_fields_editable":"enabled","cancel_url":"http://localhost:8000/cancel","checkout_url":"https://checkout.paymongo.com/cs_3dJQLJU7QAkHm4U9FBK2uY9s_client_od4jUMohRX1A5jK528KAWz2K#cGtfdGVzdF9KUVhlR25UcTlMOVcyOEVwNUtrdjRTZkw=","client_key":"cs_3dJQLJU7QAkHm4U9FBK2uY9s_client_od4jUMohRX1A5jK528KAWz2K","customer_email":null,"description":"Online Booking","line_items":[{"amount":180000,"currency":"PHP","description":"A cozy kubo with a room, perfect for small families or groups.","images":[],"name":"Kubo with room","quantity":1}],"livemode":false,"merchant":"Hacienda JenSen Farm Resort","origin":null,"paid_at":1738111440,"payments":[{"id":"pay_crC1ijR7LmkLpLzd21x3rqNd","type":"payment","attributes":{"access_url":null,"amount":180000,"balance_transaction_id":"bal_txn_6W3ehCkzwj616GzAPc6aohnp","billing":{"address":{"city":"","country":"","line1":"","line2":"","postal_code":"","state":""},"email":"carlbergado67.5@gmail.com","name":"Chirs","phone":"9205357783"},"currency":"PHP","description":"Online Booking","disputed":false,"external_reference_number":null,"fee":4500,"instant_settlement":null,"livemode":false,"net_amount":175500,"origin":"api","payment_intent_id":"pi_zfAV7fcJSdjrDhDp9Pj9hdjG","payout":null,"source":{"id":"src_KBLkwnGN28xvKhyxoxoapXgv","type":"gcash"},"statement_descriptor":"Hacienda JenSen Farm Resort","status":"paid","tax_amount":null,"metadata":null,"promotion":null,"refunds":[],"taxes":[],"available_at":1738573200,"created_at":1738111440,"credited_at":1738746000,"paid_at":1738111440,"updated_at":1738111440}}],"payment_intent":{"id":"pi_zfAV7fcJSdjrDhDp9Pj9hdjG","type":"payment_intent","attributes":{"amount":180000,"capture_type":"automatic","client_key":"pi_zfAV7fcJSdjrDhDp9Pj9hdjG_client_SQe1v3i95GDUSnXPF9CeRtRT","currency":"PHP","description":"Online Booking","livemode":false,"original_amount":180000,"statement_descriptor":"Hacienda JenSen Farm Resort","status":"succeeded","last_payment_error":null,"payment_method_allowed":["card","brankas","gcash","dob","paymaya","grab_pay"],"payments":[{"id":"pay_crC1ijR7LmkLpLzd21x3rqNd","type":"payment","attributes":{"access_url":null,"amount":180000,"balance_transaction_id":"bal_txn_6W3ehCkzwj616GzAPc6aohnp","billing":{"address":"Over 9 levels deep, aborting normalization","email":"Over 9 levels deep, aborting normalization","name":"Over 9 levels deep, aborting normalization","phone":"Over 9 levels deep, aborting normalization"},"currency":"PHP","description":"Online Booking","disputed":false,"external_reference_number":null,"fee":4500,"instant_settlement":null,"livemode":false,"net_amount":175500,"origin":"api","payment_intent_id":"pi_zfAV7fcJSdjrDhDp9Pj9hdjG","payout":null,"source":{"id":"Over 9 levels deep, aborting normalization","type":"Over 9 levels deep, aborting normalization"},"statement_descriptor":"Hacienda JenSen Farm Resort","status":"paid","tax_amount":null,"metadata":null,"promotion":null,"refunds":[],"taxes":[],"available_at":1738573200,"created_at":1738111440,"credited_at":1738746000,"paid_at":1738111440,"updated_at":1738111440}}],"next_action":null,"payment_method_options":{"card":{"request_three_d_secure":"any"}},"metadata":null,"setup_future_usage":null,"created_at":1738111430,"updated_at":1738111440}},"payment_method_types":["brankas_landbank","dob","brankas_metrobank","gcash","brankas_bdo","grab_pay","card","paymaya","dob_ubp"],"payment_method_used":"gcash","reference_number":null,"send_email_receipt":false,"show_description":true,"show_line_items":true,"status":"active","success_url":"http://localhost:8000/success","created_at":1738111430,"updated_at":1738111430,"metadata":null}}} 
[2025-01-29 00:44:03] local.INFO: Payment Status: {"status":"paid"} 
[2025-01-29 00:44:03] local.INFO: Guest Info: {"firstName":"Carl","lastName":"Bergado","gender":"male","birthdate":"2003-05-11","email":"carlbergado67.5@gmail.com","phone":"9205357783","address":"Nuvista San Jose","specialRequests":null} 
[2025-01-29 00:44:03] local.ERROR: PayMongo Success Error: {"error":"SQLSTATE[23000]: [Microsoft][ODBC Driver 17 for SQL Server][SQL Server]Cannot insert the value NULL into column 'guest_id', table 'PHP_Testing.dbo.bookings'; column does not allow nulls. INSERT fails. (Connection: sqlsrv, SQL: insert into [bookings] ([guest_id], [check_in_date], [check_out_date], [updated_at], [created_at]) values (?, 2025-01-30, 2025-01-31, 2025-01-29 00:44:03.915, 2025-01-29 00:44:03.915))"} 
[2025-01-29 00:49:57] local.INFO: Incoming Booking Data:  
[2025-01-29 00:49:57] local.INFO: Incoming Booking Data: {"checkInDate":"2025-01-31","checkOutDate":"2025-02-01","adults":"1","children":"0","bookings":[{"id":"6","name":"Kubo with room","price":"1800","details":"A cozy kubo with a room, perfect for small families or groups."}],"totalPrice":1800,"guestInfo":{"firstName":"Carl","lastName":"Bergado","gender":"male","birthdate":"2002-12-30","email":"carlbergado67.5@gmail.com","phone":"9205357783","address":"Nuvista San Jose","specialRequests":null}} 
[2025-01-29 00:49:57] local.INFO: Validated Data: {"totalPrice":1800,"checkInDate":"2025-01-31","checkOutDate":"2025-02-01","adults":"1","children":"0","guestInfo":{"firstName":"Carl","lastName":"Bergado","gender":"male","birthdate":"2002-12-30","email":"carlbergado67.5@gmail.com","phone":"9205357783","address":"Nuvista San Jose","specialRequests":null},"bookings":[{"id":"6","name":"Kubo with room","price":"1800","details":"A cozy kubo with a room, perfect for small families or groups."}]} 
[2025-01-29 00:49:57] local.INFO: PayMongo Request Data: {"data":{"attributes":{"line_items":[{"currency":"PHP","amount":180000,"description":"A cozy kubo with a room, perfect for small families or groups.","name":"Kubo with room","quantity":1}],"payment_method_types":["card","gcash","paymaya","grab_pay","dob","dob_ubp","brankas_bdo","brankas_landbank","brankas_metrobank"],"success_url":"http://localhost:8000/success","cancel_url":"http://localhost:8000/cancel","description":"Online Booking"}}} 
[2025-01-29 00:49:58] local.INFO: PayMongo API Response: {"data":{"id":"cs_1RSED874XdkZuCWB4RVRWP2y","type":"checkout_session","attributes":{"billing":{"address":{"city":null,"country":null,"line1":null,"line2":null,"postal_code":null,"state":null},"email":null,"name":null,"phone":null},"billing_information_fields_editable":"enabled","cancel_url":"http://localhost:8000/cancel","checkout_url":"https://checkout.paymongo.com/cs_1RSED874XdkZuCWB4RVRWP2y_client_x4Sz5anaJX6uKzRPoxp4qgnp#cGtfdGVzdF9KUVhlR25UcTlMOVcyOEVwNUtrdjRTZkw=","client_key":"cs_1RSED874XdkZuCWB4RVRWP2y_client_x4Sz5anaJX6uKzRPoxp4qgnp","customer_email":null,"description":"Online Booking","line_items":[{"amount":180000,"currency":"PHP","description":"A cozy kubo with a room, perfect for small families or groups.","images":[],"name":"Kubo with room","quantity":1}],"livemode":false,"merchant":"Hacienda JenSen Farm Resort","payments":[],"payment_intent":{"id":"pi_ZhzJTRZMpsPQ67zmPuMVJtVS","type":"payment_intent","attributes":{"amount":180000,"capture_type":"automatic","client_key":"pi_ZhzJTRZMpsPQ67zmPuMVJtVS_client_mVp1NvBre8RQBbpktrdqFasC","currency":"PHP","description":"Online Booking","livemode":false,"original_amount":180000,"statement_descriptor":"Hacienda JenSen Farm Resort","status":"awaiting_payment_method","last_payment_error":null,"payment_method_allowed":["grab_pay","dob","card","paymaya","brankas","gcash"],"payments":[],"next_action":null,"payment_method_options":{"card":{"request_three_d_secure":"any"}},"metadata":null,"setup_future_usage":null,"created_at":1738111797,"updated_at":1738111797}},"payment_method_types":["brankas_metrobank","grab_pay","brankas_bdo","dob_ubp","dob","paymaya","brankas_landbank","gcash","card"],"reference_number":null,"send_email_receipt":false,"show_description":true,"show_line_items":true,"status":"active","success_url":"http://localhost:8000/success","created_at":1738111797,"updated_at":1738111797,"metadata":null}}} 
[2025-01-29 00:50:12] local.INFO: PayMongo Success Response: {"data":{"id":"cs_1RSED874XdkZuCWB4RVRWP2y","type":"checkout_session","attributes":{"billing":{"address":{"city":null,"country":null,"line1":null,"line2":null,"postal_code":null,"state":null},"email":null,"name":null,"phone":null},"billing_information_fields_editable":"enabled","cancel_url":"http://localhost:8000/cancel","checkout_url":"https://checkout.paymongo.com/cs_1RSED874XdkZuCWB4RVRWP2y_client_x4Sz5anaJX6uKzRPoxp4qgnp#cGtfdGVzdF9KUVhlR25UcTlMOVcyOEVwNUtrdjRTZkw=","client_key":"cs_1RSED874XdkZuCWB4RVRWP2y_client_x4Sz5anaJX6uKzRPoxp4qgnp","customer_email":null,"description":"Online Booking","line_items":[{"amount":180000,"currency":"PHP","description":"A cozy kubo with a room, perfect for small families or groups.","images":[],"name":"Kubo with room","quantity":1}],"livemode":false,"merchant":"Hacienda JenSen Farm Resort","origin":null,"paid_at":1738111808,"payments":[{"id":"pay_pAZHv5hcMRKLLuZG2xa3iHSg","type":"payment","attributes":{"access_url":null,"amount":180000,"balance_transaction_id":"bal_txn_wzJfFUeCHfp8WsE4KzMLjusK","billing":{"address":{"city":"","country":"","line1":"","line2":"","postal_code":"","state":""},"email":"carlbergado67.5@gmail.com","name":"Chirs","phone":"9205357783"},"currency":"PHP","description":"Online Booking","disputed":false,"external_reference_number":null,"fee":4500,"instant_settlement":null,"livemode":false,"net_amount":175500,"origin":"api","payment_intent_id":"pi_ZhzJTRZMpsPQ67zmPuMVJtVS","payout":null,"source":{"id":"src_1JJU5CpjL1sdPV4NXtAGh8A4","type":"gcash"},"statement_descriptor":"Hacienda JenSen Farm Resort","status":"paid","tax_amount":null,"metadata":null,"promotion":null,"refunds":[],"taxes":[],"available_at":1738573200,"created_at":1738111808,"credited_at":1738746000,"paid_at":1738111808,"updated_at":1738111808}}],"payment_intent":{"id":"pi_ZhzJTRZMpsPQ67zmPuMVJtVS","type":"payment_intent","attributes":{"amount":180000,"capture_type":"automatic","client_key":"pi_ZhzJTRZMpsPQ67zmPuMVJtVS_client_mVp1NvBre8RQBbpktrdqFasC","currency":"PHP","description":"Online Booking","livemode":false,"original_amount":180000,"statement_descriptor":"Hacienda JenSen Farm Resort","status":"succeeded","last_payment_error":null,"payment_method_allowed":["grab_pay","dob","card","paymaya","brankas","gcash"],"payments":[{"id":"pay_pAZHv5hcMRKLLuZG2xa3iHSg","type":"payment","attributes":{"access_url":null,"amount":180000,"balance_transaction_id":"bal_txn_wzJfFUeCHfp8WsE4KzMLjusK","billing":{"address":"Over 9 levels deep, aborting normalization","email":"Over 9 levels deep, aborting normalization","name":"Over 9 levels deep, aborting normalization","phone":"Over 9 levels deep, aborting normalization"},"currency":"PHP","description":"Online Booking","disputed":false,"external_reference_number":null,"fee":4500,"instant_settlement":null,"livemode":false,"net_amount":175500,"origin":"api","payment_intent_id":"pi_ZhzJTRZMpsPQ67zmPuMVJtVS","payout":null,"source":{"id":"Over 9 levels deep, aborting normalization","type":"Over 9 levels deep, aborting normalization"},"statement_descriptor":"Hacienda JenSen Farm Resort","status":"paid","tax_amount":null,"metadata":null,"promotion":null,"refunds":[],"taxes":[],"available_at":1738573200,"created_at":1738111808,"credited_at":1738746000,"paid_at":1738111808,"updated_at":1738111808}}],"next_action":null,"payment_method_options":{"card":{"request_three_d_secure":"any"}},"metadata":null,"setup_future_usage":null,"created_at":1738111797,"updated_at":1738111808}},"payment_method_types":["brankas_metrobank","grab_pay","brankas_bdo","dob_ubp","dob","paymaya","brankas_landbank","gcash","card"],"payment_method_used":"gcash","reference_number":null,"send_email_receipt":false,"show_description":true,"show_line_items":true,"status":"active","success_url":"http://localhost:8000/success","created_at":1738111797,"updated_at":1738111797,"metadata":null}}} 
[2025-01-29 00:50:12] local.INFO: Payment Status: {"status":"paid"} 
[2025-01-29 00:50:12] local.INFO: Guest Info: {"firstName":"Carl","lastName":"Bergado","gender":"male","birthdate":"2002-12-30","email":"carlbergado67.5@gmail.com","phone":"9205357783","address":"Nuvista San Jose","specialRequests":null} 
[2025-01-29 00:50:12] local.ERROR: PayMongo Success Error: {"error":"Undefined array key \"first_name\""} 
[2025-01-29 00:51:35] local.INFO: Incoming Booking Data:  
[2025-01-29 00:51:36] local.INFO: Incoming Booking Data: {"checkInDate":"2025-01-30","checkOutDate":"2025-01-31","adults":"1","children":"0","bookings":[{"id":"4","name":"Duplex cabin","price":"5000","details":"A small cabin ideal for couples."}],"totalPrice":5000,"guestInfo":{"firstName":"Carl","lastName":"Bergado","gender":"male","birthdate":"2002-12-30","email":"carlbergado67.5@gmail.com","phone":"9205357783","address":"Nuvista San Jose","specialRequests":null}} 
[2025-01-29 00:51:36] local.INFO: Validated Data: {"totalPrice":5000,"checkInDate":"2025-01-30","checkOutDate":"2025-01-31","adults":"1","children":"0","guestInfo":{"firstName":"Carl","lastName":"Bergado","gender":"male","birthdate":"2002-12-30","email":"carlbergado67.5@gmail.com","phone":"9205357783","address":"Nuvista San Jose","specialRequests":null},"bookings":[{"id":"4","name":"Duplex cabin","price":"5000","details":"A small cabin ideal for couples."}]} 
[2025-01-29 00:51:36] local.INFO: PayMongo Request Data: {"data":{"attributes":{"line_items":[{"currency":"PHP","amount":500000,"description":"A small cabin ideal for couples.","name":"Duplex cabin","quantity":1}],"payment_method_types":["card","gcash","paymaya","grab_pay","dob","dob_ubp","brankas_bdo","brankas_landbank","brankas_metrobank"],"success_url":"http://localhost:8000/success","cancel_url":"http://localhost:8000/cancel","description":"Online Booking"}}} 
[2025-01-29 00:51:36] local.INFO: PayMongo API Response: {"data":{"id":"cs_u7sKAQnxdvR7ifH6q7BhyXHR","type":"checkout_session","attributes":{"billing":{"address":{"city":null,"country":null,"line1":null,"line2":null,"postal_code":null,"state":null},"email":null,"name":null,"phone":null},"billing_information_fields_editable":"enabled","cancel_url":"http://localhost:8000/cancel","checkout_url":"https://checkout.paymongo.com/cs_u7sKAQnxdvR7ifH6q7BhyXHR_client_XzMaqhu5eKXganJqL7ZbxYYB#cGtfdGVzdF9KUVhlR25UcTlMOVcyOEVwNUtrdjRTZkw=","client_key":"cs_u7sKAQnxdvR7ifH6q7BhyXHR_client_XzMaqhu5eKXganJqL7ZbxYYB","customer_email":null,"description":"Online Booking","line_items":[{"amount":500000,"currency":"PHP","description":"A small cabin ideal for couples.","images":[],"name":"Duplex cabin","quantity":1}],"livemode":false,"merchant":"Hacienda JenSen Farm Resort","payments":[],"payment_intent":{"id":"pi_MgLrjeQBUduTGSW7GydgPZjK","type":"payment_intent","attributes":{"amount":500000,"capture_type":"automatic","client_key":"pi_MgLrjeQBUduTGSW7GydgPZjK_client_f919mwWLA1HeVR1M8QFe5tn1","currency":"PHP","description":"Online Booking","livemode":false,"original_amount":500000,"statement_descriptor":"Hacienda JenSen Farm Resort","status":"awaiting_payment_method","last_payment_error":null,"payment_method_allowed":["grab_pay","card","paymaya","brankas","dob","gcash"],"payments":[],"next_action":null,"payment_method_options":{"card":{"request_three_d_secure":"any"}},"metadata":null,"setup_future_usage":null,"created_at":1738111895,"updated_at":1738111895}},"payment_method_types":["paymaya","gcash","brankas_landbank","dob_ubp","dob","brankas_metrobank","grab_pay","card","brankas_bdo"],"reference_number":null,"send_email_receipt":false,"show_description":true,"show_line_items":true,"status":"active","success_url":"http://localhost:8000/success","created_at":1738111895,"updated_at":1738111895,"metadata":null}}} 
[2025-01-29 00:51:50] local.INFO: PayMongo Success Response: {"data":{"id":"cs_u7sKAQnxdvR7ifH6q7BhyXHR","type":"checkout_session","attributes":{"billing":{"address":{"city":null,"country":null,"line1":null,"line2":null,"postal_code":null,"state":null},"email":null,"name":null,"phone":null},"billing_information_fields_editable":"enabled","cancel_url":"http://localhost:8000/cancel","checkout_url":"https://checkout.paymongo.com/cs_u7sKAQnxdvR7ifH6q7BhyXHR_client_XzMaqhu5eKXganJqL7ZbxYYB#cGtfdGVzdF9KUVhlR25UcTlMOVcyOEVwNUtrdjRTZkw=","client_key":"cs_u7sKAQnxdvR7ifH6q7BhyXHR_client_XzMaqhu5eKXganJqL7ZbxYYB","customer_email":null,"description":"Online Booking","line_items":[{"amount":500000,"currency":"PHP","description":"A small cabin ideal for couples.","images":[],"name":"Duplex cabin","quantity":1}],"livemode":false,"merchant":"Hacienda JenSen Farm Resort","origin":null,"paid_at":1738111907,"payments":[{"id":"pay_8qigtVtjcxZvrU3tLmnFzpn9","type":"payment","attributes":{"access_url":null,"amount":500000,"balance_transaction_id":"bal_txn_YCfty4xJPTrmUddzAAccZviQ","billing":{"address":{"city":"","country":"","line1":"","line2":"","postal_code":"","state":""},"email":"carlbergado67.5@gmail.com","name":"Chirs","phone":"9205357783"},"currency":"PHP","description":"Online Booking","disputed":false,"external_reference_number":null,"fee":12500,"instant_settlement":null,"livemode":false,"net_amount":487500,"origin":"api","payment_intent_id":"pi_MgLrjeQBUduTGSW7GydgPZjK","payout":null,"source":{"id":"src_pou4RxxgeujusyUuNvX6NUCJ","type":"gcash"},"statement_descriptor":"Hacienda JenSen Farm Resort","status":"paid","tax_amount":null,"metadata":null,"promotion":null,"refunds":[],"taxes":[],"available_at":1738573200,"created_at":1738111907,"credited_at":1738746000,"paid_at":1738111907,"updated_at":1738111907}}],"payment_intent":{"id":"pi_MgLrjeQBUduTGSW7GydgPZjK","type":"payment_intent","attributes":{"amount":500000,"capture_type":"automatic","client_key":"pi_MgLrjeQBUduTGSW7GydgPZjK_client_f919mwWLA1HeVR1M8QFe5tn1","currency":"PHP","description":"Online Booking","livemode":false,"original_amount":500000,"statement_descriptor":"Hacienda JenSen Farm Resort","status":"succeeded","last_payment_error":null,"payment_method_allowed":["grab_pay","card","paymaya","brankas","dob","gcash"],"payments":[{"id":"pay_8qigtVtjcxZvrU3tLmnFzpn9","type":"payment","attributes":{"access_url":null,"amount":500000,"balance_transaction_id":"bal_txn_YCfty4xJPTrmUddzAAccZviQ","billing":{"address":"Over 9 levels deep, aborting normalization","email":"Over 9 levels deep, aborting normalization","name":"Over 9 levels deep, aborting normalization","phone":"Over 9 levels deep, aborting normalization"},"currency":"PHP","description":"Online Booking","disputed":false,"external_reference_number":null,"fee":12500,"instant_settlement":null,"livemode":false,"net_amount":487500,"origin":"api","payment_intent_id":"pi_MgLrjeQBUduTGSW7GydgPZjK","payout":null,"source":{"id":"Over 9 levels deep, aborting normalization","type":"Over 9 levels deep, aborting normalization"},"statement_descriptor":"Hacienda JenSen Farm Resort","status":"paid","tax_amount":null,"metadata":null,"promotion":null,"refunds":[],"taxes":[],"available_at":1738573200,"created_at":1738111907,"credited_at":1738746000,"paid_at":1738111907,"updated_at":1738111907}}],"next_action":null,"payment_method_options":{"card":{"request_three_d_secure":"any"}},"metadata":null,"setup_future_usage":null,"created_at":1738111895,"updated_at":1738111907}},"payment_method_types":["paymaya","gcash","brankas_landbank","dob_ubp","dob","brankas_metrobank","grab_pay","card","brankas_bdo"],"payment_method_used":"gcash","reference_number":null,"send_email_receipt":false,"show_description":true,"show_line_items":true,"status":"active","success_url":"http://localhost:8000/success","created_at":1738111895,"updated_at":1738111895,"metadata":null}}} 
[2025-01-29 00:51:50] local.INFO: Payment Status: {"status":"paid"} 
[2025-01-29 00:51:50] local.INFO: Guest Info: {"firstName":"Carl","lastName":"Bergado","gender":"male","birthdate":"2002-12-30","email":"carlbergado67.5@gmail.com","phone":"9205357783","address":"Nuvista San Jose","specialRequests":null} 
[2025-01-29 00:51:50] local.ERROR: PayMongo Success Error: {"error":"SQLSTATE[23000]: [Microsoft][ODBC Driver 17 for SQL Server][SQL Server]Cannot insert the value NULL into column 'guest_id', table 'PHP_Testing.dbo.bookings'; column does not allow nulls. INSERT fails. (Connection: sqlsrv, SQL: insert into [bookings] ([guest_id], [check_in_date], [check_out_date], [updated_at], [created_at]) values (?, 2025-01-30, 2025-01-31, 2025-01-29 00:51:50.839, 2025-01-29 00:51:50.839))"} 
[2025-01-29 00:57:09] local.INFO: Incoming Booking Data:  
[2025-01-29 00:57:10] local.INFO: Incoming Booking Data: {"checkInDate":"2025-01-31","checkOutDate":"2025-02-01","adults":"1","children":"0","bookings":[{"id":"6","name":"Kubo with room","price":"1800","details":"A cozy kubo with a room, perfect for small families or groups."}],"totalPrice":1800,"guestInfo":{"firstName":"Aldrey","lastName":"Daulo","gender":"male","birthdate":"2003-06-10","email":"carlbergado67.3@gmail.com","phone":"9205357783","address":"Nuvista San Jose","specialRequests":null}} 
[2025-01-29 00:57:10] local.INFO: Validated Data: {"totalPrice":1800,"checkInDate":"2025-01-31","checkOutDate":"2025-02-01","adults":"1","children":"0","guestInfo":{"firstName":"Aldrey","lastName":"Daulo","gender":"male","birthdate":"2003-06-10","email":"carlbergado67.3@gmail.com","phone":"9205357783","address":"Nuvista San Jose","specialRequests":null},"bookings":[{"id":"6","name":"Kubo with room","price":"1800","details":"A cozy kubo with a room, perfect for small families or groups."}]} 
[2025-01-29 00:57:10] local.INFO: PayMongo Request Data: {"data":{"attributes":{"line_items":[{"currency":"PHP","amount":180000,"description":"A cozy kubo with a room, perfect for small families or groups.","name":"Kubo with room","quantity":1}],"payment_method_types":["card","gcash","paymaya","grab_pay","dob","dob_ubp","brankas_bdo","brankas_landbank","brankas_metrobank"],"success_url":"http://localhost:8000/success","cancel_url":"http://localhost:8000/cancel","description":"Online Booking"}}} 
[2025-01-29 00:57:10] local.INFO: PayMongo API Response: {"data":{"id":"cs_VGXMNK245LvaunP7SNjLWcPa","type":"checkout_session","attributes":{"billing":{"address":{"city":null,"country":null,"line1":null,"line2":null,"postal_code":null,"state":null},"email":null,"name":null,"phone":null},"billing_information_fields_editable":"enabled","cancel_url":"http://localhost:8000/cancel","checkout_url":"https://checkout.paymongo.com/cs_VGXMNK245LvaunP7SNjLWcPa_client_fxWWDkWZ9txKwUrZsjyS7uV8#cGtfdGVzdF9KUVhlR25UcTlMOVcyOEVwNUtrdjRTZkw=","client_key":"cs_VGXMNK245LvaunP7SNjLWcPa_client_fxWWDkWZ9txKwUrZsjyS7uV8","customer_email":null,"description":"Online Booking","line_items":[{"amount":180000,"currency":"PHP","description":"A cozy kubo with a room, perfect for small families or groups.","images":[],"name":"Kubo with room","quantity":1}],"livemode":false,"merchant":"Hacienda JenSen Farm Resort","payments":[],"payment_intent":{"id":"pi_mobjwMgt9yQ1NF8dgTCCtrWS","type":"payment_intent","attributes":{"amount":180000,"capture_type":"automatic","client_key":"pi_mobjwMgt9yQ1NF8dgTCCtrWS_client_EoeVgYYc1hEGPRp36NLcLhJ5","currency":"PHP","description":"Online Booking","livemode":false,"original_amount":180000,"statement_descriptor":"Hacienda JenSen Farm Resort","status":"awaiting_payment_method","last_payment_error":null,"payment_method_allowed":["dob","grab_pay","paymaya","brankas","card","gcash"],"payments":[],"next_action":null,"payment_method_options":{"card":{"request_three_d_secure":"any"}},"metadata":null,"setup_future_usage":null,"created_at":1738112230,"updated_at":1738112230}},"payment_method_types":["card","grab_pay","brankas_bdo","gcash","dob","dob_ubp","paymaya","brankas_metrobank","brankas_landbank"],"reference_number":null,"send_email_receipt":false,"show_description":true,"show_line_items":true,"status":"active","success_url":"http://localhost:8000/success","created_at":1738112230,"updated_at":1738112230,"metadata":null}}} 
[2025-01-29 00:57:28] local.INFO: PayMongo Success Response: {"data":{"id":"cs_VGXMNK245LvaunP7SNjLWcPa","type":"checkout_session","attributes":{"billing":{"address":{"city":null,"country":null,"line1":null,"line2":null,"postal_code":null,"state":null},"email":null,"name":null,"phone":null},"billing_information_fields_editable":"enabled","cancel_url":"http://localhost:8000/cancel","checkout_url":"https://checkout.paymongo.com/cs_VGXMNK245LvaunP7SNjLWcPa_client_fxWWDkWZ9txKwUrZsjyS7uV8#cGtfdGVzdF9KUVhlR25UcTlMOVcyOEVwNUtrdjRTZkw=","client_key":"cs_VGXMNK245LvaunP7SNjLWcPa_client_fxWWDkWZ9txKwUrZsjyS7uV8","customer_email":null,"description":"Online Booking","line_items":[{"amount":180000,"currency":"PHP","description":"A cozy kubo with a room, perfect for small families or groups.","images":[],"name":"Kubo with room","quantity":1}],"livemode":false,"merchant":"Hacienda JenSen Farm Resort","origin":null,"paid_at":1738112244,"payments":[{"id":"pay_rE3ZRnvSnBKEf1qv2S6v7ZkF","type":"payment","attributes":{"access_url":null,"amount":180000,"balance_transaction_id":"bal_txn_nbPHqe39FYk91MBWsyzMQcmi","billing":{"address":{"city":"","country":"","line1":"","line2":"","postal_code":"","state":""},"email":"carlbergado67.5@gmail.com","name":"Chirs","phone":"9205357783"},"currency":"PHP","description":"Online Booking","disputed":false,"external_reference_number":null,"fee":4500,"instant_settlement":null,"livemode":false,"net_amount":175500,"origin":"api","payment_intent_id":"pi_mobjwMgt9yQ1NF8dgTCCtrWS","payout":null,"source":{"id":"src_YSToJYPSnNY7hZUTFombefva","type":"gcash"},"statement_descriptor":"Hacienda JenSen Farm Resort","status":"paid","tax_amount":null,"metadata":null,"promotion":null,"refunds":[],"taxes":[],"available_at":1738573200,"created_at":1738112244,"credited_at":1738746000,"paid_at":1738112244,"updated_at":1738112244}}],"payment_intent":{"id":"pi_mobjwMgt9yQ1NF8dgTCCtrWS","type":"payment_intent","attributes":{"amount":180000,"capture_type":"automatic","client_key":"pi_mobjwMgt9yQ1NF8dgTCCtrWS_client_EoeVgYYc1hEGPRp36NLcLhJ5","currency":"PHP","description":"Online Booking","livemode":false,"original_amount":180000,"statement_descriptor":"Hacienda JenSen Farm Resort","status":"succeeded","last_payment_error":null,"payment_method_allowed":["dob","grab_pay","paymaya","brankas","card","gcash"],"payments":[{"id":"pay_rE3ZRnvSnBKEf1qv2S6v7ZkF","type":"payment","attributes":{"access_url":null,"amount":180000,"balance_transaction_id":"bal_txn_nbPHqe39FYk91MBWsyzMQcmi","billing":{"address":"Over 9 levels deep, aborting normalization","email":"Over 9 levels deep, aborting normalization","name":"Over 9 levels deep, aborting normalization","phone":"Over 9 levels deep, aborting normalization"},"currency":"PHP","description":"Online Booking","disputed":false,"external_reference_number":null,"fee":4500,"instant_settlement":null,"livemode":false,"net_amount":175500,"origin":"api","payment_intent_id":"pi_mobjwMgt9yQ1NF8dgTCCtrWS","payout":null,"source":{"id":"Over 9 levels deep, aborting normalization","type":"Over 9 levels deep, aborting normalization"},"statement_descriptor":"Hacienda JenSen Farm Resort","status":"paid","tax_amount":null,"metadata":null,"promotion":null,"refunds":[],"taxes":[],"available_at":1738573200,"created_at":1738112244,"credited_at":1738746000,"paid_at":1738112244,"updated_at":1738112244}}],"next_action":null,"payment_method_options":{"card":{"request_three_d_secure":"any"}},"metadata":null,"setup_future_usage":null,"created_at":1738112230,"updated_at":1738112244}},"payment_method_types":["card","grab_pay","brankas_bdo","gcash","dob","dob_ubp","paymaya","brankas_metrobank","brankas_landbank"],"payment_method_used":"gcash","reference_number":null,"send_email_receipt":false,"show_description":true,"show_line_items":true,"status":"active","success_url":"http://localhost:8000/success","created_at":1738112230,"updated_at":1738112230,"metadata":null}}} 
[2025-01-29 00:57:28] local.INFO: Payment Status: {"status":"paid"} 
[2025-01-29 00:57:28] local.INFO: Guest Info: {"firstName":"Aldrey","lastName":"Daulo","gender":"male","birthdate":"2003-06-10","email":"carlbergado67.3@gmail.com","phone":"9205357783","address":"Nuvista San Jose","specialRequests":null} 
[2025-01-29 00:57:28] local.ERROR: PayMongo Success Error: {"error":"SQLSTATE[23000]: [Microsoft][ODBC Driver 17 for SQL Server][SQL Server]Cannot insert the value NULL into column 'guest_id', table 'PHP_Testing.dbo.bookings'; column does not allow nulls. INSERT fails. (Connection: sqlsrv, SQL: insert into [bookings] ([guest_id], [check_in_date], [check_out_date], [updated_at], [created_at]) values (?, 2025-01-31, 2025-02-01, 2025-01-29 00:57:28.867, 2025-01-29 00:57:28.867))"} 
[2025-01-29 01:00:21] local.INFO: Incoming Booking Data:  
[2025-01-29 01:00:21] local.INFO: Incoming Booking Data: {"checkInDate":"2025-01-30","checkOutDate":"2025-01-31","adults":"1","children":"0","bookings":[{"id":"4","name":"Duplex cabin","price":"5000","details":"A small cabin ideal for couples."}],"totalPrice":5000,"guestInfo":{"firstName":"Christelle","lastName":"Bergado","gender":"male","birthdate":"2003-05-05","email":"carlbergado67.2@gmail.com","phone":"9205357783","address":"Nuvista San Jose","specialRequests":null}} 
[2025-01-29 01:00:21] local.INFO: Validated Data: {"totalPrice":5000,"checkInDate":"2025-01-30","checkOutDate":"2025-01-31","adults":"1","children":"0","guestInfo":{"firstName":"Christelle","lastName":"Bergado","gender":"male","birthdate":"2003-05-05","email":"carlbergado67.2@gmail.com","phone":"9205357783","address":"Nuvista San Jose","specialRequests":null},"bookings":[{"id":"4","name":"Duplex cabin","price":"5000","details":"A small cabin ideal for couples."}]} 
[2025-01-29 01:00:21] local.INFO: PayMongo Request Data: {"data":{"attributes":{"line_items":[{"currency":"PHP","amount":500000,"description":"A small cabin ideal for couples.","name":"Duplex cabin","quantity":1}],"payment_method_types":["card","gcash","paymaya","grab_pay","dob","dob_ubp","brankas_bdo","brankas_landbank","brankas_metrobank"],"success_url":"http://localhost:8000/success","cancel_url":"http://localhost:8000/cancel","description":"Online Booking"}}} 
[2025-01-29 01:00:21] local.INFO: PayMongo API Response: {"data":{"id":"cs_pyPU997aYoNKggnsTdAE5CMa","type":"checkout_session","attributes":{"billing":{"address":{"city":null,"country":null,"line1":null,"line2":null,"postal_code":null,"state":null},"email":null,"name":null,"phone":null},"billing_information_fields_editable":"enabled","cancel_url":"http://localhost:8000/cancel","checkout_url":"https://checkout.paymongo.com/cs_pyPU997aYoNKggnsTdAE5CMa_client_NBUzYVjB77sr9YRVskNH3NUG#cGtfdGVzdF9KUVhlR25UcTlMOVcyOEVwNUtrdjRTZkw=","client_key":"cs_pyPU997aYoNKggnsTdAE5CMa_client_NBUzYVjB77sr9YRVskNH3NUG","customer_email":null,"description":"Online Booking","line_items":[{"amount":500000,"currency":"PHP","description":"A small cabin ideal for couples.","images":[],"name":"Duplex cabin","quantity":1}],"livemode":false,"merchant":"Hacienda JenSen Farm Resort","payments":[],"payment_intent":{"id":"pi_GnR4ChtGr42tD5Py9JJxF9db","type":"payment_intent","attributes":{"amount":500000,"capture_type":"automatic","client_key":"pi_GnR4ChtGr42tD5Py9JJxF9db_client_ExYUs7GK3ZcTWBsPdtgr9bMh","currency":"PHP","description":"Online Booking","livemode":false,"original_amount":500000,"statement_descriptor":"Hacienda JenSen Farm Resort","status":"awaiting_payment_method","last_payment_error":null,"payment_method_allowed":["brankas","gcash","card","grab_pay","dob","paymaya"],"payments":[],"next_action":null,"payment_method_options":{"card":{"request_three_d_secure":"any"}},"metadata":null,"setup_future_usage":null,"created_at":1738112421,"updated_at":1738112421}},"payment_method_types":["card","gcash","dob_ubp","dob","grab_pay","brankas_landbank","brankas_bdo","brankas_metrobank","paymaya"],"reference_number":null,"send_email_receipt":false,"show_description":true,"show_line_items":true,"status":"active","success_url":"http://localhost:8000/success","created_at":1738112421,"updated_at":1738112421,"metadata":null}}} 
[2025-01-29 01:00:35] local.INFO: PayMongo Success Response: {"data":{"id":"cs_pyPU997aYoNKggnsTdAE5CMa","type":"checkout_session","attributes":{"billing":{"address":{"city":null,"country":null,"line1":null,"line2":null,"postal_code":null,"state":null},"email":null,"name":null,"phone":null},"billing_information_fields_editable":"enabled","cancel_url":"http://localhost:8000/cancel","checkout_url":"https://checkout.paymongo.com/cs_pyPU997aYoNKggnsTdAE5CMa_client_NBUzYVjB77sr9YRVskNH3NUG#cGtfdGVzdF9KUVhlR25UcTlMOVcyOEVwNUtrdjRTZkw=","client_key":"cs_pyPU997aYoNKggnsTdAE5CMa_client_NBUzYVjB77sr9YRVskNH3NUG","customer_email":null,"description":"Online Booking","line_items":[{"amount":500000,"currency":"PHP","description":"A small cabin ideal for couples.","images":[],"name":"Duplex cabin","quantity":1}],"livemode":false,"merchant":"Hacienda JenSen Farm Resort","origin":null,"paid_at":1738112431,"payments":[{"id":"pay_mG8pQQ2CkMPZCxRmZv7qzN9Q","type":"payment","attributes":{"access_url":null,"amount":500000,"balance_transaction_id":"bal_txn_oEYnAN6izRAsFikK7EZD1aaH","billing":{"address":{"city":"","country":"","line1":"","line2":"","postal_code":"","state":""},"email":"carlbergado67.5@gmail.com","name":"Chirs","phone":"9205357783"},"currency":"PHP","description":"Online Booking","disputed":false,"external_reference_number":null,"fee":12500,"instant_settlement":null,"livemode":false,"net_amount":487500,"origin":"api","payment_intent_id":"pi_GnR4ChtGr42tD5Py9JJxF9db","payout":null,"source":{"id":"src_P6NUjGiR7FSQQ84Lgb1asUEm","type":"gcash"},"statement_descriptor":"Hacienda JenSen Farm Resort","status":"paid","tax_amount":null,"metadata":null,"promotion":null,"refunds":[],"taxes":[],"available_at":1738573200,"created_at":1738112431,"credited_at":1738746000,"paid_at":1738112431,"updated_at":1738112431}}],"payment_intent":{"id":"pi_GnR4ChtGr42tD5Py9JJxF9db","type":"payment_intent","attributes":{"amount":500000,"capture_type":"automatic","client_key":"pi_GnR4ChtGr42tD5Py9JJxF9db_client_ExYUs7GK3ZcTWBsPdtgr9bMh","currency":"PHP","description":"Online Booking","livemode":false,"original_amount":500000,"statement_descriptor":"Hacienda JenSen Farm Resort","status":"succeeded","last_payment_error":null,"payment_method_allowed":["brankas","gcash","card","grab_pay","dob","paymaya"],"payments":[{"id":"pay_mG8pQQ2CkMPZCxRmZv7qzN9Q","type":"payment","attributes":{"access_url":null,"amount":500000,"balance_transaction_id":"bal_txn_oEYnAN6izRAsFikK7EZD1aaH","billing":{"address":"Over 9 levels deep, aborting normalization","email":"Over 9 levels deep, aborting normalization","name":"Over 9 levels deep, aborting normalization","phone":"Over 9 levels deep, aborting normalization"},"currency":"PHP","description":"Online Booking","disputed":false,"external_reference_number":null,"fee":12500,"instant_settlement":null,"livemode":false,"net_amount":487500,"origin":"api","payment_intent_id":"pi_GnR4ChtGr42tD5Py9JJxF9db","payout":null,"source":{"id":"Over 9 levels deep, aborting normalization","type":"Over 9 levels deep, aborting normalization"},"statement_descriptor":"Hacienda JenSen Farm Resort","status":"paid","tax_amount":null,"metadata":null,"promotion":null,"refunds":[],"taxes":[],"available_at":1738573200,"created_at":1738112431,"credited_at":1738746000,"paid_at":1738112431,"updated_at":1738112431}}],"next_action":null,"payment_method_options":{"card":{"request_three_d_secure":"any"}},"metadata":null,"setup_future_usage":null,"created_at":1738112421,"updated_at":1738112431}},"payment_method_types":["card","gcash","dob_ubp","dob","grab_pay","brankas_landbank","brankas_bdo","brankas_metrobank","paymaya"],"payment_method_used":"gcash","reference_number":null,"send_email_receipt":false,"show_description":true,"show_line_items":true,"status":"active","success_url":"http://localhost:8000/success","created_at":1738112421,"updated_at":1738112421,"metadata":null}}} 
[2025-01-29 01:00:35] local.INFO: Payment Status: {"status":"paid"} 
[2025-01-29 01:00:35] local.INFO: Guest Info: {"firstName":"Christelle","lastName":"Bergado","gender":"male","birthdate":"2003-05-05","email":"carlbergado67.2@gmail.com","phone":"9205357783","address":"Nuvista San Jose","specialRequests":null} 
[2025-01-29 01:00:35] local.INFO: Guest Created: {"id":null,"email":"carlbergado67.2@gmail.com"} 
[2025-01-29 01:00:35] local.ERROR: PayMongo Success Error: {"error":"SQLSTATE[23000]: [Microsoft][ODBC Driver 17 for SQL Server][SQL Server]Cannot insert the value NULL into column 'guest_id', table 'PHP_Testing.dbo.bookings'; column does not allow nulls. INSERT fails. (Connection: sqlsrv, SQL: insert into [bookings] ([guest_id], [check_in_date], [check_out_date], [updated_at], [created_at]) values (?, 2025-01-30, 2025-01-31, 2025-01-29 01:00:35.152, 2025-01-29 01:00:35.152))"} 
[2025-01-29 01:08:22] local.ERROR: SQLSTATE[42000]: [Microsoft][ODBC Driver 17 for SQL Server][SQL Server]Table 'guests' already has a primary key defined on it. (Connection: sqlsrv, SQL: alter table "guests" add constraint "guests_guest_id_primary" primary key ("guest_id")) {"exception":"[object] (Illuminate\\Database\\QueryException(code: 42000): SQLSTATE[42000]: [Microsoft][ODBC Driver 17 for SQL Server][SQL Server]Table 'guests' already has a primary key defined on it. (Connection: sqlsrv, SQL: alter table \"guests\" add constraint \"guests_guest_id_primary\" primary key (\"guest_id\")) at C:\\Users\\Carl\\OneDrive - Polytechnic University of the Philippines\\Documents\\WEB DEV AUTH\\Potatochips\\booking_management\\vendor\\laravel\\framework\\src\\Illuminate\\Database\\Connection.php:795)
[stacktrace]
#0 C:\\Users\\Carl\\OneDrive - Polytechnic University of the Philippines\\Documents\\WEB DEV AUTH\\Potatochips\\booking_management\\vendor\\laravel\\framework\\src\\Illuminate\\Database\\Connection.php(755): Illuminate\\Database\\Connection->runQueryCallback('alter table \"gu...', Array, Object(Closure))
#1 C:\\Users\\Carl\\OneDrive - Polytechnic University of the Philippines\\Documents\\WEB DEV AUTH\\Potatochips\\booking_management\\vendor\\laravel\\framework\\src\\Illuminate\\Database\\Connection.php(569): Illuminate\\Database\\Connection->run('alter table \"gu...', Array, Object(Closure))
#2 C:\\Users\\Carl\\OneDrive - Polytechnic University of the Philippines\\Documents\\WEB DEV AUTH\\Potatochips\\booking_management\\vendor\\laravel\\framework\\src\\Illuminate\\Database\\Schema\\Blueprint.php(110): Illuminate\\Database\\Connection->statement('alter table \"gu...')
#3 C:\\Users\\Carl\\OneDrive - Polytechnic University of the Philippines\\Documents\\WEB DEV AUTH\\Potatochips\\booking_management\\vendor\\laravel\\framework\\src\\Illuminate\\Database\\Schema\\Builder.php(439): Illuminate\\Database\\Schema\\Blueprint->build(Object(Illuminate\\Database\\SqlServerConnection), Object(Illuminate\\Database\\Schema\\Grammars\\SqlServerGrammar))
#4 C:\\Users\\Carl\\OneDrive - Polytechnic University of the Philippines\\Documents\\WEB DEV AUTH\\Potatochips\\booking_management\\vendor\\laravel\\framework\\src\\Illuminate\\Database\\Schema\\Builder.php(281): Illuminate\\Database\\Schema\\Builder->build(Object(Illuminate\\Database\\Schema\\Blueprint))
#5 C:\\Users\\Carl\\OneDrive - Polytechnic University of the Philippines\\Documents\\WEB DEV AUTH\\Potatochips\\booking_management\\vendor\\laravel\\framework\\src\\Illuminate\\Support\\Facades\\Facade.php(353): Illuminate\\Database\\Schema\\Builder->create('guests', Object(Closure))
#6 C:\\Users\\Carl\\OneDrive - Polytechnic University of the Philippines\\Documents\\WEB DEV AUTH\\Potatochips\\booking_management\\database\\migrations\\2025_01_20_082122_create_guests_table.php(14): Illuminate\\Support\\Facades\\Facade::__callStatic('create', Array)
#7 C:\\Users\\Carl\\OneDrive - Polytechnic University of the Philippines\\Documents\\WEB DEV AUTH\\Potatochips\\booking_management\\vendor\\laravel\\framework\\src\\Illuminate\\Database\\Migrations\\Migrator.php(493): Illuminate\\Database\\Migrations\\Migration@anonymous->up()
#8 C:\\Users\\Carl\\OneDrive - Polytechnic University of the Philippines\\Documents\\WEB DEV AUTH\\Potatochips\\booking_management\\vendor\\laravel\\framework\\src\\Illuminate\\Database\\Migrations\\Migrator.php(410): Illuminate\\Database\\Migrations\\Migrator->runMethod(Object(Illuminate\\Database\\SqlServerConnection), Object(Illuminate\\Database\\Migrations\\Migration@anonymous), 'up')
#9 C:\\Users\\Carl\\OneDrive - Polytechnic University of the Philippines\\Documents\\WEB DEV AUTH\\Potatochips\\booking_management\\vendor\\laravel\\framework\\src\\Illuminate\\Database\\Concerns\\ManagesTransactions.php(30): Illuminate\\Database\\Migrations\\Migrator->Illuminate\\Database\\Migrations\\{closure}(Object(Illuminate\\Database\\SqlServerConnection))
#10 C:\\Users\\Carl\\OneDrive - Polytechnic University of the Philippines\\Documents\\WEB DEV AUTH\\Potatochips\\booking_management\\vendor\\laravel\\framework\\src\\Illuminate\\Database\\SqlServerConnection.php(30): Illuminate\\Database\\Connection->transaction(Object(Closure), 1)
#11 C:\\Users\\Carl\\OneDrive - Polytechnic University of the Philippines\\Documents\\WEB DEV AUTH\\Potatochips\\booking_management\\vendor\\laravel\\framework\\src\\Illuminate\\Database\\Migrations\\Migrator.php(418): Illuminate\\Database\\SqlServerConnection->transaction(Object(Closure))
#12 C:\\Users\\Carl\\OneDrive - Polytechnic University of the Philippines\\Documents\\WEB DEV AUTH\\Potatochips\\booking_management\\vendor\\laravel\\framework\\src\\Illuminate\\Database\\Migrations\\Migrator.php(216): Illuminate\\Database\\Migrations\\Migrator->runMigration(Object(Illuminate\\Database\\Migrations\\Migration@anonymous), 'up')
#13 C:\\Users\\Carl\\OneDrive - Polytechnic University of the Philippines\\Documents\\WEB DEV AUTH\\Potatochips\\booking_management\\vendor\\laravel\\framework\\src\\Illuminate\\Console\\View\\Components\\Task.php(37): Illuminate\\Database\\Migrations\\Migrator->Illuminate\\Database\\Migrations\\{closure}()
#14 C:\\Users\\Carl\\OneDrive - Polytechnic University of the Philippines\\Documents\\WEB DEV AUTH\\Potatochips\\booking_management\\vendor\\laravel\\framework\\src\\Illuminate\\Database\\Migrations\\Migrator.php(756): Illuminate\\Console\\View\\Components\\Task->render('2025_01_20_0821...', Object(Closure))
#15 C:\\Users\\Carl\\OneDrive - Polytechnic University of the Philippines\\Documents\\WEB DEV AUTH\\Potatochips\\booking_management\\vendor\\laravel\\framework\\src\\Illuminate\\Database\\Migrations\\Migrator.php(216): Illuminate\\Database\\Migrations\\Migrator->write('Illuminate\\\\Cons...', '2025_01_20_0821...', Object(Closure))
#16 C:\\Users\\Carl\\OneDrive - Polytechnic University of the Philippines\\Documents\\WEB DEV AUTH\\Potatochips\\booking_management\\vendor\\laravel\\framework\\src\\Illuminate\\Database\\Migrations\\Migrator.php(181): Illuminate\\Database\\Migrations\\Migrator->runUp('C:\\\\Users\\\\Carl\\\\O...', 2, false)
#17 C:\\Users\\Carl\\OneDrive - Polytechnic University of the Philippines\\Documents\\WEB DEV AUTH\\Potatochips\\booking_management\\vendor\\laravel\\framework\\src\\Illuminate\\Database\\Migrations\\Migrator.php(124): Illuminate\\Database\\Migrations\\Migrator->runPending(Array, Array)
#18 C:\\Users\\Carl\\OneDrive - Polytechnic University of the Philippines\\Documents\\WEB DEV AUTH\\Potatochips\\booking_management\\vendor\\laravel\\framework\\src\\Illuminate\\Database\\Console\\Migrations\\MigrateCommand.php(88): Illuminate\\Database\\Migrations\\Migrator->run(Array, Array)
#19 C:\\Users\\Carl\\OneDrive - Polytechnic University of the Philippines\\Documents\\WEB DEV AUTH\\Potatochips\\booking_management\\vendor\\laravel\\framework\\src\\Illuminate\\Database\\Migrations\\Migrator.php(633): Illuminate\\Database\\Console\\Migrations\\MigrateCommand->Illuminate\\Database\\Console\\Migrations\\{closure}()
#20 C:\\Users\\Carl\\OneDrive - Polytechnic University of the Philippines\\Documents\\WEB DEV AUTH\\Potatochips\\booking_management\\vendor\\laravel\\framework\\src\\Illuminate\\Database\\Console\\Migrations\\MigrateCommand.php(81): Illuminate\\Database\\Migrations\\Migrator->usingConnection(NULL, Object(Closure))
#21 C:\\Users\\Carl\\OneDrive - Polytechnic University of the Philippines\\Documents\\WEB DEV AUTH\\Potatochips\\booking_management\\vendor\\laravel\\framework\\src\\Illuminate\\Container\\BoundMethod.php(36): Illuminate\\Database\\Console\\Migrations\\MigrateCommand->handle()
#22 C:\\Users\\Carl\\OneDrive - Polytechnic University of the Philippines\\Documents\\WEB DEV AUTH\\Potatochips\\booking_management\\vendor\\laravel\\framework\\src\\Illuminate\\Container\\Util.php(41): Illuminate\\Container\\BoundMethod::Illuminate\\Container\\{closure}()
#23 C:\\Users\\Carl\\OneDrive - Polytechnic University of the Philippines\\Documents\\WEB DEV AUTH\\Potatochips\\booking_management\\vendor\\laravel\\framework\\src\\Illuminate\\Container\\BoundMethod.php(93): Illuminate\\Container\\Util::unwrapIfClosure(Object(Closure))
#24 C:\\Users\\Carl\\OneDrive - Polytechnic University of the Philippines\\Documents\\WEB DEV AUTH\\Potatochips\\booking_management\\vendor\\laravel\\framework\\src\\Illuminate\\Container\\BoundMethod.php(35): Illuminate\\Container\\BoundMethod::callBoundMethod(Object(Illuminate\\Foundation\\Application), Array, Object(Closure))
#25 C:\\Users\\Carl\\OneDrive - Polytechnic University of the Philippines\\Documents\\WEB DEV AUTH\\Potatochips\\booking_management\\vendor\\laravel\\framework\\src\\Illuminate\\Container\\Container.php(662): Illuminate\\Container\\BoundMethod::call(Object(Illuminate\\Foundation\\Application), Array, Array, NULL)
#26 C:\\Users\\Carl\\OneDrive - Polytechnic University of the Philippines\\Documents\\WEB DEV AUTH\\Potatochips\\booking_management\\vendor\\laravel\\framework\\src\\Illuminate\\Console\\Command.php(208): Illuminate\\Container\\Container->call(Array)
#27 C:\\Users\\Carl\\OneDrive - Polytechnic University of the Philippines\\Documents\\WEB DEV AUTH\\Potatochips\\booking_management\\vendor\\symfony\\console\\Command\\Command.php(326): Illuminate\\Console\\Command->execute(Object(Symfony\\Component\\Console\\Input\\ArgvInput), Object(Illuminate\\Console\\OutputStyle))
#28 C:\\Users\\Carl\\OneDrive - Polytechnic University of the Philippines\\Documents\\WEB DEV AUTH\\Potatochips\\booking_management\\vendor\\laravel\\framework\\src\\Illuminate\\Console\\Command.php(177): Symfony\\Component\\Console\\Command\\Command->run(Object(Symfony\\Component\\Console\\Input\\ArgvInput), Object(Illuminate\\Console\\OutputStyle))
#29 C:\\Users\\Carl\\OneDrive - Polytechnic University of the Philippines\\Documents\\WEB DEV AUTH\\Potatochips\\booking_management\\vendor\\symfony\\console\\Application.php(1081): Illuminate\\Console\\Command->run(Object(Symfony\\Component\\Console\\Input\\ArgvInput), Object(Symfony\\Component\\Console\\Output\\ConsoleOutput))
#30 C:\\Users\\Carl\\OneDrive - Polytechnic University of the Philippines\\Documents\\WEB DEV AUTH\\Potatochips\\booking_management\\vendor\\symfony\\console\\Application.php(320): Symfony\\Component\\Console\\Application->doRunCommand(Object(Illuminate\\Database\\Console\\Migrations\\MigrateCommand), Object(Symfony\\Component\\Console\\Input\\ArgvInput), Object(Symfony\\Component\\Console\\Output\\ConsoleOutput))
#31 C:\\Users\\Carl\\OneDrive - Polytechnic University of the Philippines\\Documents\\WEB DEV AUTH\\Potatochips\\booking_management\\vendor\\symfony\\console\\Application.php(174): Symfony\\Component\\Console\\Application->doRun(Object(Symfony\\Component\\Console\\Input\\ArgvInput), Object(Symfony\\Component\\Console\\Output\\ConsoleOutput))
#32 C:\\Users\\Carl\\OneDrive - Polytechnic University of the Philippines\\Documents\\WEB DEV AUTH\\Potatochips\\booking_management\\vendor\\laravel\\framework\\src\\Illuminate\\Foundation\\Console\\Kernel.php(200): Symfony\\Component\\Console\\Application->run(Object(Symfony\\Component\\Console\\Input\\ArgvInput), Object(Symfony\\Component\\Console\\Output\\ConsoleOutput))
#33 C:\\Users\\Carl\\OneDrive - Polytechnic University of the Philippines\\Documents\\WEB DEV AUTH\\Potatochips\\booking_management\\artisan(35): Illuminate\\Foundation\\Console\\Kernel->handle(Object(Symfony\\Component\\Console\\Input\\ArgvInput), Object(Symfony\\Component\\Console\\Output\\ConsoleOutput))
#34 {main}

[previous exception] [object] (PDOException(code: 42000): SQLSTATE[42000]: [Microsoft][ODBC Driver 17 for SQL Server][SQL Server]Table 'guests' already has a primary key defined on it. at C:\\Users\\Carl\\OneDrive - Polytechnic University of the Philippines\\Documents\\WEB DEV AUTH\\Potatochips\\booking_management\\vendor\\laravel\\framework\\src\\Illuminate\\Database\\Connection.php:580)
[stacktrace]
#0 C:\\Users\\Carl\\OneDrive - Polytechnic University of the Philippines\\Documents\\WEB DEV AUTH\\Potatochips\\booking_management\\vendor\\laravel\\framework\\src\\Illuminate\\Database\\Connection.php(580): PDOStatement->execute()
#1 C:\\Users\\Carl\\OneDrive - Polytechnic University of the Philippines\\Documents\\WEB DEV AUTH\\Potatochips\\booking_management\\vendor\\laravel\\framework\\src\\Illuminate\\Database\\Connection.php(788): Illuminate\\Database\\Connection->Illuminate\\Database\\{closure}('alter table \"gu...', Array)
#2 C:\\Users\\Carl\\OneDrive - Polytechnic University of the Philippines\\Documents\\WEB DEV AUTH\\Potatochips\\booking_management\\vendor\\laravel\\framework\\src\\Illuminate\\Database\\Connection.php(755): Illuminate\\Database\\Connection->runQueryCallback('alter table \"gu...', Array, Object(Closure))
#3 C:\\Users\\Carl\\OneDrive - Polytechnic University of the Philippines\\Documents\\WEB DEV AUTH\\Potatochips\\booking_management\\vendor\\laravel\\framework\\src\\Illuminate\\Database\\Connection.php(569): Illuminate\\Database\\Connection->run('alter table \"gu...', Array, Object(Closure))
#4 C:\\Users\\Carl\\OneDrive - Polytechnic University of the Philippines\\Documents\\WEB DEV AUTH\\Potatochips\\booking_management\\vendor\\laravel\\framework\\src\\Illuminate\\Database\\Schema\\Blueprint.php(110): Illuminate\\Database\\Connection->statement('alter table \"gu...')
#5 C:\\Users\\Carl\\OneDrive - Polytechnic University of the Philippines\\Documents\\WEB DEV AUTH\\Potatochips\\booking_management\\vendor\\laravel\\framework\\src\\Illuminate\\Database\\Schema\\Builder.php(439): Illuminate\\Database\\Schema\\Blueprint->build(Object(Illuminate\\Database\\SqlServerConnection), Object(Illuminate\\Database\\Schema\\Grammars\\SqlServerGrammar))
#6 C:\\Users\\Carl\\OneDrive - Polytechnic University of the Philippines\\Documents\\WEB DEV AUTH\\Potatochips\\booking_management\\vendor\\laravel\\framework\\src\\Illuminate\\Database\\Schema\\Builder.php(281): Illuminate\\Database\\Schema\\Builder->build(Object(Illuminate\\Database\\Schema\\Blueprint))
#7 C:\\Users\\Carl\\OneDrive - Polytechnic University of the Philippines\\Documents\\WEB DEV AUTH\\Potatochips\\booking_management\\vendor\\laravel\\framework\\src\\Illuminate\\Support\\Facades\\Facade.php(353): Illuminate\\Database\\Schema\\Builder->create('guests', Object(Closure))
#8 C:\\Users\\Carl\\OneDrive - Polytechnic University of the Philippines\\Documents\\WEB DEV AUTH\\Potatochips\\booking_management\\database\\migrations\\2025_01_20_082122_create_guests_table.php(14): Illuminate\\Support\\Facades\\Facade::__callStatic('create', Array)
#9 C:\\Users\\Carl\\OneDrive - Polytechnic University of the Philippines\\Documents\\WEB DEV AUTH\\Potatochips\\booking_management\\vendor\\laravel\\framework\\src\\Illuminate\\Database\\Migrations\\Migrator.php(493): Illuminate\\Database\\Migrations\\Migration@anonymous->up()
#10 C:\\Users\\Carl\\OneDrive - Polytechnic University of the Philippines\\Documents\\WEB DEV AUTH\\Potatochips\\booking_management\\vendor\\laravel\\framework\\src\\Illuminate\\Database\\Migrations\\Migrator.php(410): Illuminate\\Database\\Migrations\\Migrator->runMethod(Object(Illuminate\\Database\\SqlServerConnection), Object(Illuminate\\Database\\Migrations\\Migration@anonymous), 'up')
#11 C:\\Users\\Carl\\OneDrive - Polytechnic University of the Philippines\\Documents\\WEB DEV AUTH\\Potatochips\\booking_management\\vendor\\laravel\\framework\\src\\Illuminate\\Database\\Concerns\\ManagesTransactions.php(30): Illuminate\\Database\\Migrations\\Migrator->Illuminate\\Database\\Migrations\\{closure}(Object(Illuminate\\Database\\SqlServerConnection))
#12 C:\\Users\\Carl\\OneDrive - Polytechnic University of the Philippines\\Documents\\WEB DEV AUTH\\Potatochips\\booking_management\\vendor\\laravel\\framework\\src\\Illuminate\\Database\\SqlServerConnection.php(30): Illuminate\\Database\\Connection->transaction(Object(Closure), 1)
#13 C:\\Users\\Carl\\OneDrive - Polytechnic University of the Philippines\\Documents\\WEB DEV AUTH\\Potatochips\\booking_management\\vendor\\laravel\\framework\\src\\Illuminate\\Database\\Migrations\\Migrator.php(418): Illuminate\\Database\\SqlServerConnection->transaction(Object(Closure))
#14 C:\\Users\\Carl\\OneDrive - Polytechnic University of the Philippines\\Documents\\WEB DEV AUTH\\Potatochips\\booking_management\\vendor\\laravel\\framework\\src\\Illuminate\\Database\\Migrations\\Migrator.php(216): Illuminate\\Database\\Migrations\\Migrator->runMigration(Object(Illuminate\\Database\\Migrations\\Migration@anonymous), 'up')
#15 C:\\Users\\Carl\\OneDrive - Polytechnic University of the Philippines\\Documents\\WEB DEV AUTH\\Potatochips\\booking_management\\vendor\\laravel\\framework\\src\\Illuminate\\Console\\View\\Components\\Task.php(37): Illuminate\\Database\\Migrations\\Migrator->Illuminate\\Database\\Migrations\\{closure}()
#16 C:\\Users\\Carl\\OneDrive - Polytechnic University of the Philippines\\Documents\\WEB DEV AUTH\\Potatochips\\booking_management\\vendor\\laravel\\framework\\src\\Illuminate\\Database\\Migrations\\Migrator.php(756): Illuminate\\Console\\View\\Components\\Task->render('2025_01_20_0821...', Object(Closure))
#17 C:\\Users\\Carl\\OneDrive - Polytechnic University of the Philippines\\Documents\\WEB DEV AUTH\\Potatochips\\booking_management\\vendor\\laravel\\framework\\src\\Illuminate\\Database\\Migrations\\Migrator.php(216): Illuminate\\Database\\Migrations\\Migrator->write('Illuminate\\\\Cons...', '2025_01_20_0821...', Object(Closure))
#18 C:\\Users\\Carl\\OneDrive - Polytechnic University of the Philippines\\Documents\\WEB DEV AUTH\\Potatochips\\booking_management\\vendor\\laravel\\framework\\src\\Illuminate\\Database\\Migrations\\Migrator.php(181): Illuminate\\Database\\Migrations\\Migrator->runUp('C:\\\\Users\\\\Carl\\\\O...', 2, false)
#19 C:\\Users\\Carl\\OneDrive - Polytechnic University of the Philippines\\Documents\\WEB DEV AUTH\\Potatochips\\booking_management\\vendor\\laravel\\framework\\src\\Illuminate\\Database\\Migrations\\Migrator.php(124): Illuminate\\Database\\Migrations\\Migrator->runPending(Array, Array)
#20 C:\\Users\\Carl\\OneDrive - Polytechnic University of the Philippines\\Documents\\WEB DEV AUTH\\Potatochips\\booking_management\\vendor\\laravel\\framework\\src\\Illuminate\\Database\\Console\\Migrations\\MigrateCommand.php(88): Illuminate\\Database\\Migrations\\Migrator->run(Array, Array)
#21 C:\\Users\\Carl\\OneDrive - Polytechnic University of the Philippines\\Documents\\WEB DEV AUTH\\Potatochips\\booking_management\\vendor\\laravel\\framework\\src\\Illuminate\\Database\\Migrations\\Migrator.php(633): Illuminate\\Database\\Console\\Migrations\\MigrateCommand->Illuminate\\Database\\Console\\Migrations\\{closure}()
#22 C:\\Users\\Carl\\OneDrive - Polytechnic University of the Philippines\\Documents\\WEB DEV AUTH\\Potatochips\\booking_management\\vendor\\laravel\\framework\\src\\Illuminate\\Database\\Console\\Migrations\\MigrateCommand.php(81): Illuminate\\Database\\Migrations\\Migrator->usingConnection(NULL, Object(Closure))
#23 C:\\Users\\Carl\\OneDrive - Polytechnic University of the Philippines\\Documents\\WEB DEV AUTH\\Potatochips\\booking_management\\vendor\\laravel\\framework\\src\\Illuminate\\Container\\BoundMethod.php(36): Illuminate\\Database\\Console\\Migrations\\MigrateCommand->handle()
#24 C:\\Users\\Carl\\OneDrive - Polytechnic University of the Philippines\\Documents\\WEB DEV AUTH\\Potatochips\\booking_management\\vendor\\laravel\\framework\\src\\Illuminate\\Container\\Util.php(41): Illuminate\\Container\\BoundMethod::Illuminate\\Container\\{closure}()
#25 C:\\Users\\Carl\\OneDrive - Polytechnic University of the Philippines\\Documents\\WEB DEV AUTH\\Potatochips\\booking_management\\vendor\\laravel\\framework\\src\\Illuminate\\Container\\BoundMethod.php(93): Illuminate\\Container\\Util::unwrapIfClosure(Object(Closure))
#26 C:\\Users\\Carl\\OneDrive - Polytechnic University of the Philippines\\Documents\\WEB DEV AUTH\\Potatochips\\booking_management\\vendor\\laravel\\framework\\src\\Illuminate\\Container\\BoundMethod.php(35): Illuminate\\Container\\BoundMethod::callBoundMethod(Object(Illuminate\\Foundation\\Application), Array, Object(Closure))
#27 C:\\Users\\Carl\\OneDrive - Polytechnic University of the Philippines\\Documents\\WEB DEV AUTH\\Potatochips\\booking_management\\vendor\\laravel\\framework\\src\\Illuminate\\Container\\Container.php(662): Illuminate\\Container\\BoundMethod::call(Object(Illuminate\\Foundation\\Application), Array, Array, NULL)
#28 C:\\Users\\Carl\\OneDrive - Polytechnic University of the Philippines\\Documents\\WEB DEV AUTH\\Potatochips\\booking_management\\vendor\\laravel\\framework\\src\\Illuminate\\Console\\Command.php(208): Illuminate\\Container\\Container->call(Array)
#29 C:\\Users\\Carl\\OneDrive - Polytechnic University of the Philippines\\Documents\\WEB DEV AUTH\\Potatochips\\booking_management\\vendor\\symfony\\console\\Command\\Command.php(326): Illuminate\\Console\\Command->execute(Object(Symfony\\Component\\Console\\Input\\ArgvInput), Object(Illuminate\\Console\\OutputStyle))
#30 C:\\Users\\Carl\\OneDrive - Polytechnic University of the Philippines\\Documents\\WEB DEV AUTH\\Potatochips\\booking_management\\vendor\\laravel\\framework\\src\\Illuminate\\Console\\Command.php(177): Symfony\\Component\\Console\\Command\\Command->run(Object(Symfony\\Component\\Console\\Input\\ArgvInput), Object(Illuminate\\Console\\OutputStyle))
#31 C:\\Users\\Carl\\OneDrive - Polytechnic University of the Philippines\\Documents\\WEB DEV AUTH\\Potatochips\\booking_management\\vendor\\symfony\\console\\Application.php(1081): Illuminate\\Console\\Command->run(Object(Symfony\\Component\\Console\\Input\\ArgvInput), Object(Symfony\\Component\\Console\\Output\\ConsoleOutput))
#32 C:\\Users\\Carl\\OneDrive - Polytechnic University of the Philippines\\Documents\\WEB DEV AUTH\\Potatochips\\booking_management\\vendor\\symfony\\console\\Application.php(320): Symfony\\Component\\Console\\Application->doRunCommand(Object(Illuminate\\Database\\Console\\Migrations\\MigrateCommand), Object(Symfony\\Component\\Console\\Input\\ArgvInput), Object(Symfony\\Component\\Console\\Output\\ConsoleOutput))
#33 C:\\Users\\Carl\\OneDrive - Polytechnic University of the Philippines\\Documents\\WEB DEV AUTH\\Potatochips\\booking_management\\vendor\\symfony\\console\\Application.php(174): Symfony\\Component\\Console\\Application->doRun(Object(Symfony\\Component\\Console\\Input\\ArgvInput), Object(Symfony\\Component\\Console\\Output\\ConsoleOutput))
#34 C:\\Users\\Carl\\OneDrive - Polytechnic University of the Philippines\\Documents\\WEB DEV AUTH\\Potatochips\\booking_management\\vendor\\laravel\\framework\\src\\Illuminate\\Foundation\\Console\\Kernel.php(200): Symfony\\Component\\Console\\Application->run(Object(Symfony\\Component\\Console\\Input\\ArgvInput), Object(Symfony\\Component\\Console\\Output\\ConsoleOutput))
#35 C:\\Users\\Carl\\OneDrive - Polytechnic University of the Philippines\\Documents\\WEB DEV AUTH\\Potatochips\\booking_management\\artisan(35): Illuminate\\Foundation\\Console\\Kernel->handle(Object(Symfony\\Component\\Console\\Input\\ArgvInput), Object(Symfony\\Component\\Console\\Output\\ConsoleOutput))
#36 {main}
"} 
[2025-01-29 01:08:56] local.ERROR: There are no commands defined in the "migrae" namespace.

Did you mean this?
    migrate {"exception":"[object] (Symfony\\Component\\Console\\Exception\\NamespaceNotFoundException(code: 0): There are no commands defined in the \"migrae\" namespace.

Did you mean this?
    migrate at C:\\Users\\Carl\\OneDrive - Polytechnic University of the Philippines\\Documents\\WEB DEV AUTH\\Potatochips\\booking_management\\vendor\\symfony\\console\\Application.php:657)
[stacktrace]
#0 C:\\Users\\Carl\\OneDrive - Polytechnic University of the Philippines\\Documents\\WEB DEV AUTH\\Potatochips\\booking_management\\vendor\\symfony\\console\\Application.php(708): Symfony\\Component\\Console\\Application->findNamespace('migrae')
#1 C:\\Users\\Carl\\OneDrive - Polytechnic University of the Philippines\\Documents\\WEB DEV AUTH\\Potatochips\\booking_management\\vendor\\symfony\\console\\Application.php(262): Symfony\\Component\\Console\\Application->find('migrae:rollback')
#2 C:\\Users\\Carl\\OneDrive - Polytechnic University of the Philippines\\Documents\\WEB DEV AUTH\\Potatochips\\booking_management\\vendor\\symfony\\console\\Application.php(174): Symfony\\Component\\Console\\Application->doRun(Object(Symfony\\Component\\Console\\Input\\ArgvInput), Object(Symfony\\Component\\Console\\Output\\ConsoleOutput))
#3 C:\\Users\\Carl\\OneDrive - Polytechnic University of the Philippines\\Documents\\WEB DEV AUTH\\Potatochips\\booking_management\\vendor\\laravel\\framework\\src\\Illuminate\\Foundation\\Console\\Kernel.php(200): Symfony\\Component\\Console\\Application->run(Object(Symfony\\Component\\Console\\Input\\ArgvInput), Object(Symfony\\Component\\Console\\Output\\ConsoleOutput))
#4 C:\\Users\\Carl\\OneDrive - Polytechnic University of the Philippines\\Documents\\WEB DEV AUTH\\Potatochips\\booking_management\\artisan(35): Illuminate\\Foundation\\Console\\Kernel->handle(Object(Symfony\\Component\\Console\\Input\\ArgvInput), Object(Symfony\\Component\\Console\\Output\\ConsoleOutput))
#5 {main}
"} 
[2025-01-29 01:11:26] local.INFO: Incoming Booking Data:  
[2025-01-29 01:11:26] local.INFO: Incoming Booking Data: {"checkInDate":"2025-01-30","checkOutDate":"2025-01-31","adults":"1","children":"0","bookings":[{"id":"6","name":"Kubo with room","price":"1800","details":"A cozy kubo with a room, perfect for small families or groups."}],"totalPrice":1800,"guestInfo":{"firstName":"Carl","lastName":"Bergado","gender":"male","birthdate":"2003-05-05","email":"carlbergado67.5@gmail.com","phone":"9205357783","address":"Nuvista San Jose","specialRequests":null}} 
[2025-01-29 01:11:26] local.INFO: Validated Data: {"totalPrice":1800,"checkInDate":"2025-01-30","checkOutDate":"2025-01-31","adults":"1","children":"0","guestInfo":{"firstName":"Carl","lastName":"Bergado","gender":"male","birthdate":"2003-05-05","email":"carlbergado67.5@gmail.com","phone":"9205357783","address":"Nuvista San Jose","specialRequests":null},"bookings":[{"id":"6","name":"Kubo with room","price":"1800","details":"A cozy kubo with a room, perfect for small families or groups."}]} 
[2025-01-29 01:11:26] local.INFO: PayMongo Request Data: {"data":{"attributes":{"line_items":[{"currency":"PHP","amount":180000,"description":"A cozy kubo with a room, perfect for small families or groups.","name":"Kubo with room","quantity":1}],"payment_method_types":["card","gcash","paymaya","grab_pay","dob","dob_ubp","brankas_bdo","brankas_landbank","brankas_metrobank"],"success_url":"http://localhost:8000/success","cancel_url":"http://localhost:8000/cancel","description":"Online Booking"}}} 
[2025-01-29 01:11:26] local.INFO: PayMongo API Response: {"data":{"id":"cs_uqDQeA6yNNcpyva977CjUaUD","type":"checkout_session","attributes":{"billing":{"address":{"city":null,"country":null,"line1":null,"line2":null,"postal_code":null,"state":null},"email":null,"name":null,"phone":null},"billing_information_fields_editable":"enabled","cancel_url":"http://localhost:8000/cancel","checkout_url":"https://checkout.paymongo.com/cs_uqDQeA6yNNcpyva977CjUaUD_client_p6Ry5Pj8cMXjiAnVFkDJjAgE#cGtfdGVzdF9KUVhlR25UcTlMOVcyOEVwNUtrdjRTZkw=","client_key":"cs_uqDQeA6yNNcpyva977CjUaUD_client_p6Ry5Pj8cMXjiAnVFkDJjAgE","customer_email":null,"description":"Online Booking","line_items":[{"amount":180000,"currency":"PHP","description":"A cozy kubo with a room, perfect for small families or groups.","images":[],"name":"Kubo with room","quantity":1}],"livemode":false,"merchant":"Hacienda JenSen Farm Resort","payments":[],"payment_intent":{"id":"pi_dMBkppbwNd96mkVByLjBPqih","type":"payment_intent","attributes":{"amount":180000,"capture_type":"automatic","client_key":"pi_dMBkppbwNd96mkVByLjBPqih_client_X1NQMqy5WPw7YSNwzp6cYSmJ","currency":"PHP","description":"Online Booking","livemode":false,"original_amount":180000,"statement_descriptor":"Hacienda JenSen Farm Resort","status":"awaiting_payment_method","last_payment_error":null,"payment_method_allowed":["paymaya","dob","brankas","gcash","card","grab_pay"],"payments":[],"next_action":null,"payment_method_options":{"card":{"request_three_d_secure":"any"}},"metadata":null,"setup_future_usage":null,"created_at":1738113086,"updated_at":1738113086}},"payment_method_types":["dob","gcash","brankas_metrobank","dob_ubp","grab_pay","brankas_bdo","card","paymaya","brankas_landbank"],"reference_number":null,"send_email_receipt":false,"show_description":true,"show_line_items":true,"status":"active","success_url":"http://localhost:8000/success","created_at":1738113086,"updated_at":1738113086,"metadata":null}}} 
[2025-01-29 01:11:42] local.INFO: PayMongo Success Response: {"data":{"id":"cs_uqDQeA6yNNcpyva977CjUaUD","type":"checkout_session","attributes":{"billing":{"address":{"city":null,"country":null,"line1":null,"line2":null,"postal_code":null,"state":null},"email":null,"name":null,"phone":null},"billing_information_fields_editable":"enabled","cancel_url":"http://localhost:8000/cancel","checkout_url":"https://checkout.paymongo.com/cs_uqDQeA6yNNcpyva977CjUaUD_client_p6Ry5Pj8cMXjiAnVFkDJjAgE#cGtfdGVzdF9KUVhlR25UcTlMOVcyOEVwNUtrdjRTZkw=","client_key":"cs_uqDQeA6yNNcpyva977CjUaUD_client_p6Ry5Pj8cMXjiAnVFkDJjAgE","customer_email":null,"description":"Online Booking","line_items":[{"amount":180000,"currency":"PHP","description":"A cozy kubo with a room, perfect for small families or groups.","images":[],"name":"Kubo with room","quantity":1}],"livemode":false,"merchant":"Hacienda JenSen Farm Resort","origin":null,"paid_at":1738113097,"payments":[{"id":"pay_6VWZNCaxpyr3J9vP47pGzsJE","type":"payment","attributes":{"access_url":null,"amount":180000,"balance_transaction_id":"bal_txn_gUi7wNUQLyaf4EUSpbuxsSWE","billing":{"address":{"city":"","country":"","line1":"","line2":"","postal_code":"","state":""},"email":"carlbergado67.5@gmail.com","name":"Chirs","phone":"9205357783"},"currency":"PHP","description":"Online Booking","disputed":false,"external_reference_number":null,"fee":4500,"instant_settlement":null,"livemode":false,"net_amount":175500,"origin":"api","payment_intent_id":"pi_dMBkppbwNd96mkVByLjBPqih","payout":null,"source":{"id":"src_6tkBALc6rxTggsjfgWr6j1EQ","type":"gcash"},"statement_descriptor":"Hacienda JenSen Farm Resort","status":"paid","tax_amount":null,"metadata":null,"promotion":null,"refunds":[],"taxes":[],"available_at":1738573200,"created_at":1738113097,"credited_at":1738746000,"paid_at":1738113097,"updated_at":1738113097}}],"payment_intent":{"id":"pi_dMBkppbwNd96mkVByLjBPqih","type":"payment_intent","attributes":{"amount":180000,"capture_type":"automatic","client_key":"pi_dMBkppbwNd96mkVByLjBPqih_client_X1NQMqy5WPw7YSNwzp6cYSmJ","currency":"PHP","description":"Online Booking","livemode":false,"original_amount":180000,"statement_descriptor":"Hacienda JenSen Farm Resort","status":"succeeded","last_payment_error":null,"payment_method_allowed":["paymaya","dob","brankas","gcash","card","grab_pay"],"payments":[{"id":"pay_6VWZNCaxpyr3J9vP47pGzsJE","type":"payment","attributes":{"access_url":null,"amount":180000,"balance_transaction_id":"bal_txn_gUi7wNUQLyaf4EUSpbuxsSWE","billing":{"address":"Over 9 levels deep, aborting normalization","email":"Over 9 levels deep, aborting normalization","name":"Over 9 levels deep, aborting normalization","phone":"Over 9 levels deep, aborting normalization"},"currency":"PHP","description":"Online Booking","disputed":false,"external_reference_number":null,"fee":4500,"instant_settlement":null,"livemode":false,"net_amount":175500,"origin":"api","payment_intent_id":"pi_dMBkppbwNd96mkVByLjBPqih","payout":null,"source":{"id":"Over 9 levels deep, aborting normalization","type":"Over 9 levels deep, aborting normalization"},"statement_descriptor":"Hacienda JenSen Farm Resort","status":"paid","tax_amount":null,"metadata":null,"promotion":null,"refunds":[],"taxes":[],"available_at":1738573200,"created_at":1738113097,"credited_at":1738746000,"paid_at":1738113097,"updated_at":1738113097}}],"next_action":null,"payment_method_options":{"card":{"request_three_d_secure":"any"}},"metadata":null,"setup_future_usage":null,"created_at":1738113086,"updated_at":1738113097}},"payment_method_types":["dob","gcash","brankas_metrobank","dob_ubp","grab_pay","brankas_bdo","card","paymaya","brankas_landbank"],"payment_method_used":"gcash","reference_number":null,"send_email_receipt":false,"show_description":true,"show_line_items":true,"status":"active","success_url":"http://localhost:8000/success","created_at":1738113086,"updated_at":1738113086,"metadata":null}}} 
[2025-01-29 01:11:42] local.INFO: Payment Status: {"status":"paid"} 
[2025-01-29 01:11:42] local.INFO: Guest Info: {"firstName":"Carl","lastName":"Bergado","gender":"male","birthdate":"2003-05-05","email":"carlbergado67.5@gmail.com","phone":"9205357783","address":"Nuvista San Jose","specialRequests":null} 
[2025-01-29 01:11:42] local.INFO: Guest Created: {"id":null,"email":"carlbergado67.5@gmail.com"} 
[2025-01-29 01:11:42] local.ERROR: PayMongo Success Error: {"error":"SQLSTATE[23000]: [Microsoft][ODBC Driver 17 for SQL Server][SQL Server]Cannot insert the value NULL into column 'guest_id', table 'PHP_Testing.dbo.bookings'; column does not allow nulls. INSERT fails. (Connection: sqlsrv, SQL: insert into [bookings] ([guest_id], [check_in_date], [check_out_date], [updated_at], [created_at]) values (?, 2025-01-30, 2025-01-31, 2025-01-29 01:11:42.066, 2025-01-29 01:11:42.066))"} 
[2025-01-29 01:20:47] local.INFO: Incoming Booking Data:  
[2025-01-29 01:20:48] local.INFO: Incoming Booking Data: {"checkInDate":"2025-01-30","checkOutDate":"2025-01-31","adults":"1","children":"0","bookings":[{"id":"6","name":"Kubo with room","price":"1800","details":"A cozy kubo with a room, perfect for small families or groups."}],"totalPrice":1800,"guestInfo":{"firstName":"Aldrey","lastName":"Daulo","gender":"male","birthdate":"2003-01-30","email":"carlbergado67.5@gmail.com","phone":"9205357783","address":"Nuvista San Jose","specialRequests":null}} 
[2025-01-29 01:20:48] local.INFO: Validated Data: {"totalPrice":1800,"checkInDate":"2025-01-30","checkOutDate":"2025-01-31","adults":"1","children":"0","guestInfo":{"firstName":"Aldrey","lastName":"Daulo","gender":"male","birthdate":"2003-01-30","email":"carlbergado67.5@gmail.com","phone":"9205357783","address":"Nuvista San Jose","specialRequests":null},"bookings":[{"id":"6","name":"Kubo with room","price":"1800","details":"A cozy kubo with a room, perfect for small families or groups."}]} 
[2025-01-29 01:20:48] local.INFO: PayMongo Request Data: {"data":{"attributes":{"line_items":[{"currency":"PHP","amount":180000,"description":"A cozy kubo with a room, perfect for small families or groups.","name":"Kubo with room","quantity":1}],"payment_method_types":["card","gcash","paymaya","grab_pay","dob","dob_ubp","brankas_bdo","brankas_landbank","brankas_metrobank"],"success_url":"http://localhost:8000/success","cancel_url":"http://localhost:8000/cancel","description":"Online Booking"}}} 
[2025-01-29 01:20:49] local.INFO: PayMongo API Response: {"data":{"id":"cs_wHhUFCSZK5UMmAz4dBadmcHk","type":"checkout_session","attributes":{"billing":{"address":{"city":null,"country":null,"line1":null,"line2":null,"postal_code":null,"state":null},"email":null,"name":null,"phone":null},"billing_information_fields_editable":"enabled","cancel_url":"http://localhost:8000/cancel","checkout_url":"https://checkout.paymongo.com/cs_wHhUFCSZK5UMmAz4dBadmcHk_client_gKNeXy1BgntASTPWZpC6gDKo#cGtfdGVzdF9KUVhlR25UcTlMOVcyOEVwNUtrdjRTZkw=","client_key":"cs_wHhUFCSZK5UMmAz4dBadmcHk_client_gKNeXy1BgntASTPWZpC6gDKo","customer_email":null,"description":"Online Booking","line_items":[{"amount":180000,"currency":"PHP","description":"A cozy kubo with a room, perfect for small families or groups.","images":[],"name":"Kubo with room","quantity":1}],"livemode":false,"merchant":"Hacienda JenSen Farm Resort","payments":[],"payment_intent":{"id":"pi_FBDw3wy1jSUgQxFLmemC4S5x","type":"payment_intent","attributes":{"amount":180000,"capture_type":"automatic","client_key":"pi_FBDw3wy1jSUgQxFLmemC4S5x_client_fDHqEJdQtJxyYymrWRQNCSzN","currency":"PHP","description":"Online Booking","livemode":false,"original_amount":180000,"statement_descriptor":"Hacienda JenSen Farm Resort","status":"awaiting_payment_method","last_payment_error":null,"payment_method_allowed":["grab_pay","gcash","dob","brankas","paymaya","card"],"payments":[],"next_action":null,"payment_method_options":{"card":{"request_three_d_secure":"any"}},"metadata":null,"setup_future_usage":null,"created_at":1738113648,"updated_at":1738113648}},"payment_method_types":["brankas_metrobank","dob","brankas_bdo","brankas_landbank","card","paymaya","grab_pay","gcash","dob_ubp"],"reference_number":null,"send_email_receipt":false,"show_description":true,"show_line_items":true,"status":"active","success_url":"http://localhost:8000/success","created_at":1738113648,"updated_at":1738113648,"metadata":null}}} 
[2025-01-29 01:21:05] local.INFO: PayMongo Success Response: {"data":{"id":"cs_wHhUFCSZK5UMmAz4dBadmcHk","type":"checkout_session","attributes":{"billing":{"address":{"city":null,"country":null,"line1":null,"line2":null,"postal_code":null,"state":null},"email":null,"name":null,"phone":null},"billing_information_fields_editable":"enabled","cancel_url":"http://localhost:8000/cancel","checkout_url":"https://checkout.paymongo.com/cs_wHhUFCSZK5UMmAz4dBadmcHk_client_gKNeXy1BgntASTPWZpC6gDKo#cGtfdGVzdF9KUVhlR25UcTlMOVcyOEVwNUtrdjRTZkw=","client_key":"cs_wHhUFCSZK5UMmAz4dBadmcHk_client_gKNeXy1BgntASTPWZpC6gDKo","customer_email":null,"description":"Online Booking","line_items":[{"amount":180000,"currency":"PHP","description":"A cozy kubo with a room, perfect for small families or groups.","images":[],"name":"Kubo with room","quantity":1}],"livemode":false,"merchant":"Hacienda JenSen Farm Resort","origin":null,"paid_at":1738113661,"payments":[{"id":"pay_8XrMcANFx3BBYpY46PvpoWXZ","type":"payment","attributes":{"access_url":null,"amount":180000,"balance_transaction_id":"bal_txn_W9zq8Jtfv8T3QvkokTueicPR","billing":{"address":{"city":"","country":"","line1":"","line2":"","postal_code":"","state":""},"email":"carlbergado67.5@gmail.com","name":"Chirs","phone":"9205357783"},"currency":"PHP","description":"Online Booking","disputed":false,"external_reference_number":null,"fee":4500,"instant_settlement":null,"livemode":false,"net_amount":175500,"origin":"api","payment_intent_id":"pi_FBDw3wy1jSUgQxFLmemC4S5x","payout":null,"source":{"id":"src_MuJNswjBc74yUirtypaPz5P2","type":"gcash"},"statement_descriptor":"Hacienda JenSen Farm Resort","status":"paid","tax_amount":null,"metadata":null,"promotion":null,"refunds":[],"taxes":[],"available_at":1738573200,"created_at":1738113661,"credited_at":1738746000,"paid_at":1738113661,"updated_at":1738113661}}],"payment_intent":{"id":"pi_FBDw3wy1jSUgQxFLmemC4S5x","type":"payment_intent","attributes":{"amount":180000,"capture_type":"automatic","client_key":"pi_FBDw3wy1jSUgQxFLmemC4S5x_client_fDHqEJdQtJxyYymrWRQNCSzN","currency":"PHP","description":"Online Booking","livemode":false,"original_amount":180000,"statement_descriptor":"Hacienda JenSen Farm Resort","status":"succeeded","last_payment_error":null,"payment_method_allowed":["grab_pay","gcash","dob","brankas","paymaya","card"],"payments":[{"id":"pay_8XrMcANFx3BBYpY46PvpoWXZ","type":"payment","attributes":{"access_url":null,"amount":180000,"balance_transaction_id":"bal_txn_W9zq8Jtfv8T3QvkokTueicPR","billing":{"address":"Over 9 levels deep, aborting normalization","email":"Over 9 levels deep, aborting normalization","name":"Over 9 levels deep, aborting normalization","phone":"Over 9 levels deep, aborting normalization"},"currency":"PHP","description":"Online Booking","disputed":false,"external_reference_number":null,"fee":4500,"instant_settlement":null,"livemode":false,"net_amount":175500,"origin":"api","payment_intent_id":"pi_FBDw3wy1jSUgQxFLmemC4S5x","payout":null,"source":{"id":"Over 9 levels deep, aborting normalization","type":"Over 9 levels deep, aborting normalization"},"statement_descriptor":"Hacienda JenSen Farm Resort","status":"paid","tax_amount":null,"metadata":null,"promotion":null,"refunds":[],"taxes":[],"available_at":1738573200,"created_at":1738113661,"credited_at":1738746000,"paid_at":1738113661,"updated_at":1738113661}}],"next_action":null,"payment_method_options":{"card":{"request_three_d_secure":"any"}},"metadata":null,"setup_future_usage":null,"created_at":1738113648,"updated_at":1738113661}},"payment_method_types":["brankas_metrobank","dob","brankas_bdo","brankas_landbank","card","paymaya","grab_pay","gcash","dob_ubp"],"payment_method_used":"gcash","reference_number":null,"send_email_receipt":false,"show_description":true,"show_line_items":true,"status":"active","success_url":"http://localhost:8000/success","created_at":1738113648,"updated_at":1738113648,"metadata":null}}} 
[2025-01-29 01:21:05] local.INFO: Payment Status: {"status":"paid"} 
[2025-01-29 01:21:05] local.INFO: Guest Info: {"firstName":"Aldrey","lastName":"Daulo","gender":"male","birthdate":"2003-01-30","email":"carlbergado67.5@gmail.com","phone":"9205357783","address":"Nuvista San Jose","specialRequests":null} 
[2025-01-29 01:21:05] local.INFO: Guest ID: {"guest_id":null} 
[2025-01-29 01:21:05] local.ERROR: Transaction Error: {"error":"SQLSTATE[23000]: [Microsoft][ODBC Driver 17 for SQL Server][SQL Server]Cannot insert the value NULL into column 'guest_id', table 'PHP_Testing.dbo.bookings'; column does not allow nulls. INSERT fails. (Connection: sqlsrv, SQL: insert into [bookings] ([guest_id], [check_in_date], [check_out_date], [updated_at], [created_at]) values (?, 2025-01-30, 2025-01-31, 2025-01-29 01:21:05.719, 2025-01-29 01:21:05.719))"} 
[2025-01-29 01:25:49] local.INFO: Incoming Booking Data:  
[2025-01-29 01:25:49] local.INFO: Incoming Booking Data: {"checkInDate":"2025-01-31","checkOutDate":"2025-02-01","adults":"1","children":"0","bookings":[{"id":"6","name":"Kubo with room","price":"1800","details":"A cozy kubo with a room, perfect for small families or groups."}],"totalPrice":1800,"guestInfo":{"firstName":"Christelle","lastName":"Bergado","gender":"male","birthdate":"2003-01-22","email":"carlbergado67.5@gmail.com","phone":"9205357783","address":"Nuvista San Jose","specialRequests":null}} 
[2025-01-29 01:25:49] local.INFO: Validated Data: {"totalPrice":1800,"checkInDate":"2025-01-31","checkOutDate":"2025-02-01","adults":"1","children":"0","guestInfo":{"firstName":"Christelle","lastName":"Bergado","gender":"male","birthdate":"2003-01-22","email":"carlbergado67.5@gmail.com","phone":"9205357783","address":"Nuvista San Jose","specialRequests":null},"bookings":[{"id":"6","name":"Kubo with room","price":"1800","details":"A cozy kubo with a room, perfect for small families or groups."}]} 
[2025-01-29 01:25:49] local.INFO: PayMongo Request Data: {"data":{"attributes":{"line_items":[{"currency":"PHP","amount":180000,"description":"A cozy kubo with a room, perfect for small families or groups.","name":"Kubo with room","quantity":1}],"payment_method_types":["card","gcash","paymaya","grab_pay","dob","dob_ubp","brankas_bdo","brankas_landbank","brankas_metrobank"],"success_url":"http://localhost:8000/success","cancel_url":"http://localhost:8000/cancel","description":"Online Booking"}}} 
[2025-01-29 01:25:50] local.INFO: PayMongo API Response: {"data":{"id":"cs_ZXCW3i7YXJXLvosVC1LBNS5M","type":"checkout_session","attributes":{"billing":{"address":{"city":null,"country":null,"line1":null,"line2":null,"postal_code":null,"state":null},"email":null,"name":null,"phone":null},"billing_information_fields_editable":"enabled","cancel_url":"http://localhost:8000/cancel","checkout_url":"https://checkout.paymongo.com/cs_ZXCW3i7YXJXLvosVC1LBNS5M_client_2wDHgJg1tRSfhLzykWaeqckh#cGtfdGVzdF9KUVhlR25UcTlMOVcyOEVwNUtrdjRTZkw=","client_key":"cs_ZXCW3i7YXJXLvosVC1LBNS5M_client_2wDHgJg1tRSfhLzykWaeqckh","customer_email":null,"description":"Online Booking","line_items":[{"amount":180000,"currency":"PHP","description":"A cozy kubo with a room, perfect for small families or groups.","images":[],"name":"Kubo with room","quantity":1}],"livemode":false,"merchant":"Hacienda JenSen Farm Resort","payments":[],"payment_intent":{"id":"pi_DuATCzqdKRh6fV4zkq9GsRe7","type":"payment_intent","attributes":{"amount":180000,"capture_type":"automatic","client_key":"pi_DuATCzqdKRh6fV4zkq9GsRe7_client_ruCFZbi8U1EFWA3YnF84WVhq","currency":"PHP","description":"Online Booking","livemode":false,"original_amount":180000,"statement_descriptor":"Hacienda JenSen Farm Resort","status":"awaiting_payment_method","last_payment_error":null,"payment_method_allowed":["brankas","grab_pay","dob","card","gcash","paymaya"],"payments":[],"next_action":null,"payment_method_options":{"card":{"request_three_d_secure":"any"}},"metadata":null,"setup_future_usage":null,"created_at":1738113949,"updated_at":1738113949}},"payment_method_types":["grab_pay","dob","brankas_metrobank","dob_ubp","brankas_bdo","brankas_landbank","paymaya","gcash","card"],"reference_number":null,"send_email_receipt":false,"show_description":true,"show_line_items":true,"status":"active","success_url":"http://localhost:8000/success","created_at":1738113949,"updated_at":1738113949,"metadata":null}}} 
[2025-01-29 01:26:02] local.INFO: Incoming Booking Data:  
[2025-01-29 01:26:02] local.INFO: Incoming Booking Data: {"checkInDate":"2025-01-31","checkOutDate":"2025-02-01","adults":"1","children":"0","bookings":[{"id":"6","name":"Kubo with room","price":"1800","details":"A cozy kubo with a room, perfect for small families or groups."}],"totalPrice":1800,"guestInfo":{"firstName":"Christelle","lastName":"Bergado","gender":"male","birthdate":"2003-01-22","email":"carlbergado67.7@gmail.com","phone":"9205357783","address":"Nuvista San Jose","specialRequests":null}} 
[2025-01-29 01:26:02] local.INFO: Validated Data: {"totalPrice":1800,"checkInDate":"2025-01-31","checkOutDate":"2025-02-01","adults":"1","children":"0","guestInfo":{"firstName":"Christelle","lastName":"Bergado","gender":"male","birthdate":"2003-01-22","email":"carlbergado67.7@gmail.com","phone":"9205357783","address":"Nuvista San Jose","specialRequests":null},"bookings":[{"id":"6","name":"Kubo with room","price":"1800","details":"A cozy kubo with a room, perfect for small families or groups."}]} 
[2025-01-29 01:26:02] local.INFO: PayMongo Request Data: {"data":{"attributes":{"line_items":[{"currency":"PHP","amount":180000,"description":"A cozy kubo with a room, perfect for small families or groups.","name":"Kubo with room","quantity":1}],"payment_method_types":["card","gcash","paymaya","grab_pay","dob","dob_ubp","brankas_bdo","brankas_landbank","brankas_metrobank"],"success_url":"http://localhost:8000/success","cancel_url":"http://localhost:8000/cancel","description":"Online Booking"}}} 
[2025-01-29 01:26:03] local.INFO: PayMongo API Response: {"data":{"id":"cs_ZcVCWPz9Mcb3ZKVnsWXtS2kc","type":"checkout_session","attributes":{"billing":{"address":{"city":null,"country":null,"line1":null,"line2":null,"postal_code":null,"state":null},"email":null,"name":null,"phone":null},"billing_information_fields_editable":"enabled","cancel_url":"http://localhost:8000/cancel","checkout_url":"https://checkout.paymongo.com/cs_ZcVCWPz9Mcb3ZKVnsWXtS2kc_client_o6PLqvC6WE3xbSrC6Rzkk8td#cGtfdGVzdF9KUVhlR25UcTlMOVcyOEVwNUtrdjRTZkw=","client_key":"cs_ZcVCWPz9Mcb3ZKVnsWXtS2kc_client_o6PLqvC6WE3xbSrC6Rzkk8td","customer_email":null,"description":"Online Booking","line_items":[{"amount":180000,"currency":"PHP","description":"A cozy kubo with a room, perfect for small families or groups.","images":[],"name":"Kubo with room","quantity":1}],"livemode":false,"merchant":"Hacienda JenSen Farm Resort","payments":[],"payment_intent":{"id":"pi_cYpjk8xuXC7qdRUqppXVbgTD","type":"payment_intent","attributes":{"amount":180000,"capture_type":"automatic","client_key":"pi_cYpjk8xuXC7qdRUqppXVbgTD_client_3py8GZS1JPiBmEcH7E8A2QE9","currency":"PHP","description":"Online Booking","livemode":false,"original_amount":180000,"statement_descriptor":"Hacienda JenSen Farm Resort","status":"awaiting_payment_method","last_payment_error":null,"payment_method_allowed":["dob","grab_pay","paymaya","brankas","gcash","card"],"payments":[],"next_action":null,"payment_method_options":{"card":{"request_three_d_secure":"any"}},"metadata":null,"setup_future_usage":null,"created_at":1738113962,"updated_at":1738113962}},"payment_method_types":["dob","gcash","brankas_landbank","grab_pay","paymaya","brankas_metrobank","dob_ubp","brankas_bdo","card"],"reference_number":null,"send_email_receipt":false,"show_description":true,"show_line_items":true,"status":"active","success_url":"http://localhost:8000/success","created_at":1738113962,"updated_at":1738113962,"metadata":null}}} 
[2025-01-29 01:26:19] local.INFO: PayMongo Success Response: {"data":{"id":"cs_ZcVCWPz9Mcb3ZKVnsWXtS2kc","type":"checkout_session","attributes":{"billing":{"address":{"city":null,"country":null,"line1":null,"line2":null,"postal_code":null,"state":null},"email":null,"name":null,"phone":null},"billing_information_fields_editable":"enabled","cancel_url":"http://localhost:8000/cancel","checkout_url":"https://checkout.paymongo.com/cs_ZcVCWPz9Mcb3ZKVnsWXtS2kc_client_o6PLqvC6WE3xbSrC6Rzkk8td#cGtfdGVzdF9KUVhlR25UcTlMOVcyOEVwNUtrdjRTZkw=","client_key":"cs_ZcVCWPz9Mcb3ZKVnsWXtS2kc_client_o6PLqvC6WE3xbSrC6Rzkk8td","customer_email":null,"description":"Online Booking","line_items":[{"amount":180000,"currency":"PHP","description":"A cozy kubo with a room, perfect for small families or groups.","images":[],"name":"Kubo with room","quantity":1}],"livemode":false,"merchant":"Hacienda JenSen Farm Resort","origin":null,"paid_at":1738113976,"payments":[{"id":"pay_vLALfuVcryA8NPQJHW19xkuL","type":"payment","attributes":{"access_url":null,"amount":180000,"balance_transaction_id":"bal_txn_KSbm8zbf2Q1wGgqJH7ENSJhE","billing":{"address":{"city":"","country":"","line1":"","line2":"","postal_code":"","state":""},"email":"carlbergado67.5@gmail.com","name":"Chirs","phone":"9205357783"},"currency":"PHP","description":"Online Booking","disputed":false,"external_reference_number":null,"fee":4500,"instant_settlement":null,"livemode":false,"net_amount":175500,"origin":"api","payment_intent_id":"pi_cYpjk8xuXC7qdRUqppXVbgTD","payout":null,"source":{"id":"src_76WmBabczkqLkNE1rkywr81N","type":"gcash"},"statement_descriptor":"Hacienda JenSen Farm Resort","status":"paid","tax_amount":null,"metadata":null,"promotion":null,"refunds":[],"taxes":[],"available_at":1738573200,"created_at":1738113976,"credited_at":1738746000,"paid_at":1738113976,"updated_at":1738113976}}],"payment_intent":{"id":"pi_cYpjk8xuXC7qdRUqppXVbgTD","type":"payment_intent","attributes":{"amount":180000,"capture_type":"automatic","client_key":"pi_cYpjk8xuXC7qdRUqppXVbgTD_client_3py8GZS1JPiBmEcH7E8A2QE9","currency":"PHP","description":"Online Booking","livemode":false,"original_amount":180000,"statement_descriptor":"Hacienda JenSen Farm Resort","status":"succeeded","last_payment_error":null,"payment_method_allowed":["dob","grab_pay","paymaya","brankas","gcash","card"],"payments":[{"id":"pay_vLALfuVcryA8NPQJHW19xkuL","type":"payment","attributes":{"access_url":null,"amount":180000,"balance_transaction_id":"bal_txn_KSbm8zbf2Q1wGgqJH7ENSJhE","billing":{"address":"Over 9 levels deep, aborting normalization","email":"Over 9 levels deep, aborting normalization","name":"Over 9 levels deep, aborting normalization","phone":"Over 9 levels deep, aborting normalization"},"currency":"PHP","description":"Online Booking","disputed":false,"external_reference_number":null,"fee":4500,"instant_settlement":null,"livemode":false,"net_amount":175500,"origin":"api","payment_intent_id":"pi_cYpjk8xuXC7qdRUqppXVbgTD","payout":null,"source":{"id":"Over 9 levels deep, aborting normalization","type":"Over 9 levels deep, aborting normalization"},"statement_descriptor":"Hacienda JenSen Farm Resort","status":"paid","tax_amount":null,"metadata":null,"promotion":null,"refunds":[],"taxes":[],"available_at":1738573200,"created_at":1738113976,"credited_at":1738746000,"paid_at":1738113976,"updated_at":1738113976}}],"next_action":null,"payment_method_options":{"card":{"request_three_d_secure":"any"}},"metadata":null,"setup_future_usage":null,"created_at":1738113962,"updated_at":1738113976}},"payment_method_types":["dob","gcash","brankas_landbank","grab_pay","paymaya","brankas_metrobank","dob_ubp","brankas_bdo","card"],"payment_method_used":"gcash","reference_number":null,"send_email_receipt":false,"show_description":true,"show_line_items":true,"status":"active","success_url":"http://localhost:8000/success","created_at":1738113962,"updated_at":1738113962,"metadata":null}}} 
[2025-01-29 01:26:19] local.INFO: Payment Status: {"status":"paid"} 
[2025-01-29 01:26:19] local.INFO: Guest Info: {"firstName":"Christelle","lastName":"Bergado","gender":"male","birthdate":"2003-01-22","email":"carlbergado67.7@gmail.com","phone":"9205357783","address":"Nuvista San Jose","specialRequests":null} 
[2025-01-29 01:26:19] local.INFO: Guest Created: {"id":null,"email":"carlbergado67.7@gmail.com"} 
[2025-01-29 01:26:19] local.ERROR: PayMongo Success Error: {"error":"SQLSTATE[23000]: [Microsoft][ODBC Driver 17 for SQL Server][SQL Server]Cannot insert the value NULL into column 'guest_id', table 'PHP_Testing.dbo.bookings'; column does not allow nulls. INSERT fails. (Connection: sqlsrv, SQL: insert into [bookings] ([guest_id], [check_in_date], [check_out_date], [updated_at], [created_at]) values (?, 2025-01-31, 2025-02-01, 2025-01-29 01:26:19.874, 2025-01-29 01:26:19.874))"} 
[2025-01-29 01:32:41] local.INFO: Incoming Booking Data:  
[2025-01-29 01:33:26] local.INFO: Incoming Booking Data: {"checkInDate":"2025-01-30","checkOutDate":"2025-01-31","adults":"1","children":"0","bookings":[{"id":"4","name":"Duplex cabin","price":"5000","details":"A small cabin ideal for couples."}],"totalPrice":5000,"guestInfo":{"firstName":"Carl","lastName":"Daulo","gender":"male","birthdate":"2003-01-14","email":"carlbergado67@gmail.com","phone":"9205357783","address":"Nuvista San Jose","specialRequests":null}} 
[2025-01-29 01:33:26] local.INFO: Validated Data: {"totalPrice":5000,"checkInDate":"2025-01-30","checkOutDate":"2025-01-31","adults":"1","children":"0","guestInfo":{"firstName":"Carl","lastName":"Daulo","gender":"male","birthdate":"2003-01-14","email":"carlbergado67@gmail.com","phone":"9205357783","address":"Nuvista San Jose","specialRequests":null},"bookings":[{"id":"4","name":"Duplex cabin","price":"5000","details":"A small cabin ideal for couples."}]} 
[2025-01-29 01:33:26] local.INFO: PayMongo Request Data: {"data":{"attributes":{"line_items":[{"currency":"PHP","amount":500000,"description":"A small cabin ideal for couples.","name":"Duplex cabin","quantity":1}],"payment_method_types":["card","gcash","paymaya","grab_pay","dob","dob_ubp","brankas_bdo","brankas_landbank","brankas_metrobank"],"success_url":"http://localhost:8000/success","cancel_url":"http://localhost:8000/cancel","description":"Online Booking"}}} 
[2025-01-29 01:33:26] local.INFO: PayMongo API Response: {"data":{"id":"cs_4CcjJNwRqUSHKDu3yfce6wLY","type":"checkout_session","attributes":{"billing":{"address":{"city":null,"country":null,"line1":null,"line2":null,"postal_code":null,"state":null},"email":null,"name":null,"phone":null},"billing_information_fields_editable":"enabled","cancel_url":"http://localhost:8000/cancel","checkout_url":"https://checkout.paymongo.com/cs_4CcjJNwRqUSHKDu3yfce6wLY_client_RNbiqxuZP7rau2hPWcgKJzKz#cGtfdGVzdF9KUVhlR25UcTlMOVcyOEVwNUtrdjRTZkw=","client_key":"cs_4CcjJNwRqUSHKDu3yfce6wLY_client_RNbiqxuZP7rau2hPWcgKJzKz","customer_email":null,"description":"Online Booking","line_items":[{"amount":500000,"currency":"PHP","description":"A small cabin ideal for couples.","images":[],"name":"Duplex cabin","quantity":1}],"livemode":false,"merchant":"Hacienda JenSen Farm Resort","payments":[],"payment_intent":{"id":"pi_Uoo4ditdCech3pynWWAWL37X","type":"payment_intent","attributes":{"amount":500000,"capture_type":"automatic","client_key":"pi_Uoo4ditdCech3pynWWAWL37X_client_UDAnyRbnUJhuH7VzkCuwJ76b","currency":"PHP","description":"Online Booking","livemode":false,"original_amount":500000,"statement_descriptor":"Hacienda JenSen Farm Resort","status":"awaiting_payment_method","last_payment_error":null,"payment_method_allowed":["brankas","gcash","grab_pay","paymaya","card","dob"],"payments":[],"next_action":null,"payment_method_options":{"card":{"request_three_d_secure":"any"}},"metadata":null,"setup_future_usage":null,"created_at":1738114406,"updated_at":1738114406}},"payment_method_types":["dob","brankas_bdo","dob_ubp","card","grab_pay","brankas_metrobank","paymaya","gcash","brankas_landbank"],"reference_number":null,"send_email_receipt":false,"show_description":true,"show_line_items":true,"status":"active","success_url":"http://localhost:8000/success","created_at":1738114406,"updated_at":1738114406,"metadata":null}}} 
[2025-01-29 01:33:26] local.INFO: Incoming Booking Data:  
[2025-01-29 01:33:41] local.INFO: PayMongo Success Response: {"data":{"id":"cs_4CcjJNwRqUSHKDu3yfce6wLY","type":"checkout_session","attributes":{"billing":{"address":{"city":null,"country":null,"line1":null,"line2":null,"postal_code":null,"state":null},"email":null,"name":null,"phone":null},"billing_information_fields_editable":"enabled","cancel_url":"http://localhost:8000/cancel","checkout_url":"https://checkout.paymongo.com/cs_4CcjJNwRqUSHKDu3yfce6wLY_client_RNbiqxuZP7rau2hPWcgKJzKz#cGtfdGVzdF9KUVhlR25UcTlMOVcyOEVwNUtrdjRTZkw=","client_key":"cs_4CcjJNwRqUSHKDu3yfce6wLY_client_RNbiqxuZP7rau2hPWcgKJzKz","customer_email":null,"description":"Online Booking","line_items":[{"amount":500000,"currency":"PHP","description":"A small cabin ideal for couples.","images":[],"name":"Duplex cabin","quantity":1}],"livemode":false,"merchant":"Hacienda JenSen Farm Resort","origin":null,"paid_at":1738114417,"payments":[{"id":"pay_kkpptzSAxRzFZ4n1hS2h16eg","type":"payment","attributes":{"access_url":null,"amount":500000,"balance_transaction_id":"bal_txn_MQwNbW7xKQzxHugvpmyyDd61","billing":{"address":{"city":"","country":"","line1":"","line2":"","postal_code":"","state":""},"email":"carlbergado67.5@gmail.com","name":"Chirs","phone":"9205357783"},"currency":"PHP","description":"Online Booking","disputed":false,"external_reference_number":null,"fee":12500,"instant_settlement":null,"livemode":false,"net_amount":487500,"origin":"api","payment_intent_id":"pi_Uoo4ditdCech3pynWWAWL37X","payout":null,"source":{"id":"src_g3P9ruHzbKDsRc2Xy7Xv8oUi","type":"gcash"},"statement_descriptor":"Hacienda JenSen Farm Resort","status":"paid","tax_amount":null,"metadata":null,"promotion":null,"refunds":[],"taxes":[],"available_at":1738573200,"created_at":1738114417,"credited_at":1738746000,"paid_at":1738114417,"updated_at":1738114417}}],"payment_intent":{"id":"pi_Uoo4ditdCech3pynWWAWL37X","type":"payment_intent","attributes":{"amount":500000,"capture_type":"automatic","client_key":"pi_Uoo4ditdCech3pynWWAWL37X_client_UDAnyRbnUJhuH7VzkCuwJ76b","currency":"PHP","description":"Online Booking","livemode":false,"original_amount":500000,"statement_descriptor":"Hacienda JenSen Farm Resort","status":"succeeded","last_payment_error":null,"payment_method_allowed":["brankas","gcash","grab_pay","paymaya","card","dob"],"payments":[{"id":"pay_kkpptzSAxRzFZ4n1hS2h16eg","type":"payment","attributes":{"access_url":null,"amount":500000,"balance_transaction_id":"bal_txn_MQwNbW7xKQzxHugvpmyyDd61","billing":{"address":"Over 9 levels deep, aborting normalization","email":"Over 9 levels deep, aborting normalization","name":"Over 9 levels deep, aborting normalization","phone":"Over 9 levels deep, aborting normalization"},"currency":"PHP","description":"Online Booking","disputed":false,"external_reference_number":null,"fee":12500,"instant_settlement":null,"livemode":false,"net_amount":487500,"origin":"api","payment_intent_id":"pi_Uoo4ditdCech3pynWWAWL37X","payout":null,"source":{"id":"Over 9 levels deep, aborting normalization","type":"Over 9 levels deep, aborting normalization"},"statement_descriptor":"Hacienda JenSen Farm Resort","status":"paid","tax_amount":null,"metadata":null,"promotion":null,"refunds":[],"taxes":[],"available_at":1738573200,"created_at":1738114417,"credited_at":1738746000,"paid_at":1738114417,"updated_at":1738114417}}],"next_action":null,"payment_method_options":{"card":{"request_three_d_secure":"any"}},"metadata":null,"setup_future_usage":null,"created_at":1738114406,"updated_at":1738114417}},"payment_method_types":["dob","brankas_bdo","dob_ubp","card","grab_pay","brankas_metrobank","paymaya","gcash","brankas_landbank"],"payment_method_used":"gcash","reference_number":null,"send_email_receipt":false,"show_description":true,"show_line_items":true,"status":"active","success_url":"http://localhost:8000/success","created_at":1738114406,"updated_at":1738114406,"metadata":null}}} 
[2025-01-29 01:33:41] local.INFO: Payment Status: {"status":"paid"} 
[2025-01-29 01:33:41] local.INFO: Guest Info: {"firstName":"Carl","lastName":"Daulo","gender":"male","birthdate":"2003-01-14","email":"carlbergado67@gmail.com","phone":"9205357783","address":"Nuvista San Jose","specialRequests":null} 
[2025-01-29 01:33:41] local.ERROR: PayMongo Success Error: {"error":"Guest creation failed. Guest ID is NULL."} 
[2025-01-29 01:37:23] local.INFO: Incoming Booking Data:  
[2025-01-29 01:38:04] local.INFO: Incoming Booking Data: {"checkInDate":"2025-01-30","checkOutDate":"2025-01-31","adults":"1","children":"0","bookings":[{"id":"6","name":"Kubo with room","price":"1800","details":"A cozy kubo with a room, perfect for small families or groups."}],"totalPrice":1800,"guestInfo":{"firstName":"Aldrey","lastName":"Bergado","gender":"male","birthdate":"2003-01-28","email":"carlbergado67.2@gmail.com","phone":"9205357783","address":"Nuvista San Jose","specialRequests":null}} 
[2025-01-29 01:38:04] local.INFO: Validated Data: {"totalPrice":1800,"checkInDate":"2025-01-30","checkOutDate":"2025-01-31","adults":"1","children":"0","guestInfo":{"firstName":"Aldrey","lastName":"Bergado","gender":"male","birthdate":"2003-01-28","email":"carlbergado67.2@gmail.com","phone":"9205357783","address":"Nuvista San Jose","specialRequests":null},"bookings":[{"id":"6","name":"Kubo with room","price":"1800","details":"A cozy kubo with a room, perfect for small families or groups."}]} 
[2025-01-29 01:38:04] local.INFO: PayMongo Request Data: {"data":{"attributes":{"line_items":[{"currency":"PHP","amount":180000,"description":"A cozy kubo with a room, perfect for small families or groups.","name":"Kubo with room","quantity":1}],"payment_method_types":["card","gcash","paymaya","grab_pay","dob","dob_ubp","brankas_bdo","brankas_landbank","brankas_metrobank"],"success_url":"http://localhost:8000/success","cancel_url":"http://localhost:8000/cancel","description":"Online Booking"}}} 
[2025-01-29 01:38:04] local.INFO: PayMongo API Response: {"data":{"id":"cs_b4cwMF4TqEvGK4rHKVnAeR2f","type":"checkout_session","attributes":{"billing":{"address":{"city":null,"country":null,"line1":null,"line2":null,"postal_code":null,"state":null},"email":null,"name":null,"phone":null},"billing_information_fields_editable":"enabled","cancel_url":"http://localhost:8000/cancel","checkout_url":"https://checkout.paymongo.com/cs_b4cwMF4TqEvGK4rHKVnAeR2f_client_QYRPD6Kq3MZgoi5yDA3rMN6Q#cGtfdGVzdF9KUVhlR25UcTlMOVcyOEVwNUtrdjRTZkw=","client_key":"cs_b4cwMF4TqEvGK4rHKVnAeR2f_client_QYRPD6Kq3MZgoi5yDA3rMN6Q","customer_email":null,"description":"Online Booking","line_items":[{"amount":180000,"currency":"PHP","description":"A cozy kubo with a room, perfect for small families or groups.","images":[],"name":"Kubo with room","quantity":1}],"livemode":false,"merchant":"Hacienda JenSen Farm Resort","payments":[],"payment_intent":{"id":"pi_g3DGWS7G1sUy3uRPJNvemgin","type":"payment_intent","attributes":{"amount":180000,"capture_type":"automatic","client_key":"pi_g3DGWS7G1sUy3uRPJNvemgin_client_mutEkbZbDKjN6pzr66BR2nub","currency":"PHP","description":"Online Booking","livemode":false,"original_amount":180000,"statement_descriptor":"Hacienda JenSen Farm Resort","status":"awaiting_payment_method","last_payment_error":null,"payment_method_allowed":["card","paymaya","dob","grab_pay","brankas","gcash"],"payments":[],"next_action":null,"payment_method_options":{"card":{"request_three_d_secure":"any"}},"metadata":null,"setup_future_usage":null,"created_at":1738114683,"updated_at":1738114683}},"payment_method_types":["card","gcash","grab_pay","brankas_metrobank","dob","brankas_bdo","dob_ubp","brankas_landbank","paymaya"],"reference_number":null,"send_email_receipt":false,"show_description":true,"show_line_items":true,"status":"active","success_url":"http://localhost:8000/success","created_at":1738114683,"updated_at":1738114683,"metadata":null}}} 
[2025-01-29 01:38:04] local.INFO: Incoming Booking Data:  
[2025-01-29 01:38:18] local.INFO: PayMongo Success Response: {"data":{"id":"cs_b4cwMF4TqEvGK4rHKVnAeR2f","type":"checkout_session","attributes":{"billing":{"address":{"city":null,"country":null,"line1":null,"line2":null,"postal_code":null,"state":null},"email":null,"name":null,"phone":null},"billing_information_fields_editable":"enabled","cancel_url":"http://localhost:8000/cancel","checkout_url":"https://checkout.paymongo.com/cs_b4cwMF4TqEvGK4rHKVnAeR2f_client_QYRPD6Kq3MZgoi5yDA3rMN6Q#cGtfdGVzdF9KUVhlR25UcTlMOVcyOEVwNUtrdjRTZkw=","client_key":"cs_b4cwMF4TqEvGK4rHKVnAeR2f_client_QYRPD6Kq3MZgoi5yDA3rMN6Q","customer_email":null,"description":"Online Booking","line_items":[{"amount":180000,"currency":"PHP","description":"A cozy kubo with a room, perfect for small families or groups.","images":[],"name":"Kubo with room","quantity":1}],"livemode":false,"merchant":"Hacienda JenSen Farm Resort","origin":null,"paid_at":1738114694,"payments":[{"id":"pay_5odQzzGppjtbHbLJ2NwejWGX","type":"payment","attributes":{"access_url":null,"amount":180000,"balance_transaction_id":"bal_txn_2p9F4hW64hU4VngtBp9PuS3d","billing":{"address":{"city":"","country":"","line1":"","line2":"","postal_code":"","state":""},"email":"carlbergado67.5@gmail.com","name":"Chirs","phone":"9205357783"},"currency":"PHP","description":"Online Booking","disputed":false,"external_reference_number":null,"fee":4500,"instant_settlement":null,"livemode":false,"net_amount":175500,"origin":"api","payment_intent_id":"pi_g3DGWS7G1sUy3uRPJNvemgin","payout":null,"source":{"id":"src_rBPBdVepTEZ1KU6sxSmYjhiF","type":"gcash"},"statement_descriptor":"Hacienda JenSen Farm Resort","status":"paid","tax_amount":null,"metadata":null,"promotion":null,"refunds":[],"taxes":[],"available_at":1738573200,"created_at":1738114694,"credited_at":1738746000,"paid_at":1738114694,"updated_at":1738114694}}],"payment_intent":{"id":"pi_g3DGWS7G1sUy3uRPJNvemgin","type":"payment_intent","attributes":{"amount":180000,"capture_type":"automatic","client_key":"pi_g3DGWS7G1sUy3uRPJNvemgin_client_mutEkbZbDKjN6pzr66BR2nub","currency":"PHP","description":"Online Booking","livemode":false,"original_amount":180000,"statement_descriptor":"Hacienda JenSen Farm Resort","status":"succeeded","last_payment_error":null,"payment_method_allowed":["card","paymaya","dob","grab_pay","brankas","gcash"],"payments":[{"id":"pay_5odQzzGppjtbHbLJ2NwejWGX","type":"payment","attributes":{"access_url":null,"amount":180000,"balance_transaction_id":"bal_txn_2p9F4hW64hU4VngtBp9PuS3d","billing":{"address":"Over 9 levels deep, aborting normalization","email":"Over 9 levels deep, aborting normalization","name":"Over 9 levels deep, aborting normalization","phone":"Over 9 levels deep, aborting normalization"},"currency":"PHP","description":"Online Booking","disputed":false,"external_reference_number":null,"fee":4500,"instant_settlement":null,"livemode":false,"net_amount":175500,"origin":"api","payment_intent_id":"pi_g3DGWS7G1sUy3uRPJNvemgin","payout":null,"source":{"id":"Over 9 levels deep, aborting normalization","type":"Over 9 levels deep, aborting normalization"},"statement_descriptor":"Hacienda JenSen Farm Resort","status":"paid","tax_amount":null,"metadata":null,"promotion":null,"refunds":[],"taxes":[],"available_at":1738573200,"created_at":1738114694,"credited_at":1738746000,"paid_at":1738114694,"updated_at":1738114694}}],"next_action":null,"payment_method_options":{"card":{"request_three_d_secure":"any"}},"metadata":null,"setup_future_usage":null,"created_at":1738114683,"updated_at":1738114694}},"payment_method_types":["card","gcash","grab_pay","brankas_metrobank","dob","brankas_bdo","dob_ubp","brankas_landbank","paymaya"],"payment_method_used":"gcash","reference_number":null,"send_email_receipt":false,"show_description":true,"show_line_items":true,"status":"active","success_url":"http://localhost:8000/success","created_at":1738114683,"updated_at":1738114683,"metadata":null}}} 
[2025-01-29 01:38:18] local.INFO: Payment Status: {"status":"paid"} 
[2025-01-29 01:38:18] local.INFO: Guest Info: {"firstName":"Aldrey","lastName":"Bergado","gender":"male","birthdate":"2003-01-28","email":"carlbergado67.2@gmail.com","phone":"9205357783","address":"Nuvista San Jose","specialRequests":null} 
[2025-01-29 01:38:18] local.ERROR: PayMongo Success Error: {"error":"Guest creation failed. Guest ID is NULL."} 
[2025-01-29 01:40:18] local.INFO: PayMongo Success Response: {"data":{"id":"cs_b4cwMF4TqEvGK4rHKVnAeR2f","type":"checkout_session","attributes":{"billing":{"address":{"city":null,"country":null,"line1":null,"line2":null,"postal_code":null,"state":null},"email":null,"name":null,"phone":null},"billing_information_fields_editable":"enabled","cancel_url":"http://localhost:8000/cancel","checkout_url":"https://checkout.paymongo.com/cs_b4cwMF4TqEvGK4rHKVnAeR2f_client_QYRPD6Kq3MZgoi5yDA3rMN6Q#cGtfdGVzdF9KUVhlR25UcTlMOVcyOEVwNUtrdjRTZkw=","client_key":"cs_b4cwMF4TqEvGK4rHKVnAeR2f_client_QYRPD6Kq3MZgoi5yDA3rMN6Q","customer_email":null,"description":"Online Booking","line_items":[{"amount":180000,"currency":"PHP","description":"A cozy kubo with a room, perfect for small families or groups.","images":[],"name":"Kubo with room","quantity":1}],"livemode":false,"merchant":"Hacienda JenSen Farm Resort","origin":null,"paid_at":1738114694,"payments":[{"id":"pay_5odQzzGppjtbHbLJ2NwejWGX","type":"payment","attributes":{"access_url":null,"amount":180000,"balance_transaction_id":"bal_txn_2p9F4hW64hU4VngtBp9PuS3d","billing":{"address":{"city":"","country":"","line1":"","line2":"","postal_code":"","state":""},"email":"carlbergado67.5@gmail.com","name":"Chirs","phone":"9205357783"},"currency":"PHP","description":"Online Booking","disputed":false,"external_reference_number":null,"fee":4500,"instant_settlement":null,"livemode":false,"net_amount":175500,"origin":"api","payment_intent_id":"pi_g3DGWS7G1sUy3uRPJNvemgin","payout":null,"source":{"id":"src_rBPBdVepTEZ1KU6sxSmYjhiF","type":"gcash"},"statement_descriptor":"Hacienda JenSen Farm Resort","status":"paid","tax_amount":null,"metadata":null,"promotion":null,"refunds":[],"taxes":[],"available_at":1738573200,"created_at":1738114694,"credited_at":1738746000,"paid_at":1738114694,"updated_at":1738114694}}],"payment_intent":{"id":"pi_g3DGWS7G1sUy3uRPJNvemgin","type":"payment_intent","attributes":{"amount":180000,"capture_type":"automatic","client_key":"pi_g3DGWS7G1sUy3uRPJNvemgin_client_mutEkbZbDKjN6pzr66BR2nub","currency":"PHP","description":"Online Booking","livemode":false,"original_amount":180000,"statement_descriptor":"Hacienda JenSen Farm Resort","status":"succeeded","last_payment_error":null,"payment_method_allowed":["card","paymaya","dob","grab_pay","brankas","gcash"],"payments":[{"id":"pay_5odQzzGppjtbHbLJ2NwejWGX","type":"payment","attributes":{"access_url":null,"amount":180000,"balance_transaction_id":"bal_txn_2p9F4hW64hU4VngtBp9PuS3d","billing":{"address":"Over 9 levels deep, aborting normalization","email":"Over 9 levels deep, aborting normalization","name":"Over 9 levels deep, aborting normalization","phone":"Over 9 levels deep, aborting normalization"},"currency":"PHP","description":"Online Booking","disputed":false,"external_reference_number":null,"fee":4500,"instant_settlement":null,"livemode":false,"net_amount":175500,"origin":"api","payment_intent_id":"pi_g3DGWS7G1sUy3uRPJNvemgin","payout":null,"source":{"id":"Over 9 levels deep, aborting normalization","type":"Over 9 levels deep, aborting normalization"},"statement_descriptor":"Hacienda JenSen Farm Resort","status":"paid","tax_amount":null,"metadata":null,"promotion":null,"refunds":[],"taxes":[],"available_at":1738573200,"created_at":1738114694,"credited_at":1738746000,"paid_at":1738114694,"updated_at":1738114694}}],"next_action":null,"payment_method_options":{"card":{"request_three_d_secure":"any"}},"metadata":null,"setup_future_usage":null,"created_at":1738114683,"updated_at":1738114694}},"payment_method_types":["card","gcash","grab_pay","brankas_metrobank","dob","brankas_bdo","dob_ubp","brankas_landbank","paymaya"],"payment_method_used":"gcash","reference_number":null,"send_email_receipt":false,"show_description":true,"show_line_items":true,"status":"active","success_url":"http://localhost:8000/success","created_at":1738114683,"updated_at":1738114683,"metadata":null}}} 
[2025-01-29 01:40:18] local.INFO: Payment Status: {"status":"paid"} 
[2025-01-29 01:40:18] local.INFO: Guest Info: {"firstName":"Aldrey","lastName":"Bergado","gender":"male","birthdate":"2003-01-28","email":"carlbergado67.2@gmail.com","phone":"9205357783","address":"Nuvista San Jose","specialRequests":null} 
[2025-01-29 01:40:18] local.ERROR: PayMongo Success Error: {"error":"Guest creation failed. Guest ID is NULL."} 
[2025-01-29 01:41:30] local.INFO: Incoming Booking Data:  
[2025-01-29 01:41:30] local.INFO: Incoming Booking Data: {"checkInDate":"2025-01-30","checkOutDate":"2025-01-31","adults":"1","children":"0","bookings":[{"id":"4","name":"Duplex cabin","price":"5000","details":"A small cabin ideal for couples."}],"totalPrice":5000,"guestInfo":{"firstName":"Aldrey","lastName":"Daulo","gender":"male","birthdate":"2003-01-16","email":"carlbergado679@gmail.com","phone":"9205357783","address":"Nuvista San Jose","specialRequests":null}} 
[2025-01-29 01:41:30] local.INFO: Validated Data: {"totalPrice":5000,"checkInDate":"2025-01-30","checkOutDate":"2025-01-31","adults":"1","children":"0","guestInfo":{"firstName":"Aldrey","lastName":"Daulo","gender":"male","birthdate":"2003-01-16","email":"carlbergado679@gmail.com","phone":"9205357783","address":"Nuvista San Jose","specialRequests":null},"bookings":[{"id":"4","name":"Duplex cabin","price":"5000","details":"A small cabin ideal for couples."}]} 
[2025-01-29 01:41:30] local.INFO: PayMongo Request Data: {"data":{"attributes":{"line_items":[{"currency":"PHP","amount":500000,"description":"A small cabin ideal for couples.","name":"Duplex cabin","quantity":1}],"payment_method_types":["card","gcash","paymaya","grab_pay","dob","dob_ubp","brankas_bdo","brankas_landbank","brankas_metrobank"],"success_url":"http://localhost:8000/success","cancel_url":"http://localhost:8000/cancel","description":"Online Booking"}}} 
[2025-01-29 01:41:30] local.INFO: PayMongo API Response: {"data":{"id":"cs_J9t3XjR7oetswaPVhPt9J8it","type":"checkout_session","attributes":{"billing":{"address":{"city":null,"country":null,"line1":null,"line2":null,"postal_code":null,"state":null},"email":null,"name":null,"phone":null},"billing_information_fields_editable":"enabled","cancel_url":"http://localhost:8000/cancel","checkout_url":"https://checkout.paymongo.com/cs_J9t3XjR7oetswaPVhPt9J8it_client_LVLbV73mHYzwF66E4W52PXFG#cGtfdGVzdF9KUVhlR25UcTlMOVcyOEVwNUtrdjRTZkw=","client_key":"cs_J9t3XjR7oetswaPVhPt9J8it_client_LVLbV73mHYzwF66E4W52PXFG","customer_email":null,"description":"Online Booking","line_items":[{"amount":500000,"currency":"PHP","description":"A small cabin ideal for couples.","images":[],"name":"Duplex cabin","quantity":1}],"livemode":false,"merchant":"Hacienda JenSen Farm Resort","payments":[],"payment_intent":{"id":"pi_f9R4U5LuBMm4Bd3GNiDaoSd7","type":"payment_intent","attributes":{"amount":500000,"capture_type":"automatic","client_key":"pi_f9R4U5LuBMm4Bd3GNiDaoSd7_client_kQtuohvpTs8WwS8zFuDMJwNV","currency":"PHP","description":"Online Booking","livemode":false,"original_amount":500000,"statement_descriptor":"Hacienda JenSen Farm Resort","status":"awaiting_payment_method","last_payment_error":null,"payment_method_allowed":["dob","gcash","paymaya","card","brankas","grab_pay"],"payments":[],"next_action":null,"payment_method_options":{"card":{"request_three_d_secure":"any"}},"metadata":null,"setup_future_usage":null,"created_at":1738114890,"updated_at":1738114890}},"payment_method_types":["dob","dob_ubp","card","brankas_bdo","brankas_metrobank","gcash","paymaya","grab_pay","brankas_landbank"],"reference_number":null,"send_email_receipt":false,"show_description":true,"show_line_items":true,"status":"active","success_url":"http://localhost:8000/success","created_at":1738114890,"updated_at":1738114890,"metadata":null}}} 
[2025-01-29 01:41:45] local.INFO: PayMongo Success Response: {"data":{"id":"cs_J9t3XjR7oetswaPVhPt9J8it","type":"checkout_session","attributes":{"billing":{"address":{"city":null,"country":null,"line1":null,"line2":null,"postal_code":null,"state":null},"email":null,"name":null,"phone":null},"billing_information_fields_editable":"enabled","cancel_url":"http://localhost:8000/cancel","checkout_url":"https://checkout.paymongo.com/cs_J9t3XjR7oetswaPVhPt9J8it_client_LVLbV73mHYzwF66E4W52PXFG#cGtfdGVzdF9KUVhlR25UcTlMOVcyOEVwNUtrdjRTZkw=","client_key":"cs_J9t3XjR7oetswaPVhPt9J8it_client_LVLbV73mHYzwF66E4W52PXFG","customer_email":null,"description":"Online Booking","line_items":[{"amount":500000,"currency":"PHP","description":"A small cabin ideal for couples.","images":[],"name":"Duplex cabin","quantity":1}],"livemode":false,"merchant":"Hacienda JenSen Farm Resort","origin":null,"paid_at":1738114901,"payments":[{"id":"pay_zKhxXjkeTBQaYLE6d3LMFkCp","type":"payment","attributes":{"access_url":null,"amount":500000,"balance_transaction_id":"bal_txn_6ipFBgA6bH4i659vLYqb95aH","billing":{"address":{"city":"","country":"","line1":"","line2":"","postal_code":"","state":""},"email":"carlbergado67.5@gmail.com","name":"Chirs","phone":"9205357783"},"currency":"PHP","description":"Online Booking","disputed":false,"external_reference_number":null,"fee":12500,"instant_settlement":null,"livemode":false,"net_amount":487500,"origin":"api","payment_intent_id":"pi_f9R4U5LuBMm4Bd3GNiDaoSd7","payout":null,"source":{"id":"src_qKhKqztDsGxGty6jvyar4drn","type":"gcash"},"statement_descriptor":"Hacienda JenSen Farm Resort","status":"paid","tax_amount":null,"metadata":null,"promotion":null,"refunds":[],"taxes":[],"available_at":1738573200,"created_at":1738114902,"credited_at":1738746000,"paid_at":1738114901,"updated_at":1738114902}}],"payment_intent":{"id":"pi_f9R4U5LuBMm4Bd3GNiDaoSd7","type":"payment_intent","attributes":{"amount":500000,"capture_type":"automatic","client_key":"pi_f9R4U5LuBMm4Bd3GNiDaoSd7_client_kQtuohvpTs8WwS8zFuDMJwNV","currency":"PHP","description":"Online Booking","livemode":false,"original_amount":500000,"statement_descriptor":"Hacienda JenSen Farm Resort","status":"succeeded","last_payment_error":null,"payment_method_allowed":["dob","gcash","paymaya","card","brankas","grab_pay"],"payments":[{"id":"pay_zKhxXjkeTBQaYLE6d3LMFkCp","type":"payment","attributes":{"access_url":null,"amount":500000,"balance_transaction_id":"bal_txn_6ipFBgA6bH4i659vLYqb95aH","billing":{"address":"Over 9 levels deep, aborting normalization","email":"Over 9 levels deep, aborting normalization","name":"Over 9 levels deep, aborting normalization","phone":"Over 9 levels deep, aborting normalization"},"currency":"PHP","description":"Online Booking","disputed":false,"external_reference_number":null,"fee":12500,"instant_settlement":null,"livemode":false,"net_amount":487500,"origin":"api","payment_intent_id":"pi_f9R4U5LuBMm4Bd3GNiDaoSd7","payout":null,"source":{"id":"Over 9 levels deep, aborting normalization","type":"Over 9 levels deep, aborting normalization"},"statement_descriptor":"Hacienda JenSen Farm Resort","status":"paid","tax_amount":null,"metadata":null,"promotion":null,"refunds":[],"taxes":[],"available_at":1738573200,"created_at":1738114902,"credited_at":1738746000,"paid_at":1738114901,"updated_at":1738114902}}],"next_action":null,"payment_method_options":{"card":{"request_three_d_secure":"any"}},"metadata":null,"setup_future_usage":null,"created_at":1738114890,"updated_at":1738114902}},"payment_method_types":["dob","dob_ubp","card","brankas_bdo","brankas_metrobank","gcash","paymaya","grab_pay","brankas_landbank"],"payment_method_used":"gcash","reference_number":null,"send_email_receipt":false,"show_description":true,"show_line_items":true,"status":"active","success_url":"http://localhost:8000/success","created_at":1738114890,"updated_at":1738114890,"metadata":null}}} 
[2025-01-29 01:41:45] local.INFO: Payment Status: {"status":"paid"} 
[2025-01-29 01:41:45] local.INFO: Guest Info: {"firstName":"Aldrey","lastName":"Daulo","gender":"male","birthdate":"2003-01-16","email":"carlbergado679@gmail.com","phone":"9205357783","address":"Nuvista San Jose","specialRequests":null} 
[2025-01-29 01:41:45] local.ERROR: PayMongo Success Error: {"error":"Guest creation failed. Guest ID is NULL."} 
[2025-01-29 01:45:10] local.INFO: Incoming Booking Data:  
[2025-01-29 01:45:10] local.INFO: Incoming Booking Data: {"checkInDate":"2025-01-30","checkOutDate":"2025-01-31","adults":"1","children":"0","bookings":[{"id":"6","name":"Kubo with room","price":"1800","details":"A cozy kubo with a room, perfect for small families or groups."}],"totalPrice":1800,"guestInfo":{"firstName":"Christelle","lastName":"Bergado","gender":"female","birthdate":"2003-01-03","email":"carlaldrey67.9@gmasil.com","phone":"9205357783","address":"Nuvista San Jose","specialRequests":null}} 
[2025-01-29 01:45:10] local.INFO: Validated Data: {"totalPrice":1800,"checkInDate":"2025-01-30","checkOutDate":"2025-01-31","adults":"1","children":"0","guestInfo":{"firstName":"Christelle","lastName":"Bergado","gender":"female","birthdate":"2003-01-03","email":"carlaldrey67.9@gmasil.com","phone":"9205357783","address":"Nuvista San Jose","specialRequests":null},"bookings":[{"id":"6","name":"Kubo with room","price":"1800","details":"A cozy kubo with a room, perfect for small families or groups."}]} 
[2025-01-29 01:45:10] local.INFO: PayMongo Request Data: {"data":{"attributes":{"line_items":[{"currency":"PHP","amount":180000,"description":"A cozy kubo with a room, perfect for small families or groups.","name":"Kubo with room","quantity":1}],"payment_method_types":["card","gcash","paymaya","grab_pay","dob","dob_ubp","brankas_bdo","brankas_landbank","brankas_metrobank"],"success_url":"http://localhost:8000/success","cancel_url":"http://localhost:8000/cancel","description":"Online Booking"}}} 
[2025-01-29 01:45:11] local.INFO: PayMongo API Response: {"data":{"id":"cs_Gg6B6ujH6ugNrjojT7RdqcXX","type":"checkout_session","attributes":{"billing":{"address":{"city":null,"country":null,"line1":null,"line2":null,"postal_code":null,"state":null},"email":null,"name":null,"phone":null},"billing_information_fields_editable":"enabled","cancel_url":"http://localhost:8000/cancel","checkout_url":"https://checkout.paymongo.com/cs_Gg6B6ujH6ugNrjojT7RdqcXX_client_XJaRohcd6bg7oFF7CixkLfWE#cGtfdGVzdF9KUVhlR25UcTlMOVcyOEVwNUtrdjRTZkw=","client_key":"cs_Gg6B6ujH6ugNrjojT7RdqcXX_client_XJaRohcd6bg7oFF7CixkLfWE","customer_email":null,"description":"Online Booking","line_items":[{"amount":180000,"currency":"PHP","description":"A cozy kubo with a room, perfect for small families or groups.","images":[],"name":"Kubo with room","quantity":1}],"livemode":false,"merchant":"Hacienda JenSen Farm Resort","payments":[],"payment_intent":{"id":"pi_atKnmdTQ1QgFGa9FV5zijbVj","type":"payment_intent","attributes":{"amount":180000,"capture_type":"automatic","client_key":"pi_atKnmdTQ1QgFGa9FV5zijbVj_client_aBXEBTQgmkWTuHhzpUPGrDwD","currency":"PHP","description":"Online Booking","livemode":false,"original_amount":180000,"statement_descriptor":"Hacienda JenSen Farm Resort","status":"awaiting_payment_method","last_payment_error":null,"payment_method_allowed":["card","paymaya","gcash","grab_pay","brankas","dob"],"payments":[],"next_action":null,"payment_method_options":{"card":{"request_three_d_secure":"any"}},"metadata":null,"setup_future_usage":null,"created_at":1738115110,"updated_at":1738115110}},"payment_method_types":["paymaya","gcash","brankas_landbank","dob_ubp","grab_pay","dob","brankas_metrobank","brankas_bdo","card"],"reference_number":null,"send_email_receipt":false,"show_description":true,"show_line_items":true,"status":"active","success_url":"http://localhost:8000/success","created_at":1738115110,"updated_at":1738115110,"metadata":null}}} 
[2025-01-29 01:45:43] local.INFO: Incoming Booking Data:  
[2025-01-29 01:45:43] local.INFO: Incoming Booking Data: {"checkInDate":"2025-01-31","checkOutDate":"2025-02-01","adults":"1","children":"0","bookings":[{"id":"6","name":"Kubo with room","price":"1800","details":"A cozy kubo with a room, perfect for small families or groups."}],"totalPrice":1800,"guestInfo":{"firstName":"Christelle","lastName":"Bergado","gender":"female","birthdate":"2003-01-30","email":"carlbergado67.3@gmail.com","phone":"9205357783","address":"Nuvista San Jose","specialRequests":null}} 
[2025-01-29 01:45:43] local.INFO: Validated Data: {"totalPrice":1800,"checkInDate":"2025-01-31","checkOutDate":"2025-02-01","adults":"1","children":"0","guestInfo":{"firstName":"Christelle","lastName":"Bergado","gender":"female","birthdate":"2003-01-30","email":"carlbergado67.3@gmail.com","phone":"9205357783","address":"Nuvista San Jose","specialRequests":null},"bookings":[{"id":"6","name":"Kubo with room","price":"1800","details":"A cozy kubo with a room, perfect for small families or groups."}]} 
[2025-01-29 01:45:43] local.INFO: PayMongo Request Data: {"data":{"attributes":{"line_items":[{"currency":"PHP","amount":180000,"description":"A cozy kubo with a room, perfect for small families or groups.","name":"Kubo with room","quantity":1}],"payment_method_types":["card","gcash","paymaya","grab_pay","dob","dob_ubp","brankas_bdo","brankas_landbank","brankas_metrobank"],"success_url":"http://localhost:8000/success","cancel_url":"http://localhost:8000/cancel","description":"Online Booking"}}} 
[2025-01-29 01:45:44] local.INFO: PayMongo API Response: {"data":{"id":"cs_jvNh22WTo18U4C76nyfvAviH","type":"checkout_session","attributes":{"billing":{"address":{"city":null,"country":null,"line1":null,"line2":null,"postal_code":null,"state":null},"email":null,"name":null,"phone":null},"billing_information_fields_editable":"enabled","cancel_url":"http://localhost:8000/cancel","checkout_url":"https://checkout.paymongo.com/cs_jvNh22WTo18U4C76nyfvAviH_client_Rojx6WTvghtfgMLSU3E3v3rW#cGtfdGVzdF9KUVhlR25UcTlMOVcyOEVwNUtrdjRTZkw=","client_key":"cs_jvNh22WTo18U4C76nyfvAviH_client_Rojx6WTvghtfgMLSU3E3v3rW","customer_email":null,"description":"Online Booking","line_items":[{"amount":180000,"currency":"PHP","description":"A cozy kubo with a room, perfect for small families or groups.","images":[],"name":"Kubo with room","quantity":1}],"livemode":false,"merchant":"Hacienda JenSen Farm Resort","payments":[],"payment_intent":{"id":"pi_cFZe6e4CUg5buvUeicJursmV","type":"payment_intent","attributes":{"amount":180000,"capture_type":"automatic","client_key":"pi_cFZe6e4CUg5buvUeicJursmV_client_cGSZeSexWztmykxemQ1G3H1z","currency":"PHP","description":"Online Booking","livemode":false,"original_amount":180000,"statement_descriptor":"Hacienda JenSen Farm Resort","status":"awaiting_payment_method","last_payment_error":null,"payment_method_allowed":["paymaya","gcash","brankas","card","dob","grab_pay"],"payments":[],"next_action":null,"payment_method_options":{"card":{"request_three_d_secure":"any"}},"metadata":null,"setup_future_usage":null,"created_at":1738115143,"updated_at":1738115143}},"payment_method_types":["brankas_bdo","brankas_metrobank","dob_ubp","paymaya","brankas_landbank","gcash","grab_pay","dob","card"],"reference_number":null,"send_email_receipt":false,"show_description":true,"show_line_items":true,"status":"active","success_url":"http://localhost:8000/success","created_at":1738115143,"updated_at":1738115143,"metadata":null}}} 
[2025-01-29 01:46:00] local.INFO: PayMongo Success Response: {"data":{"id":"cs_jvNh22WTo18U4C76nyfvAviH","type":"checkout_session","attributes":{"billing":{"address":{"city":null,"country":null,"line1":null,"line2":null,"postal_code":null,"state":null},"email":null,"name":null,"phone":null},"billing_information_fields_editable":"enabled","cancel_url":"http://localhost:8000/cancel","checkout_url":"https://checkout.paymongo.com/cs_jvNh22WTo18U4C76nyfvAviH_client_Rojx6WTvghtfgMLSU3E3v3rW#cGtfdGVzdF9KUVhlR25UcTlMOVcyOEVwNUtrdjRTZkw=","client_key":"cs_jvNh22WTo18U4C76nyfvAviH_client_Rojx6WTvghtfgMLSU3E3v3rW","customer_email":null,"description":"Online Booking","line_items":[{"amount":180000,"currency":"PHP","description":"A cozy kubo with a room, perfect for small families or groups.","images":[],"name":"Kubo with room","quantity":1}],"livemode":false,"merchant":"Hacienda JenSen Farm Resort","origin":null,"paid_at":1738115156,"payments":[{"id":"pay_6jfYtvE62g1qBEgoTPTajd8p","type":"payment","attributes":{"access_url":null,"amount":180000,"balance_transaction_id":"bal_txn_mUSTmZM2tYHYQPUd8sZkxMov","billing":{"address":{"city":"","country":"","line1":"","line2":"","postal_code":"","state":""},"email":"carlbergado67.5@gmail.com","name":"Chirs","phone":"9205357783"},"currency":"PHP","description":"Online Booking","disputed":false,"external_reference_number":null,"fee":4500,"instant_settlement":null,"livemode":false,"net_amount":175500,"origin":"api","payment_intent_id":"pi_cFZe6e4CUg5buvUeicJursmV","payout":null,"source":{"id":"src_ZBvMX83FDGFVzi68hy7gdLm2","type":"gcash"},"statement_descriptor":"Hacienda JenSen Farm Resort","status":"paid","tax_amount":null,"metadata":null,"promotion":null,"refunds":[],"taxes":[],"available_at":1738573200,"created_at":1738115157,"credited_at":1738746000,"paid_at":1738115156,"updated_at":1738115157}}],"payment_intent":{"id":"pi_cFZe6e4CUg5buvUeicJursmV","type":"payment_intent","attributes":{"amount":180000,"capture_type":"automatic","client_key":"pi_cFZe6e4CUg5buvUeicJursmV_client_cGSZeSexWztmykxemQ1G3H1z","currency":"PHP","description":"Online Booking","livemode":false,"original_amount":180000,"statement_descriptor":"Hacienda JenSen Farm Resort","status":"succeeded","last_payment_error":null,"payment_method_allowed":["paymaya","gcash","brankas","card","dob","grab_pay"],"payments":[{"id":"pay_6jfYtvE62g1qBEgoTPTajd8p","type":"payment","attributes":{"access_url":null,"amount":180000,"balance_transaction_id":"bal_txn_mUSTmZM2tYHYQPUd8sZkxMov","billing":{"address":"Over 9 levels deep, aborting normalization","email":"Over 9 levels deep, aborting normalization","name":"Over 9 levels deep, aborting normalization","phone":"Over 9 levels deep, aborting normalization"},"currency":"PHP","description":"Online Booking","disputed":false,"external_reference_number":null,"fee":4500,"instant_settlement":null,"livemode":false,"net_amount":175500,"origin":"api","payment_intent_id":"pi_cFZe6e4CUg5buvUeicJursmV","payout":null,"source":{"id":"Over 9 levels deep, aborting normalization","type":"Over 9 levels deep, aborting normalization"},"statement_descriptor":"Hacienda JenSen Farm Resort","status":"paid","tax_amount":null,"metadata":null,"promotion":null,"refunds":[],"taxes":[],"available_at":1738573200,"created_at":1738115157,"credited_at":1738746000,"paid_at":1738115156,"updated_at":1738115157}}],"next_action":null,"payment_method_options":{"card":{"request_three_d_secure":"any"}},"metadata":null,"setup_future_usage":null,"created_at":1738115143,"updated_at":1738115157}},"payment_method_types":["brankas_bdo","brankas_metrobank","dob_ubp","paymaya","brankas_landbank","gcash","grab_pay","dob","card"],"payment_method_used":"gcash","reference_number":null,"send_email_receipt":false,"show_description":true,"show_line_items":true,"status":"active","success_url":"http://localhost:8000/success","created_at":1738115143,"updated_at":1738115143,"metadata":null}}} 
[2025-01-29 01:46:00] local.INFO: Payment Status: {"status":"paid"} 
[2025-01-29 01:46:00] local.INFO: Guest Info: {"firstName":"Christelle","lastName":"Bergado","gender":"female","birthdate":"2003-01-30","email":"carlbergado67.3@gmail.com","phone":"9205357783","address":"Nuvista San Jose","specialRequests":null} 
[2025-01-29 01:46:00] local.INFO: Guest created: {"guest":{"App\\Models\\Guest":{"email":"carlbergado67.3@gmail.com","first_name":"Christelle","last_name":"Bergado","gender":"female","birthdate":"2003-01-30","phone":"9205357783","address":"Nuvista San Jose","updated_at":"2025-01-29T01:46:00.941000Z","created_at":"2025-01-29T01:46:00.941000Z","guest_id":6}}} 
[2025-01-29 01:46:00] local.ERROR: Guest creation failed. Guest ID is NULL. {"guest":{"App\\Models\\Guest":{"guest_id":6,"first_name":"Christelle","last_name":"Bergado","birthdate":"2003-01-30","gender":"female","email":"carlbergado67.3@gmail.com","phone":"9205357783","address":"Nuvista San Jose","specialRequests":null,"created_at":"2025-01-29T01:46:00.940000Z","updated_at":"2025-01-29T01:46:00.940000Z"}}} 
[2025-01-29 01:46:00] local.ERROR: PayMongo Success Error: {"error":"Guest creation failed. Guest ID is NULL."} 
[2025-01-29 02:08:15] local.INFO: Incoming Booking Data: {"checkInDate":"2025-01-30","checkOutDate":"2025-01-31","adults":"1","children":"0","bookings":[{"id":"6","name":"Kubo with room","price":"1800","details":"A cozy kubo with a room, perfect for small families or groups."}],"totalPrice":1800,"guestInfo":{"firstName":"Carl","lastName":"Bergado","gender":"male","birthdate":"2003-01-08","email":"carlbergado67.5@gmail.com","phone":"9205357783","address":"Nuvista San Jose","specialRequests":null}} 
[2025-01-29 02:08:15] local.INFO: Validated Data: {"totalPrice":1800,"checkInDate":"2025-01-30","checkOutDate":"2025-01-31","adults":"1","children":"0","guestInfo":{"firstName":"Carl","lastName":"Bergado","gender":"male","birthdate":"2003-01-08","email":"carlbergado67.5@gmail.com","phone":"9205357783","address":"Nuvista San Jose","specialRequests":null},"bookings":[{"id":"6","name":"Kubo with room","price":"1800","details":"A cozy kubo with a room, perfect for small families or groups."}]} 
[2025-01-29 02:08:15] local.INFO: PayMongo Request Data: {"data":{"attributes":{"line_items":[{"currency":"PHP","amount":180000,"description":"A cozy kubo with a room, perfect for small families or groups.","name":"Kubo with room","quantity":1}],"payment_method_types":["card","gcash","paymaya","grab_pay","dob","dob_ubp","brankas_bdo","brankas_landbank","brankas_metrobank"],"success_url":"http://localhost:8000/success","cancel_url":"http://localhost:8000/cancel","description":"Online Booking"}}} 
[2025-01-29 02:08:16] local.INFO: PayMongo API Response: {"data":{"id":"cs_arpB3bz3N4zquihfgcXwNLDY","type":"checkout_session","attributes":{"billing":{"address":{"city":null,"country":null,"line1":null,"line2":null,"postal_code":null,"state":null},"email":null,"name":null,"phone":null},"billing_information_fields_editable":"enabled","cancel_url":"http://localhost:8000/cancel","checkout_url":"https://checkout.paymongo.com/cs_arpB3bz3N4zquihfgcXwNLDY_client_P6r9qXfmQo95jwruwDuKqRVQ#cGtfdGVzdF9KUVhlR25UcTlMOVcyOEVwNUtrdjRTZkw=","client_key":"cs_arpB3bz3N4zquihfgcXwNLDY_client_P6r9qXfmQo95jwruwDuKqRVQ","customer_email":null,"description":"Online Booking","line_items":[{"amount":180000,"currency":"PHP","description":"A cozy kubo with a room, perfect for small families or groups.","images":[],"name":"Kubo with room","quantity":1}],"livemode":false,"merchant":"Hacienda JenSen Farm Resort","payments":[],"payment_intent":{"id":"pi_nxjkRp6rRxR6zbBkg6bJ7uSM","type":"payment_intent","attributes":{"amount":180000,"capture_type":"automatic","client_key":"pi_nxjkRp6rRxR6zbBkg6bJ7uSM_client_R9YZfU4wPKEWoLaEdu5vVKuP","currency":"PHP","description":"Online Booking","livemode":false,"original_amount":180000,"statement_descriptor":"Hacienda JenSen Farm Resort","status":"awaiting_payment_method","last_payment_error":null,"payment_method_allowed":["gcash","card","paymaya","brankas","dob","grab_pay"],"payments":[],"next_action":null,"payment_method_options":{"card":{"request_three_d_secure":"any"}},"metadata":null,"setup_future_usage":null,"created_at":1738116495,"updated_at":1738116495}},"payment_method_types":["gcash","brankas_metrobank","brankas_landbank","brankas_bdo","grab_pay","dob","card","paymaya","dob_ubp"],"reference_number":null,"send_email_receipt":false,"show_description":true,"show_line_items":true,"status":"active","success_url":"http://localhost:8000/success","created_at":1738116495,"updated_at":1738116495,"metadata":null}}} 
[2025-01-29 02:08:16] local.INFO: Incoming Booking Data:  
[2025-01-29 02:08:56] local.INFO: PayMongo Success Response: {"data":{"id":"cs_arpB3bz3N4zquihfgcXwNLDY","type":"checkout_session","attributes":{"billing":{"address":{"city":null,"country":null,"line1":null,"line2":null,"postal_code":null,"state":null},"email":null,"name":null,"phone":null},"billing_information_fields_editable":"enabled","cancel_url":"http://localhost:8000/cancel","checkout_url":"https://checkout.paymongo.com/cs_arpB3bz3N4zquihfgcXwNLDY_client_P6r9qXfmQo95jwruwDuKqRVQ#cGtfdGVzdF9KUVhlR25UcTlMOVcyOEVwNUtrdjRTZkw=","client_key":"cs_arpB3bz3N4zquihfgcXwNLDY_client_P6r9qXfmQo95jwruwDuKqRVQ","customer_email":null,"description":"Online Booking","line_items":[{"amount":180000,"currency":"PHP","description":"A cozy kubo with a room, perfect for small families or groups.","images":[],"name":"Kubo with room","quantity":1}],"livemode":false,"merchant":"Hacienda JenSen Farm Resort","origin":null,"paid_at":1738116532,"payments":[{"id":"pay_dpvMiJ9wwAhBoMcMfPRgHJPf","type":"payment","attributes":{"access_url":null,"amount":180000,"balance_transaction_id":"bal_txn_b87ktEpn2YcS3cXZVYiD9Y7K","billing":{"address":{"city":"","country":"","line1":"","line2":"","postal_code":"","state":""},"email":"carlbergado67.5@gmail.com","name":"Chirs","phone":"9205357783"},"currency":"PHP","description":"Online Booking","disputed":false,"external_reference_number":null,"fee":4500,"instant_settlement":null,"livemode":false,"net_amount":175500,"origin":"api","payment_intent_id":"pi_nxjkRp6rRxR6zbBkg6bJ7uSM","payout":null,"source":{"id":"src_9DWRVqs6e5KRnrLuJGMB3m5T","type":"gcash"},"statement_descriptor":"Hacienda JenSen Farm Resort","status":"paid","tax_amount":null,"metadata":null,"promotion":null,"refunds":[],"taxes":[],"available_at":1738573200,"created_at":1738116532,"credited_at":1738746000,"paid_at":1738116532,"updated_at":1738116532}}],"payment_intent":{"id":"pi_nxjkRp6rRxR6zbBkg6bJ7uSM","type":"payment_intent","attributes":{"amount":180000,"capture_type":"automatic","client_key":"pi_nxjkRp6rRxR6zbBkg6bJ7uSM_client_R9YZfU4wPKEWoLaEdu5vVKuP","currency":"PHP","description":"Online Booking","livemode":false,"original_amount":180000,"statement_descriptor":"Hacienda JenSen Farm Resort","status":"succeeded","last_payment_error":null,"payment_method_allowed":["gcash","card","paymaya","brankas","dob","grab_pay"],"payments":[{"id":"pay_dpvMiJ9wwAhBoMcMfPRgHJPf","type":"payment","attributes":{"access_url":null,"amount":180000,"balance_transaction_id":"bal_txn_b87ktEpn2YcS3cXZVYiD9Y7K","billing":{"address":"Over 9 levels deep, aborting normalization","email":"Over 9 levels deep, aborting normalization","name":"Over 9 levels deep, aborting normalization","phone":"Over 9 levels deep, aborting normalization"},"currency":"PHP","description":"Online Booking","disputed":false,"external_reference_number":null,"fee":4500,"instant_settlement":null,"livemode":false,"net_amount":175500,"origin":"api","payment_intent_id":"pi_nxjkRp6rRxR6zbBkg6bJ7uSM","payout":null,"source":{"id":"Over 9 levels deep, aborting normalization","type":"Over 9 levels deep, aborting normalization"},"statement_descriptor":"Hacienda JenSen Farm Resort","status":"paid","tax_amount":null,"metadata":null,"promotion":null,"refunds":[],"taxes":[],"available_at":1738573200,"created_at":1738116532,"credited_at":1738746000,"paid_at":1738116532,"updated_at":1738116532}}],"next_action":null,"payment_method_options":{"card":{"request_three_d_secure":"any"}},"metadata":null,"setup_future_usage":null,"created_at":1738116495,"updated_at":1738116532}},"payment_method_types":["gcash","brankas_metrobank","brankas_landbank","brankas_bdo","grab_pay","dob","card","paymaya","dob_ubp"],"payment_method_used":"gcash","reference_number":null,"send_email_receipt":false,"show_description":true,"show_line_items":true,"status":"active","success_url":"http://localhost:8000/success","created_at":1738116495,"updated_at":1738116495,"metadata":null}}} 
[2025-01-29 02:08:56] local.INFO: Payment Status: {"status":"paid"} 
[2025-01-29 02:08:56] local.INFO: Guest Info: {"firstName":"Carl","lastName":"Bergado","gender":"male","birthdate":"2003-01-08","email":"carlbergado67.5@gmail.com","phone":"9205357783","address":"Nuvista San Jose","specialRequests":null} 
[2025-01-29 02:08:56] local.ERROR: PayMongo Success Error: {"error":"SQLSTATE[42S22]: [Microsoft][ODBC Driver 17 for SQL Server][SQL Server]Invalid column name 'special_requests'. (Connection: sqlsrv, SQL: insert into [guests] ([email], [first_name], [last_name], [gender], [birthdate], [phone], [address], [special_requests], [updated_at], [created_at]) values (carlbergado67.5@gmail.com, Carl, Bergado, male, 2003-01-08, 9205357783, Nuvista San Jose, ?, 2025-01-29 02:08:56.481, 2025-01-29 02:08:56.481))"} 
[2025-01-29 02:13:38] local.INFO: Incoming Booking Data:  
[2025-01-29 02:13:38] local.INFO: Incoming Booking Data: {"checkInDate":"2025-01-30","checkOutDate":"2025-01-31","adults":"1","children":"0","bookings":[{"id":"6","name":"Kubo with room","price":"1800","details":"A cozy kubo with a room, perfect for small families or groups."}],"totalPrice":1800,"guestInfo":{"firstName":"Carl","lastName":"Bergado","gender":"male","birthdate":"2003-01-29","email":"carlbergado67.5@gmail.com","phone":"9205357783","address":"Nuvista San Jose","specialRequests":null}} 
[2025-01-29 02:13:38] local.INFO: Validated Data: {"totalPrice":1800,"checkInDate":"2025-01-30","checkOutDate":"2025-01-31","adults":"1","children":"0","guestInfo":{"firstName":"Carl","lastName":"Bergado","gender":"male","birthdate":"2003-01-29","email":"carlbergado67.5@gmail.com","phone":"9205357783","address":"Nuvista San Jose","specialRequests":null},"bookings":[{"id":"6","name":"Kubo with room","price":"1800","details":"A cozy kubo with a room, perfect for small families or groups."}]} 
[2025-01-29 02:13:38] local.INFO: PayMongo Request Data: {"data":{"attributes":{"line_items":[{"currency":"PHP","amount":180000,"description":"A cozy kubo with a room, perfect for small families or groups.","name":"Kubo with room","quantity":1}],"payment_method_types":["card","gcash","paymaya","grab_pay","dob","dob_ubp","brankas_bdo","brankas_landbank","brankas_metrobank"],"success_url":"http://localhost:8000/success","cancel_url":"http://localhost:8000/cancel","description":"Online Booking"}}} 
[2025-01-29 02:13:38] local.INFO: PayMongo API Response: {"data":{"id":"cs_TPPj1B2XdHwYp1oLCL5sqNdo","type":"checkout_session","attributes":{"billing":{"address":{"city":null,"country":null,"line1":null,"line2":null,"postal_code":null,"state":null},"email":null,"name":null,"phone":null},"billing_information_fields_editable":"enabled","cancel_url":"http://localhost:8000/cancel","checkout_url":"https://checkout.paymongo.com/cs_TPPj1B2XdHwYp1oLCL5sqNdo_client_EXxbtSnkZKfTJsaQwVQMsSbm#cGtfdGVzdF9KUVhlR25UcTlMOVcyOEVwNUtrdjRTZkw=","client_key":"cs_TPPj1B2XdHwYp1oLCL5sqNdo_client_EXxbtSnkZKfTJsaQwVQMsSbm","customer_email":null,"description":"Online Booking","line_items":[{"amount":180000,"currency":"PHP","description":"A cozy kubo with a room, perfect for small families or groups.","images":[],"name":"Kubo with room","quantity":1}],"livemode":false,"merchant":"Hacienda JenSen Farm Resort","payments":[],"payment_intent":{"id":"pi_UhEpPqB1ARJpVxZ7ouNF9mDU","type":"payment_intent","attributes":{"amount":180000,"capture_type":"automatic","client_key":"pi_UhEpPqB1ARJpVxZ7ouNF9mDU_client_eYKss6rMLmVQ9pfSNWDwpRAA","currency":"PHP","description":"Online Booking","livemode":false,"original_amount":180000,"statement_descriptor":"Hacienda JenSen Farm Resort","status":"awaiting_payment_method","last_payment_error":null,"payment_method_allowed":["paymaya","gcash","brankas","dob","grab_pay","card"],"payments":[],"next_action":null,"payment_method_options":{"card":{"request_three_d_secure":"any"}},"metadata":null,"setup_future_usage":null,"created_at":1738116818,"updated_at":1738116818}},"payment_method_types":["card","gcash","dob","brankas_landbank","brankas_metrobank","brankas_bdo","paymaya","dob_ubp","grab_pay"],"reference_number":null,"send_email_receipt":false,"show_description":true,"show_line_items":true,"status":"active","success_url":"http://localhost:8000/success","created_at":1738116818,"updated_at":1738116818,"metadata":null}}} 
[2025-01-29 02:13:53] local.INFO: PayMongo Success Response: {"data":{"id":"cs_TPPj1B2XdHwYp1oLCL5sqNdo","type":"checkout_session","attributes":{"billing":{"address":{"city":null,"country":null,"line1":null,"line2":null,"postal_code":null,"state":null},"email":null,"name":null,"phone":null},"billing_information_fields_editable":"enabled","cancel_url":"http://localhost:8000/cancel","checkout_url":"https://checkout.paymongo.com/cs_TPPj1B2XdHwYp1oLCL5sqNdo_client_EXxbtSnkZKfTJsaQwVQMsSbm#cGtfdGVzdF9KUVhlR25UcTlMOVcyOEVwNUtrdjRTZkw=","client_key":"cs_TPPj1B2XdHwYp1oLCL5sqNdo_client_EXxbtSnkZKfTJsaQwVQMsSbm","customer_email":null,"description":"Online Booking","line_items":[{"amount":180000,"currency":"PHP","description":"A cozy kubo with a room, perfect for small families or groups.","images":[],"name":"Kubo with room","quantity":1}],"livemode":false,"merchant":"Hacienda JenSen Farm Resort","origin":null,"paid_at":1738116828,"payments":[{"id":"pay_fTVA157dwEWwCf6sdsNoka7t","type":"payment","attributes":{"access_url":null,"amount":180000,"balance_transaction_id":"bal_txn_qemoC6m4xzcL4jXRYeXCo4Y8","billing":{"address":{"city":"","country":"","line1":"","line2":"","postal_code":"","state":""},"email":"carlbergado67.5@gmail.com","name":"Chirs","phone":"9205357783"},"currency":"PHP","description":"Online Booking","disputed":false,"external_reference_number":null,"fee":4500,"instant_settlement":null,"livemode":false,"net_amount":175500,"origin":"api","payment_intent_id":"pi_UhEpPqB1ARJpVxZ7ouNF9mDU","payout":null,"source":{"id":"src_Q99ZDMXTZiSuHxeMPEr9reJr","type":"gcash"},"statement_descriptor":"Hacienda JenSen Farm Resort","status":"paid","tax_amount":null,"metadata":null,"promotion":null,"refunds":[],"taxes":[],"available_at":1738573200,"created_at":1738116828,"credited_at":1738746000,"paid_at":1738116828,"updated_at":1738116829}}],"payment_intent":{"id":"pi_UhEpPqB1ARJpVxZ7ouNF9mDU","type":"payment_intent","attributes":{"amount":180000,"capture_type":"automatic","client_key":"pi_UhEpPqB1ARJpVxZ7ouNF9mDU_client_eYKss6rMLmVQ9pfSNWDwpRAA","currency":"PHP","description":"Online Booking","livemode":false,"original_amount":180000,"statement_descriptor":"Hacienda JenSen Farm Resort","status":"succeeded","last_payment_error":null,"payment_method_allowed":["paymaya","gcash","brankas","dob","grab_pay","card"],"payments":[{"id":"pay_fTVA157dwEWwCf6sdsNoka7t","type":"payment","attributes":{"access_url":null,"amount":180000,"balance_transaction_id":"bal_txn_qemoC6m4xzcL4jXRYeXCo4Y8","billing":{"address":"Over 9 levels deep, aborting normalization","email":"Over 9 levels deep, aborting normalization","name":"Over 9 levels deep, aborting normalization","phone":"Over 9 levels deep, aborting normalization"},"currency":"PHP","description":"Online Booking","disputed":false,"external_reference_number":null,"fee":4500,"instant_settlement":null,"livemode":false,"net_amount":175500,"origin":"api","payment_intent_id":"pi_UhEpPqB1ARJpVxZ7ouNF9mDU","payout":null,"source":{"id":"Over 9 levels deep, aborting normalization","type":"Over 9 levels deep, aborting normalization"},"statement_descriptor":"Hacienda JenSen Farm Resort","status":"paid","tax_amount":null,"metadata":null,"promotion":null,"refunds":[],"taxes":[],"available_at":1738573200,"created_at":1738116828,"credited_at":1738746000,"paid_at":1738116828,"updated_at":1738116829}}],"next_action":null,"payment_method_options":{"card":{"request_three_d_secure":"any"}},"metadata":null,"setup_future_usage":null,"created_at":1738116818,"updated_at":1738116829}},"payment_method_types":["card","gcash","dob","brankas_landbank","brankas_metrobank","brankas_bdo","paymaya","dob_ubp","grab_pay"],"payment_method_used":"gcash","reference_number":null,"send_email_receipt":false,"show_description":true,"show_line_items":true,"status":"active","success_url":"http://localhost:8000/success","created_at":1738116818,"updated_at":1738116818,"metadata":null}}} 
[2025-01-29 02:13:53] local.INFO: Payment Status: {"status":"paid"} 
[2025-01-29 02:13:53] local.INFO: Guest Info: {"firstName":"Carl","lastName":"Bergado","gender":"male","birthdate":"2003-01-29","email":"carlbergado67.5@gmail.com","phone":"9205357783","address":"Nuvista San Jose","specialRequests":null} 
[2025-01-29 02:13:53] local.ERROR: PayMongo Success Error: {"error":"SQLSTATE[42S22]: [Microsoft][ODBC Driver 17 for SQL Server][SQL Server]Invalid column name 'special_requests'. (Connection: sqlsrv, SQL: insert into [guests] ([email], [first_name], [last_name], [gender], [birthdate], [phone], [address], [special_requests], [updated_at], [created_at]) values (carlbergado67.5@gmail.com, Carl, Bergado, male, 2003-01-29, 9205357783, Nuvista San Jose, ?, 2025-01-29 02:13:53.822, 2025-01-29 02:13:53.822))"} 
[2025-01-29 02:15:21] local.INFO: Incoming Booking Data:  
[2025-01-29 02:15:58] local.INFO: Incoming Booking Data: {"checkInDate":"2025-01-30","checkOutDate":"2025-01-31","adults":"1","children":"0","bookings":[{"id":"6","name":"Kubo with room","price":"1800","details":"A cozy kubo with a room, perfect for small families or groups."}],"totalPrice":1800,"guestInfo":{"firstName":"Carl","lastName":"Daulo","gender":"male","birthdate":"2003-01-15","email":"carlbergado67.2@gmail.com","phone":"9205357783","address":"Nuvista San Jose","specialRequests":null}} 
[2025-01-29 02:15:58] local.INFO: Validated Data: {"totalPrice":1800,"checkInDate":"2025-01-30","checkOutDate":"2025-01-31","adults":"1","children":"0","guestInfo":{"firstName":"Carl","lastName":"Daulo","gender":"male","birthdate":"2003-01-15","email":"carlbergado67.2@gmail.com","phone":"9205357783","address":"Nuvista San Jose","specialRequests":null},"bookings":[{"id":"6","name":"Kubo with room","price":"1800","details":"A cozy kubo with a room, perfect for small families or groups."}]} 
[2025-01-29 02:15:58] local.INFO: PayMongo Request Data: {"data":{"attributes":{"line_items":[{"currency":"PHP","amount":180000,"description":"A cozy kubo with a room, perfect for small families or groups.","name":"Kubo with room","quantity":1}],"payment_method_types":["card","gcash","paymaya","grab_pay","dob","dob_ubp","brankas_bdo","brankas_landbank","brankas_metrobank"],"success_url":"http://localhost:8000/success","cancel_url":"http://localhost:8000/cancel","description":"Online Booking"}}} 
[2025-01-29 02:15:59] local.INFO: PayMongo API Response: {"data":{"id":"cs_ea5mJ67gdySjtWn8wdLzVoJu","type":"checkout_session","attributes":{"billing":{"address":{"city":null,"country":null,"line1":null,"line2":null,"postal_code":null,"state":null},"email":null,"name":null,"phone":null},"billing_information_fields_editable":"enabled","cancel_url":"http://localhost:8000/cancel","checkout_url":"https://checkout.paymongo.com/cs_ea5mJ67gdySjtWn8wdLzVoJu_client_dqL2uLtEvcxYPen2GjGoi9ZL#cGtfdGVzdF9KUVhlR25UcTlMOVcyOEVwNUtrdjRTZkw=","client_key":"cs_ea5mJ67gdySjtWn8wdLzVoJu_client_dqL2uLtEvcxYPen2GjGoi9ZL","customer_email":null,"description":"Online Booking","line_items":[{"amount":180000,"currency":"PHP","description":"A cozy kubo with a room, perfect for small families or groups.","images":[],"name":"Kubo with room","quantity":1}],"livemode":false,"merchant":"Hacienda JenSen Farm Resort","payments":[],"payment_intent":{"id":"pi_1VQ3P9Hb2cnzxNGpZmAa2whJ","type":"payment_intent","attributes":{"amount":180000,"capture_type":"automatic","client_key":"pi_1VQ3P9Hb2cnzxNGpZmAa2whJ_client_qNGxeq88g3ewSSRe73ASeZgj","currency":"PHP","description":"Online Booking","livemode":false,"original_amount":180000,"statement_descriptor":"Hacienda JenSen Farm Resort","status":"awaiting_payment_method","last_payment_error":null,"payment_method_allowed":["gcash","grab_pay","card","dob","paymaya","brankas"],"payments":[],"next_action":null,"payment_method_options":{"card":{"request_three_d_secure":"any"}},"metadata":null,"setup_future_usage":null,"created_at":1738116958,"updated_at":1738116958}},"payment_method_types":["card","brankas_metrobank","brankas_landbank","brankas_bdo","paymaya","grab_pay","dob","dob_ubp","gcash"],"reference_number":null,"send_email_receipt":false,"show_description":true,"show_line_items":true,"status":"active","success_url":"http://localhost:8000/success","created_at":1738116958,"updated_at":1738116958,"metadata":null}}} 
[2025-01-29 02:15:59] local.INFO: Incoming Booking Data:  
[2025-01-29 02:16:20] local.INFO: PayMongo Success Response: {"data":{"id":"cs_ea5mJ67gdySjtWn8wdLzVoJu","type":"checkout_session","attributes":{"billing":{"address":{"city":null,"country":null,"line1":null,"line2":null,"postal_code":null,"state":null},"email":null,"name":null,"phone":null},"billing_information_fields_editable":"enabled","cancel_url":"http://localhost:8000/cancel","checkout_url":"https://checkout.paymongo.com/cs_ea5mJ67gdySjtWn8wdLzVoJu_client_dqL2uLtEvcxYPen2GjGoi9ZL#cGtfdGVzdF9KUVhlR25UcTlMOVcyOEVwNUtrdjRTZkw=","client_key":"cs_ea5mJ67gdySjtWn8wdLzVoJu_client_dqL2uLtEvcxYPen2GjGoi9ZL","customer_email":null,"description":"Online Booking","line_items":[{"amount":180000,"currency":"PHP","description":"A cozy kubo with a room, perfect for small families or groups.","images":[],"name":"Kubo with room","quantity":1}],"livemode":false,"merchant":"Hacienda JenSen Farm Resort","origin":null,"paid_at":1738116976,"payments":[{"id":"pay_4d56VcbzXRt7As8FYdri6zCJ","type":"payment","attributes":{"access_url":null,"amount":180000,"balance_transaction_id":"bal_txn_b2hCw6QvwKiidcUc6c8YnnwP","billing":{"address":{"city":"","country":"","line1":"","line2":"","postal_code":"","state":""},"email":"carlbergado67.5@gmail.com","name":"Chirs","phone":"9205357783"},"currency":"PHP","description":"Online Booking","disputed":false,"external_reference_number":null,"fee":4500,"instant_settlement":null,"livemode":false,"net_amount":175500,"origin":"api","payment_intent_id":"pi_1VQ3P9Hb2cnzxNGpZmAa2whJ","payout":null,"source":{"id":"src_6pYdh7XgsBw1i1BCyhdPQ2D2","type":"gcash"},"statement_descriptor":"Hacienda JenSen Farm Resort","status":"paid","tax_amount":null,"metadata":null,"promotion":null,"refunds":[],"taxes":[],"available_at":1738573200,"created_at":1738116976,"credited_at":1738746000,"paid_at":1738116976,"updated_at":1738116976}}],"payment_intent":{"id":"pi_1VQ3P9Hb2cnzxNGpZmAa2whJ","type":"payment_intent","attributes":{"amount":180000,"capture_type":"automatic","client_key":"pi_1VQ3P9Hb2cnzxNGpZmAa2whJ_client_qNGxeq88g3ewSSRe73ASeZgj","currency":"PHP","description":"Online Booking","livemode":false,"original_amount":180000,"statement_descriptor":"Hacienda JenSen Farm Resort","status":"succeeded","last_payment_error":null,"payment_method_allowed":["gcash","grab_pay","card","dob","paymaya","brankas"],"payments":[{"id":"pay_4d56VcbzXRt7As8FYdri6zCJ","type":"payment","attributes":{"access_url":null,"amount":180000,"balance_transaction_id":"bal_txn_b2hCw6QvwKiidcUc6c8YnnwP","billing":{"address":"Over 9 levels deep, aborting normalization","email":"Over 9 levels deep, aborting normalization","name":"Over 9 levels deep, aborting normalization","phone":"Over 9 levels deep, aborting normalization"},"currency":"PHP","description":"Online Booking","disputed":false,"external_reference_number":null,"fee":4500,"instant_settlement":null,"livemode":false,"net_amount":175500,"origin":"api","payment_intent_id":"pi_1VQ3P9Hb2cnzxNGpZmAa2whJ","payout":null,"source":{"id":"Over 9 levels deep, aborting normalization","type":"Over 9 levels deep, aborting normalization"},"statement_descriptor":"Hacienda JenSen Farm Resort","status":"paid","tax_amount":null,"metadata":null,"promotion":null,"refunds":[],"taxes":[],"available_at":1738573200,"created_at":1738116976,"credited_at":1738746000,"paid_at":1738116976,"updated_at":1738116976}}],"next_action":null,"payment_method_options":{"card":{"request_three_d_secure":"any"}},"metadata":null,"setup_future_usage":null,"created_at":1738116958,"updated_at":1738116976}},"payment_method_types":["card","brankas_metrobank","brankas_landbank","brankas_bdo","paymaya","grab_pay","dob","dob_ubp","gcash"],"payment_method_used":"gcash","reference_number":null,"send_email_receipt":false,"show_description":true,"show_line_items":true,"status":"active","success_url":"http://localhost:8000/success","created_at":1738116958,"updated_at":1738116958,"metadata":null}}} 
[2025-01-29 02:16:20] local.INFO: Payment Status: {"status":"paid"} 
[2025-01-29 02:16:20] local.INFO: Guest Info: {"firstName":"Carl","lastName":"Daulo","gender":"male","birthdate":"2003-01-15","email":"carlbergado67.2@gmail.com","phone":"9205357783","address":"Nuvista San Jose","specialRequests":null} 
[2025-01-29 02:16:20] local.INFO: Guest created: {"guest":{"App\\Models\\Guest":{"email":"carlbergado67.2@gmail.com","first_name":"Carl","last_name":"Daulo","gender":"male","birthdate":"2003-01-15","phone":"9205357783","address":"Nuvista San Jose","updated_at":"2025-01-29T02:16:20.949000Z","created_at":"2025-01-29T02:16:20.949000Z","guest_id":1}}} 
[2025-01-29 02:16:20] local.ERROR: Guest creation failed. Guest ID is NULL. {"guest":{"App\\Models\\Guest":{"guest_id":1,"first_name":"Carl","last_name":"Daulo","birthdate":"2003-01-15","gender":"male","email":"carlbergado67.2@gmail.com","phone":"9205357783","address":"Nuvista San Jose","specialRequests":null,"created_at":"2025-01-29T02:16:20.950000Z","updated_at":"2025-01-29T02:16:20.950000Z"}}} 
[2025-01-29 02:16:20] local.ERROR: PayMongo Success Error: {"error":"Guest creation failed. Guest ID is NULL."} 
